word,freq,mean_tf,variance,cv,doc_freq
the,226754843,4724059.229166667,21088276267622.676,0.9720871610159907,48
and,143043039,2980063.3125,9667315205925.213,1.043343821689565,48
of,142595483,2970739.2291666665,9253947799684.053,1.023997724310287,48
be,123311726,2568994.2916666665,7007635260688.915,1.0304397542019317,48
in,98981862,2062122.125,4642617420784.692,1.0448815638137978,48
a,86128769,1794349.3541666667,3373512007809.687,1.0236090747859714,48
to,74333943,1548623.8125,2621221856594.4023,1.045456476468821,48
with,38276953,797436.5208333334,737346480900.9579,1.0768114984769346,48
for,37089181,772691.2708333334,597318433873.9058,1.0002232671351954,48
that,31215271,650318.1458333334,528439641727.2078,1.117819862786964,48
al,29109163,606440.8958333334,714193720909.5933,1.393540301729698,48
et,28908682,602264.2083333334,710487295070.3733,1.399558652968628,48
by,24753971,515707.7291666667,306268832542.69745,1.073118695570674,48
this,20119772,419161.9166666667,185750979443.9514,1.02821453460183,48
on,19955073,415730.6875,197574650685.46484,1.0691866510668133,48
have,19077185,397441.3541666667,176484991489.56207,1.0570142330584649,48
study,17815683,371160.0625,167295857759.8086,1.101999391750962,48
use,16758854,349142.7916666667,124636424644.28992,1.0111589051656626,48
or,16683830,347579.7916666667,140744085577.28992,1.079345681663268,48
from,16181675,337118.2291666667,122139152759.13496,1.0366811804340612,48
figure,15622207,325462.6458333333,141687478929.02042,1.1565504601900265,48
cell,15611494,325239.4583333333,696991658632.4567,2.5669095232660677,48
at,13391758,278994.9583333333,86070371077.78995,1.0515513430149734,48
s,13247918,275998.2916666667,85365555486.28992,1.0586074387140718,48
it,12696492,264510.25,73149107487.39583,1.0224969230741396,48
p,11595992,241583.16666666666,70445640648.22223,1.0986526101465013,48
an,11028558,229761.625,57547296649.609375,1.044082867300947,48
not,10570294,220214.45833333334,59758368995.74827,1.1100781089709166,48
which,10261101,213772.9375,49241251162.01693,1.0380345638736015,48
we,10115969,210749.35416666666,53664466814.06207,1.0992011066719756,48
patient,10052894,209435.29166666666,127250472746.16493,1.7032556424581413,48
c,9874680,205722.5,74830263036.375,1.3297097174035113,48
analysis,9518870,198309.79166666666,47991494712.12327,1.1046837865436516,48
high,9517519,198281.64583333334,43493538579.937065,1.0517919831934532,48
between,9386581,195553.77083333334,45781284411.00998,1.0941523352298148,48
show,9354364,194882.58333333334,43730018050.15972,1.0730421959991636,48
these,9137673,190368.1875,41625410352.31901,1.0717287692057458,48
data,8922694,185889.45833333334,29069883941.331593,0.9172059999500033,48
can,8894825,185308.85416666666,33767536619.49957,0.9916388181751887,48
group,8598449,179134.35416666666,42640657632.22873,1.152744515771909,48
result,8479172,176649.41666666666,32719150830.493057,1.0239737046981854,48
b,8464945,176353.02083333334,67862387185.77041,1.4771740275314638,48
model,7841939,163373.72916666666,24115548978.07249,0.9505311506684828,48
their,7757093,161606.10416666666,47517473525.75999,1.348866316854073,48
also,7535333,156986.10416666666,29325670236.38499,1.0908442867601578,48
t,7425013,154687.77083333334,78620682365.96832,1.812643606013453,48
level,7382432,153800.66666666666,31777299449.76389,1.1590449399171656,48
effect,7090311,147714.8125,36707614276.94401,1.2970419786239054,48
may,6959383,144987.14583333334,24368526447.37456,1.0766762510250851,48
table,6858660,142888.75,22084878865.354168,1.040038637690744,48
all,6804181,141753.77083333334,21012728442.926647,1.0226019192112672,48
e,6785805,141370.9375,23727105464.85026,1.089587826238962,48
increase,6621121,137940.02083333334,19893656876.603733,1.0225087291412398,48
include,6519788,135828.91666666666,19890882399.20139,1.0383285317742619,48
gene,6481459,135030.39583333334,73425315020.82248,2.006741205981287,48
m,6225691,129701.89583333333,21242448317.718315,1.123714438224168,48
more,6137522,127865.04166666667,24955326763.456593,1.2354631774676006,48
i,5832826,121517.20833333333,15253043036.998262,1.0163433831987954,48
such,5748308,119756.41666666667,15936080660.284723,1.0541246448013901,48
g,5657635,117867.39583333333,19905261546.822483,1.1969892659873387,48
research,5652605,117762.60416666667,20900159605.15581,1.227629738455212,48
d,5572148,116086.41666666667,15217470011.534723,1.0626489602132936,48
time,5553632,115700.66666666667,12725273266.430555,0.9749844681313307,48
base,5403918,112581.625,11441781316.234375,0.9501218561563258,48
h,5360983,111687.14583333333,20297733822.666233,1.2756178383769246,48
n,5321264,110859.66666666667,13638980582.847221,1.0534583919799363,48
other,5311904,110664.66666666667,14576434246.430555,1.0909796975743034,48
expression,5303712,110494.0,44028071724.25,1.899005125274489,48
low,5286748,110140.58333333333,12008429212.118057,0.9949373368479624,48
treatment,5245106,109273.04166666667,26416870705.164932,1.4873995756735536,48
than,5167247,107650.97916666667,13780310339.7704,1.0904644572664755,48
after,5127900,106831.25,15134639692.6875,1.1515630814383948,48
different,5115664,106576.33333333333,13969258305.888891,1.108985580619034,48
sample,5082355,105882.39583333333,16897446031.44748,1.227684504584668,48
significant,5037441,104946.6875,13756919609.548178,1.1176140799934768,48
two,5004568,104261.83333333333,13066054488.805557,1.0963440784004614,48
control,4952657,103180.35416666667,14196111550.3954,1.154749246125603,48
factor,4857057,101188.6875,14955197963.88151,1.208548601977689,48
protein,4817923,100373.39583333333,27526627405.40581,1.6529430270192225,48
test,4765483,99280.89583333333,11960351931.468317,1.1015552691191681,48
our,4691192,97733.16666666667,10705745701.013887,1.058684344563662,48
no,4638426,96633.875,10052192612.276041,1.0375308186543977,48
both,4619200,96233.33333333333,10991214963.305557,1.0894249611972298,48
value,4617570,96199.375,8179320552.151042,0.9401266500128348,48
each,4604168,95920.16666666667,10735560065.972223,1.0801956608470977,48
find,4561064,95022.16666666667,11272840486.722221,1.117356480015842,48
one,4547368,94736.83333333333,12245102386.888887,1.1680524547818234,48
compare,4427806,92245.95833333333,9979732013.331598,1.0829591937747363,48
however,4346004,90541.75,8718700516.5625,1.0312809506205678,48
do,4335832,90329.83333333333,11402541686.347223,1.1821419397482877,48
response,4273632,89034.0,22922288377.416668,1.7004861565894824,48
during,4258947,88728.0625,7393511428.058594,0.969090588912688,48
but,4240059,88334.5625,9535257476.954428,1.1054409533723488,48
author,4169371,86861.89583333333,7283806538.30165,0.9825392245401613,48
disease,4130286,86047.625,15006721904.526041,1.4236526124431665,48
l,4107450,85571.875,13405896118.276041,1.3530594436444723,48
into,4106453,85551.10416666667,7903442458.593316,1.0391602571645753,48
report,4068578,84762.04166666667,8831891487.78993,1.1087291176901108,48
r,4020095,83751.97916666667,7381856656.062065,1.0258591231155707,48
change,4006878,83476.625,5945537557.026042,0.9236994422768141,48
provide,3956266,82422.20833333333,7125534154.331597,1.0241521161041451,48
method,3931025,81896.35416666667,5174366824.103732,0.8783427854673114,48
could,3913161,81524.1875,7495865558.652344,1.06199975166414,48
system,3889809,81037.6875,5159488569.381511,0.8863725293812891,48
activity,3879168,80816.0,8862919350.25,1.164906443545073,48
associate,3860956,80436.58333333333,9962691476.32639,1.2408941171945675,48
indicate,3830182,79795.45833333333,8145472567.539932,1.131045221104162,48
while,3828293,79756.10416666667,6495610501.718315,1.0105226579824398,48
difference,3758856,78309.5,7673555405.333333,1.118623311532297,48
well,3748505,78093.85416666667,8146896025.416232,1.1557907908004346,48
those,3691059,76897.0625,6293014258.350261,1.031619655044031,48
risk,3680645,76680.10416666667,9803003627.093315,1.2912100196998881,48
number,3671208,76483.5,6761951504.958333,1.075148051557934,48
present,3661680,76285.0,7178239471.125,1.1106310751267745,48
potential,3638898,75810.375,6223910000.151042,1.04064597087822,48
significantly,3630684,75639.25,8090498998.604167,1.1891604051018403,48
review,3598520,74969.16666666667,6474285139.013888,1.07328047278785,48
when,3594394,74883.20833333333,7953820291.789931,1.1909771902821875,48
process,3592042,74834.20833333333,6427124506.373264,1.0712928045370556,48
follow,3578995,74562.39583333333,6154738631.73915,1.0521676701100633,48
participant,3555219,74067.0625,25566229197.933594,2.158779166060138,48
only,3548496,73927.0,6283641822.791667,1.0722662291623526,48
clinical,3546252,73880.25,12177413245.645834,1.493651109350497,48
function,3526171,73461.89583333333,6927490735.634983,1.1329893950587315,48
support,3497340,72861.25,8655221026.770834,1.2768575939658915,48
they,3489193,72691.52083333333,11975001129.416231,1.505407330141462,48
through,3471848,72330.16666666667,6100059020.597221,1.0798105161121145,48
there,3409594,71033.20833333333,5740003074.123264,1.0665829372621138,48
type,3366816,70142.0,6965230553.916667,1.189842844574005,48
article,3362618,70054.54166666667,4790921314.41493,0.9880370333772448,48
identify,3357110,69939.79166666667,6590276375.414929,1.1607200319189666,48
health,3320931,69186.0625,28630368154.891926,2.4456530788066093,48
f,3316932,69102.75,5587726418.479167,1.0817383741838844,48
age,3316700,69097.91666666667,8136704897.368056,1.3054472545635456,48
most,3315946,69082.20833333333,5017017162.164931,1.0253132771181523,48
cancer,3308335,68923.64583333333,36859570642.10374,2.7855239308082638,48
role,3307415,68904.47916666667,8938493204.0829,1.3720966462505506,48
condition,3305136,68857.0,7154556562.958333,1.2284097747034806,48
write,3257910,67873.125,5417972557.526042,1.084477522820987,48
supplementary,3257900,67872.91666666667,8615952336.659721,1.3675875282875942,48
suggest,3225105,67189.6875,6328383394.464844,1.1839783743275492,48
non,3223010,67146.04166666667,5171506054.706597,1.0709966271399431,48
year,3176936,66186.16666666667,5641683586.513889,1.1348465297700607,48
tumor,3173338,66111.20833333333,43486408669.9566,3.1542904166774797,48
three,3152632,65679.83333333333,5587909664.263889,1.1381320313884322,48
v,3151464,65655.5,5149039340.458333,1.0929291061326754,48
rate,3136449,65342.6875,4135250202.4648438,0.9841332452157804,48
cd,3135766,65328.458333333336,76784921045.28993,4.241657146049625,48
specific,3082454,64217.791666666664,7167939356.831596,1.3183836070340258,48
first,3074311,64048.145833333336,4966905629.9579,1.1003640488765563,48
individual,3034624,63221.333333333336,10084822055.597221,1.5884387346750737,48
perform,3013912,62789.833333333336,4992291371.472222,1.125280082893474,48
development,2979920,62081.666666666664,4612754524.638889,1.0939986954785494,48
mouse,2919368,60820.166666666664,21047947679.76389,2.385378342443288,48
among,2891351,60236.479166666664,5721839347.874566,1.255764641923581,48
measure,2885147,60107.229166666664,5896387700.176648,1.2775158807688625,48
relate,2883780,60078.75,5087700856.270833,1.1872437605021509,48
score,2875611,59908.5625,7155764563.871094,1.412014390088602,48
target,2872565,59845.104166666664,7848120700.134983,1.4803152376360995,48
within,2869996,59791.583333333336,3601902936.8680553,1.0037509021565807,48
observe,2865384,59695.5,4420117515.166667,1.113718192259863,48
pathway,2863115,59648.229166666664,10128825884.634981,1.6872599500702525,48
day,2838992,59145.666666666664,5201426821.305556,1.2193778871901457,48
reduce,2831765,58995.104166666664,4182137268.9266496,1.096183269631553,48
human,2775247,57817.645833333336,6113827634.0204,1.3523720635548513,48
case,2754651,57388.5625,3788511771.8294272,1.072528827687149,48
relationship,2753728,57369.333333333336,7462864776.430557,1.505819729693204,48
mean,2718442,56634.208333333336,3764851785.581597,1.08341565756478,48
signal,2711095,56481.145833333336,7432622464.124565,1.5263971207247127,48
represent,2702977,56312.020833333336,3292355266.1037326,1.0189484974602194,48
conduct,2685353,55944.854166666664,3725777058.4995666,1.0910591254047637,48
make,2684767,55932.645833333336,3900279010.9370666,1.1165610510440995,48
lead,2679189,55816.4375,3454214261.5794272,1.0529615733833948,48
any,2671284,55651.75,3028305889.5625,0.9888286592050075,48
under,2669892,55622.75,6649898548.979167,1.4660711689553103,48
total,2653727,55285.979166666664,3627570279.228733,1.0894138989072537,48
immune,2620454,54592.791666666664,33634996744.12326,3.359389743601583,48
mechanism,2530948,52728.083333333336,4340670228.701389,1.2495004340686358,48
due,2529797,52704.104166666664,2248855253.8433166,0.899779958945303,48
tissue,2504756,52182.416666666664,7629815102.618054,1.6739127546903407,48
area,2491502,51906.291666666664,2889013994.331598,1.0355112464546008,48
state,2476145,51586.354166666664,2473348295.8537326,0.9640683013359732,48
positive,2471514,51489.875,5871081570.067708,1.4881174852686787,48
finding,2462856,51309.5,4164079070.1666665,1.2576555196924875,48
stress,2459084,51230.916666666664,8814722366.284723,1.8326190314048914,48
plant,2449547,51032.229166666664,53927790783.301636,4.550527834918522,48
region,2442995,50895.729166666664,2536774428.239149,0.9895997680830185,48
population,2433345,50694.6875,3814251654.5065103,1.218266273578079,48
demonstrate,2429208,50608.5,3538697934.5833335,1.175434087231916,48
term,2418888,50393.5,2565206176.6666665,1.00504756531668,48
material,2413097,50272.854166666664,2475228308.9578996,0.989632819112287,48
some,2404938,50102.875,2964461684.5677085,1.0867015174630146,48
work,2358428,49133.916666666664,6222206744.993054,1.6054280021048921,48
involve,2353091,49022.729166666664,3249163379.7391496,1.1627551975696317,48
k,2315101,48231.270833333336,2547684818.9058156,1.0465118356917493,48
induce,2303109,47981.4375,7906054071.246094,1.8531331926528474,48
express,2265931,47206.895833333336,5071033854.384983,1.50849130536849,48
consider,2259477,47072.4375,2201514036.1627603,0.9967678963318815,48
evaluate,2259310,47068.958333333336,2318096452.373264,1.022895254894098,48
interaction,2238056,46626.166666666664,3558286694.180556,1.2793540743742926,48
concentration,2233124,46523.416666666664,4588993902.034722,1.4560863767694368,48
sequence,2230393,46466.520833333336,9293982504.166231,2.0747260946167416,48
large,2227218,46400.375,1610815457.1510417,0.8649707145308431,48
il,2221810,46287.708333333336,27780481747.49826,3.6008431693819762,48
acid,2214964,46145.083333333336,6657314329.534722,1.7681703220445208,48
improve,2210647,46055.145833333336,2126739153.707899,1.0013339739665352,48
decrease,2198078,45793.291666666664,2358332268.831598,1.0604754878622977,48
therefore,2193802,45704.208333333336,2310885426.998264,1.0517996360777955,48
approach,2192091,45668.5625,1945294940.1627605,0.9657737277166231,48
need,2187214,45566.958333333336,3139762339.581597,1.2296976646639828,48
growth,2180263,45422.145833333336,6400592879.041233,1.7613369853056051,48
then,2163713,45077.354166666664,2430482259.3120666,1.093673805957992,48
will,2162945,45061.354166666664,2451452616.3537326,1.098771820452102,48
important,2159571,44991.0625,2494692406.8502603,1.1101515077136546,48
respectively,2150506,44802.208333333336,2753841730.706597,1.1713051887820118,48
as,2143452,44655.25,2295742573.2708335,1.072973680172586,48
variable,2130270,44380.625,4407563163.734375,1.495911353690828,48
impact,2118024,44125.5,2597027350.8333335,1.1549112775176813,48
x,2110417,43967.020833333336,1587996812.0620658,0.9063538292002276,48
image,2106648,43888.5,2279370553.2916665,1.0878192222321135,48
range,2099434,43738.208333333336,1700612797.2482636,0.942848105036939,48
infection,2089868,43538.916666666664,11121265039.534723,2.4221413100168525,48
information,2082076,43376.583333333336,3495221979.243056,1.3629566427536346,48
cause,2076936,43269.5,1954067019.7083333,1.0216163874266009,48
structure,2068072,43084.833333333336,1829086736.7638886,0.9926421969448244,48
addition,2067370,43070.208333333336,2310511784.831597,1.1160332185977997,48
affect,2058599,42887.479166666664,2438676513.916233,1.1514539601544973,48
interest,2052249,42755.1875,1889706139.8190105,1.0167362824456785,48
water,2043388,42570.583333333336,5413557728.576388,1.7283503619520366,48
performance,2031559,42324.145833333336,3974744461.666233,1.4895888207520656,48
influence,2024999,42187.479166666664,3120875691.6245656,1.3242032808335764,48
specie,2021371,42111.895833333336,7969567519.884983,2.1198863765221483,48
obtain,2014327,41965.145833333336,1658846450.9162323,0.9705420517807775,48
correlation,2011103,41897.979166666664,2384663815.8537326,1.1655220776819526,48
child,2010894,41893.625,10676401861.651041,2.466405699200505,48
who,1991936,41498.666666666664,4398756944.138888,1.5981989443629072,48
over,1982582,41303.791666666664,1502707070.7899306,0.9385280207421418,48
develop,1979237,41234.104166666664,1925144924.051649,1.064082131901716,48
where,1969391,41028.979166666664,1248697749.2703996,0.8612672889140308,48
o,1967647,40992.645833333336,2498496339.0620656,1.2193641106302722,48
determine,1961808,40871.0,2141800285.6666667,1.1323331510954366,48
assess,1952647,40680.145833333336,2083574302.707899,1.1220752810644559,48
size,1947259,40567.895833333336,1442076171.6349823,0.93607709376954,48
line,1944998,40520.791666666664,2899742007.789931,1.3289289376058804,48
up,1939393,40404.020833333336,1644161214.6870658,1.0035698678968366,48
outcome,1936976,40353.666666666664,2905353815.8888893,1.3357233316091435,48
analyze,1936161,40336.6875,2122895393.673177,1.142257627645247,48
social,1933619,40283.729166666664,13168332882.197481,2.84862794755933,48
experiment,1928935,40186.145833333336,3113979370.9162326,1.388613904568223,48
thus,1926194,40129.041666666664,2215161686.7065973,1.1728539296478826,48
scale,1914253,39880.270833333336,4095941377.864149,1.6047920607257236,48
across,1913701,39868.770833333336,1942873069.1349823,1.1055779483699257,48
network,1912778,39849.541666666664,1411434478.2482638,0.9427727700190727,48
point,1912776,39849.5,1802128127.75,1.0652951652738665,48
ml,1899130,39565.208333333336,4508201853.123263,1.6970249197894358,48
further,1895948,39498.916666666664,1844734253.7847226,1.087380953274277,48
same,1881094,39189.458333333336,1944940894.2482636,1.1253404847213777,48
anti,1878666,39138.875,10324177970.026041,2.596087959578017,48
student,1875323,39069.229166666664,16395907082.259985,3.277425900732421,48
design,1862271,38797.3125,1670611257.2565105,1.0535036844611685,48
enhance,1853341,38611.270833333336,2193097340.9058156,1.2128716870987277,48
characteristic,1851679,38576.645833333336,1521555793.1037323,1.01115905904093,48
set,1851444,38571.75,1485875903.4375,0.9993599173575617,48
like,1844301,38422.9375,2072357654.766927,1.1847911198751069,48
feature,1837997,38291.604166666664,1690843474.3224828,1.0738611777576985,48
reveal,1833467,38197.229166666664,2025268232.0933163,1.1781739471609811,48
drug,1827601,38075.020833333336,6331095317.603733,2.089773782574712,48
edit,1821467,37947.229166666664,1812859122.343316,1.122023513151364,48
brain,1815774,37828.625,4009376921.234375,1.6738552056938687,48
distribution,1811615,37741.979166666664,1138275831.6037328,0.8939208908865726,48
co,1801432,37529.833333333336,2103183094.8888886,1.2219738308991244,48
min,1797846,37455.125,2178305689.7760415,1.2460864173837831,48
original,1785481,37197.520833333336,1422685757.1245658,1.0140059331971683,48
similar,1783278,37151.625,1593205254.5260417,1.0743803350893997,48
strategy,1782325,37131.770833333336,2051247031.051649,1.219728920404749,48
china,1781408,37112.666666666664,2074473350.8055553,1.2272464065180198,48
negative,1780069,37084.770833333336,3218876714.9683166,1.5298771988984272,48
form,1778645,37055.104166666664,1556794725.0099828,1.064799006436757,48
several,1775657,36992.854166666664,1520881520.7912328,1.0542166016847732,48
should,1775243,36984.229166666664,2077815608.551649,1.2325000078360795,48
quality,1772771,36932.729166666664,1860414062.7391498,1.167867050086001,48
small,1772617,36929.520833333336,1085730526.2495658,0.8922516333336543,48
university,1762753,36724.020833333336,1970879959.1870658,1.2088707281627953,48
blood,1760451,36676.0625,3214485271.1002603,1.5458701666720094,48
remain,1758039,36625.8125,1422476601.7773438,1.0297582924821485,48
inflammatory,1755988,36583.083333333336,8092062343.284721,2.4589477677052476,48
stage,1754684,36555.916666666664,2412348123.659723,1.3435762293710154,48
long,1753817,36537.854166666664,1150410540.1662328,0.9282893928390525,48
far,1745625,36367.1875,1567823188.5690105,1.0887767194546956,48
accord,1742780,36307.916666666664,1512490613.6597223,1.071136982238817,48
new,1741597,36283.270833333336,1346810965.0724823,1.0114557582928432,48
if,1736606,36179.291666666664,1815979071.498264,1.1778645735086644,48
therapy,1735639,36159.145833333336,4976490807.874566,1.9509378758205258,48
activation,1735071,36147.3125,5995368074.131511,2.142061382809538,48
early,1734201,36129.1875,1508218581.6940105,1.0749145675754124,48
previous,1730203,36045.895833333336,1658208454.7183158,1.1297015880312677,48
although,1700633,35429.854166666664,1483047807.7912328,1.0869466062480944,48
u,1699135,35398.645833333336,900445368.3120657,0.8476997122548389,48
self,1689015,35187.8125,11440470715.235678,3.0396926806204947,48
experience,1672560,34845.0,6716698561.125,2.352000773098188,48
about,1666624,34721.333333333336,2924977831.430556,1.5576321238549162,48
require,1661106,34606.375,1130189229.3177083,0.9714478077079426,48
production,1657811,34537.729166666664,3206859846.322483,1.63963133794336,48
intervention,1655180,34482.916666666664,3228460675.909723,1.6477592481517922,48
various,1654989,34478.9375,1372417970.2252605,1.0744577031405664,48
contribute,1650453,34384.4375,1449628073.079427,1.1073027318359319,48
conflict,1646412,34300.25,1367466506.5208333,1.0781050082339991,48
animal,1642113,34210.6875,2852664548.1731772,1.561218002708733,48
without,1636449,34092.6875,1158756062.673177,0.9984694285164251,48
association,1636152,34086.5,1886391258.8333333,1.274187902573812,48
behavior,1632694,34014.458333333336,7355618494.956596,2.521424907762971,48
see,1627211,33900.229166666664,2425196131.926649,1.4526828165260517,48
treat,1625818,33871.208333333336,3165513617.3732643,1.6610832654333039,48
multiple,1612694,33597.791666666664,1363889006.8315973,1.0992052188074217,48
focus,1609902,33539.625,2101457387.1510417,1.3667909402420282,48
promote,1608223,33504.645833333336,2332662003.7287326,1.4415206766469513,48
give,1603612,33408.583333333336,1455048865.8680553,1.1417755250622357,48
pattern,1599112,33314.833333333336,1246282021.8055553,1.0596697092134764,48
evidence,1597679,33284.979166666664,1554678157.603733,1.1846006293652251,48
strain,1597615,33283.645833333336,13376975637.937065,3.4749461268038067,48
describe,1594179,33212.0625,1372676504.9335938,1.1155479786215137,48
complex,1590338,33132.041666666664,1355427451.9149306,1.1111941332437139,48
receptor,1587416,33071.166666666664,5054042565.263888,2.149660773514313,48
would,1581186,32941.375,2043661962.4010417,1.3723434310652585,48
current,1564341,32590.4375,1072801561.1210938,1.0050079746477054,48
parameter,1559523,32490.0625,732526602.3919271,0.8330309816891474,48
mm,1559031,32479.8125,1681511491.5273438,1.26251459201392,48
out,1553929,32373.520833333332,1223071822.749566,1.0802792795677596,48
how,1532551,31928.145833333332,2999395294.6245666,1.715312112974581,48
content,1530459,31884.5625,3426346801.9127603,1.8358415589967638,48
publisher,1529437,31863.270833333332,959503262.2391495,0.9721490873714707,48
play,1524688,31764.333333333332,1714412200.1805553,1.3035205417395703,48
key,1522920,31727.5,1238878164.0416667,1.109375183002276,48
single,1514720,31556.666666666668,1244747224.6805556,1.1180197124639384,48
regulate,1507300,31402.083333333332,2746584735.534722,1.6689296842733907,48
post,1500118,31252.458333333332,1267081118.831597,1.1389850530955394,48
contain,1497154,31190.708333333332,2037926665.581597,1.4473349129339248,48
product,1489783,31037.145833333332,1188698384.624566,1.110846521532897,48
culture,1489468,31030.583333333332,2993038542.2430553,1.7630564378913975,48
investigate,1484524,30927.583333333332,1196639510.534722,1.118499214290068,48
temperature,1478659,30805.395833333332,1938103163.6558158,1.4290968159573585,48
four,1477064,30772.166666666668,1285489994.472222,1.1651350696249267,48
receive,1476624,30763.0,1546469729.1666667,1.2783271894106112,48
trial,1466111,30543.979166666668,2083380976.6453993,1.4943720368931854,48
average,1462430,30467.291666666668,937636433.2065972,1.0050400929523275,48
example,1458683,30389.229166666668,1412755596.8433158,1.236840888454231,48
comparison,1457443,30363.395833333332,986501460.0724827,1.0344238491857718,48
good,1457055,30355.3125,1322221525.4648438,1.1978912796468328,48
because,1454358,30299.125,1257419123.9427083,1.1703343278198304,48
standard,1453048,30271.833333333332,857726724.9305557,0.9674660800768755,48
component,1449095,30189.479166666668,972595094.124566,1.0330240124454722,48
environment,1448383,30174.645833333332,1850397871.9370658,1.4255760114460847,48
subject,1447458,30155.375,1504279665.609375,1.2861735048850105,48
phase,1444461,30092.9375,825757080.7669271,0.95490808416691,48
task,1443104,30064.666666666668,7293247841.388889,2.840560823080162,48
exhibit,1441193,30024.854166666668,1274025773.8745658,1.1887983682864223,48
detect,1438465,29968.020833333332,1568025062.0203993,1.3213517309402387,48
mg,1438033,29959.020833333332,2026999596.6870658,1.5027931823734668,48
family,1436565,29928.4375,2073038842.2460938,1.5213168513721673,48
great,1436421,29925.4375,1085336055.9127605,1.1008841198199835,48
contribution,1430909,29810.604166666668,784669117.780816,0.9396638131471242,48
take,1429798,29787.458333333332,1338998461.956597,1.2284474728142383,48
community,1426241,29713.354166666668,4371207257.228732,2.2250973669590643,48
future,1422988,29645.583333333332,1311678582.7430556,1.221669448996265,48
many,1422112,29627.333333333332,923130470.4305557,1.0255078270960523,48
overall,1421503,29614.645833333332,1138782879.1453993,1.1394989291607749,48
dna,1417614,29533.625,3097030074.984375,1.8843256296293514,48
index,1415280,29485.0,921550839.5833334,1.0295762538617397,48
ci,1411705,29410.520833333332,1727199110.7078993,1.4130856539300118,48
site,1411441,29405.020833333332,1277316127.9787328,1.2154237165336672,48
cognitive,1401813,29204.4375,4615637255.621094,2.326306795158312,48
surface,1399611,29158.5625,1494547266.954427,1.3258326740521127,48
body,1392763,29015.895833333332,970499726.0516495,1.0736475195868056,48
primary,1385647,28867.645833333332,1152679484.2287328,1.1760963801977957,48
period,1385281,28860.020833333332,730802371.6870661,0.9367060683932249,48
weight,1385275,28859.895833333332,971239002.3849827,1.079862097270006,48
less,1379611,28741.895833333332,1124627898.6349828,1.166780105201343,48
per,1378121,28710.854166666668,1003665600.8745661,1.103439195530067,48
produce,1377229,28692.270833333332,1692817021.2808158,1.4339700707665928,48
furthermore,1371583,28574.645833333332,1020259303.6037327,1.117826563067874,48
functional,1371369,28570.1875,1180346981.1523438,1.202518471723227,48
note,1362493,28385.270833333332,761874912.405816,0.9724086069161613,48
medium,1362222,28379.625,1609994458.4427083,1.4138571683526417,48
resistance,1361042,28355.041666666668,2821711964.7899303,1.8733807359286192,48
symptom,1354533,28219.4375,2561798347.0377603,1.7935938985260473,48
field,1354529,28219.354166666668,746863658.0203992,0.9684419500219854,48
j,1351089,28147.6875,729820550.0481771,0.959765916747306,48
before,1349939,28123.729166666668,809055211.6974826,1.0113842190517464,48
statistical,1349682,28118.375,875727159.7760416,1.0524323545191503,48
ratio,1346271,28047.3125,766645291.6731771,0.9872019010738592,48
life,1328838,27684.125,2027883602.6927083,1.6266372381923475,48
second,1320559,27511.645833333332,1158590498.395399,1.2372242087036862,48
frequency,1319433,27488.1875,898502867.0690104,1.090469766293588,48
technology,1315225,27400.520833333332,673671761.9578993,0.947251613611102,48
energy,1315216,27400.333333333332,1542146735.3055553,1.4332006723436859,48
ability,1314136,27377.833333333332,1582435383.6805556,1.4529943225060253,48
survival,1311428,27321.416666666668,4356522366.618055,2.415832166007683,48
calculate,1303343,27152.979166666668,619765425.312066,0.9168455595410745,48
via,1299438,27071.625,1247078632.0677083,1.3044654877818203,48
medical,1297998,27041.625,1802657862.0260417,1.5700875417511697,48
common,1295850,26996.875,806068018.609375,1.0516527203444612,48
them,1292960,26936.666666666668,1388001221.5555556,1.3830920089540368,48
soil,1291172,26899.416666666668,7744504311.409722,3.2715529280655176,48
assessment,1288478,26843.291666666668,911500111.4982638,1.1247152733856403,48
old,1285885,26789.270833333332,2025755855.8641489,1.6800904322835348,48
month,1276354,26590.708333333332,1312845040.4149306,1.362626489993258,48
mediate,1275592,26574.833333333332,2357730175.180556,1.827159673013767,48
might,1270595,26470.729166666668,1101172358.905816,1.2536079744340285,48
resource,1262287,26297.645833333332,1348195799.0203993,1.396238511246462,48
challenge,1261401,26279.1875,900747494.4856771,1.1420617800951913,48
select,1257537,26198.6875,790961395.1315104,1.0734902615608022,48
apply,1255292,26151.916666666668,548458079.1597222,0.8955053720187295,48
generate,1252830,26100.625,760370511.984375,1.0564810852800206,48
financial,1251746,26078.041666666668,707954316.748264,1.0202994257269802,48
investigation,1250681,26055.854166666668,791019875.7078992,1.0794148366097092,48
predict,1241001,25854.1875,971963176.9440104,1.2058520106505315,48
normal,1240027,25833.895833333332,918154311.0933161,1.1729187659525344,48
against,1238675,25805.729166666668,2115868067.947483,1.782494330484318,48
application,1233487,25697.645833333332,734220106.9370661,1.0544349621435398,48
relative,1232417,25675.354166666668,1207929419.5203993,1.353643606665512,48
whether,1226127,25544.3125,1316681895.673177,1.4205162737740273,48
cluster,1225981,25541.270833333332,1304728183.739149,1.4142217742747765,48
adult,1225131,25523.5625,1676541683.9127605,1.6042272388174323,48
absence,1221141,25440.4375,744801259.5377604,1.072742842629949,48
event,1219681,25410.020833333332,749310451.8120661,1.0772732454614342,48
week,1219251,25401.0625,926291564.3919271,1.198179738842365,48
presence,1215458,25322.041666666668,1035674343.8732638,1.2709044192844097,48
know,1210786,25224.708333333332,779455942.873264,1.1068012297515972,48
declare,1210385,25216.354166666668,635166513.7287326,0.9994509873015934,48
regulation,1210205,25212.604166666668,1115774801.7808158,1.3248617723077936,48
collect,1209034,25188.208333333332,835536132.3315973,1.1475862631691802,48
y,1207779,25162.0625,481868621.72526044,0.8724048808784379,48
statement,1206479,25134.979166666668,723745398.7287326,1.070321817610843,48
occur,1204171,25086.895833333332,582282026.3433161,0.9618774997121893,48
rna,1200993,25020.6875,2173500275.7565103,1.8632906774124476,48
source,1199608,24991.833333333332,640935382.5555557,1.0129989790949867,48
possible,1193097,24856.1875,718442944.9023438,1.0783546759963638,48
moreover,1190659,24805.395833333332,799648192.280816,1.1399959755926234,48
order,1188743,24765.479166666668,946063033.0412326,1.241976279355074,48
confirm,1187547,24740.5625,853954417.6627604,1.1811574002920555,48
estimate,1186683,24722.5625,596213941.7044271,0.9876602611544243,48
recent,1185323,24694.229166666668,677145900.093316,1.0537695683431874,48
disorder,1182675,24639.0625,2127168609.7252605,1.8718747177739463,48
physical,1182026,24625.541666666668,1874750901.2065973,1.7582717300055812,48
effective,1180339,24590.395833333332,667309945.3224827,1.0505053755071325,48
direct,1180157,24586.604166666668,773042226.0308161,1.1308449402957115,48
project,1180030,24583.958333333332,523385811.91493064,0.9305916718277625,48
examine,1179156,24565.75,1352244346.2708333,1.4969164443519571,48
practice,1178461,24551.270833333332,1339135234.4891493,1.490521487902364,48
training,1175396,24487.416666666668,1011394214.701389,1.298725181995591,48
allow,1173848,24455.166666666668,570323806.1388888,0.9765401932712778,48
molecular,1171592,24408.166666666668,1379566347.5555556,1.521724860574272,48
even,1168741,24348.770833333332,747552199.1349826,1.1229068199491032,48
additionally,1168526,24344.291666666668,706508692.6649306,1.0918465651799274,48
available,1166039,24292.479166666668,525845032.1662326,0.9439675142596096,48
part,1148875,23934.895833333332,640145192.843316,1.0570796263464899,48
explore,1144250,23838.541666666668,838227143.248264,1.2145102270908303,48
environmental,1142540,23802.916666666668,1530993804.5347223,1.6438286312419574,48
main,1141556,23782.416666666668,682425398.6180556,1.0984280314470052,48
loss,1140469,23759.770833333332,471151178.593316,0.9135617198486015,48
contrast,1136462,23676.291666666668,724868450.9149303,1.137145187207399,48
therapeutic,1136433,23675.6875,2053584889.3815105,1.9140519944338652,48
conclusion,1134913,23644.020833333332,552582695.7703992,0.9942081227777478,48
claim,1132422,23592.125,539431526.0260416,0.9844668610391548,48
experimental,1132134,23586.125,724944869.1927084,1.141552512878618,48
link,1128063,23501.3125,736506086.6731771,1.1547714890724619,48
program,1124429,23425.604166666668,982828069.5724825,1.3382830430213963,48
derive,1122047,23375.979166666668,1179464742.937066,1.46917209235595,48
flow,1121710,23368.958333333332,776109365.373264,1.1921258569545305,48
hospital,1119484,23322.583333333332,1351135830.6180556,1.5760603816288647,48
science,1118872,23309.833333333332,535979885.80555564,0.9931962648553686,48
strong,1118413,23300.270833333332,790096656.030816,1.206366150299579,48
define,1114290,23214.375,495527739.5260417,0.9589081061070974,48
ca,1114099,23210.395833333332,1019572806.4891495,1.3757089883509097,48
marker,1113715,23202.395833333332,1522568069.405816,1.6817271179873876,48
regard,1111007,23145.979166666668,944837072.6453995,1.328014768728959,48
genetic,1110466,23134.708333333332,1568562843.706597,1.7119336675082726,48
so,1110322,23131.708333333332,747516648.2482638,1.181959857663779,48
care,1108395,23091.5625,1941774869.7877605,1.9082976587779699,48
often,1102574,22970.291666666668,688460394.3732638,1.142281047002629,48
context,1098781,22891.270833333332,1942255508.905816,1.9252329117097517,48
reduction,1098433,22884.020833333332,550277402.1037327,1.025081757141322,48
membrane,1097123,22856.729166666668,1286024400.1974826,1.5689551246670161,48
domain,1096589,22845.604166666668,801864104.9891491,1.2395034466567323,48
likely,1092786,22766.375,753549270.8177084,1.2057629690384692,48
learn,1090463,22717.979166666668,2630340448.4370656,2.2575443182246517,48
way,1087731,22661.0625,1040463435.9335938,1.4234202594004894,48
since,1085757,22619.9375,481655840.93359375,0.9702351738377561,48
establish,1085360,22611.666666666668,544470183.8055555,1.0319400700767745,48
people,1082100,22543.75,2359941272.1041665,2.15488668721494,48
draft,1079759,22494.979166666668,574557562.437066,1.0655680186551237,48
section,1078855,22476.145833333332,362694318.249566,0.8473221018153562,48
measurement,1077378,22445.375,480083072.4427083,0.9761832038286213,48
pd,1074624,22388.0,2936407284.8333335,2.420431789156054,48
activate,1072586,22345.541666666668,2107828637.2065966,2.054597539401956,48
above,1072094,22335.291666666668,555811835.6649305,1.0555340976363732,48
knowledge,1059673,22076.520833333332,1445531597.4995658,1.7221983275700128,48
metabolic,1058339,22048.729166666668,1120778975.9058158,1.518365841585858,48
propose,1058251,22046.895833333332,544566031.5099827,1.0584682216224903,48
genome,1057370,22028.541666666668,3405759018.331598,2.649239432748023,48
formation,1056059,22001.229166666668,865807818.3849826,1.3374076619303181,48
help,1054910,21977.291666666668,951449509.9565973,1.4035203098069036,48
serum,1054308,21964.75,1824751195.6041667,1.9448027677136783,48
software,1053526,21948.458333333332,567214666.9149306,1.0850998549801945,48
dependent,1049973,21874.4375,904620593.1627604,1.3749798730559102,48
particularly,1049296,21860.333333333332,499102626.8055556,1.0219700014782116,48
regression,1049292,21860.25,713136422.3958334,1.2216060773730093,48
covid,1048260,21838.75,2175695564.0208335,2.1358526425912627,48
achieve,1046351,21798.979166666668,438774296.7703993,0.9609138057992425,48
inhibit,1038448,21634.333333333332,1881876786.5555553,2.0051740507741074,48
limit,1038138,21627.875,402432492.0260417,0.9275400439157591,48
efficacy,1035271,21568.145833333332,1402036701.8745658,1.7360685911212843,48
management,1029375,21445.3125,636619233.1315104,1.1765421713651474,48
bacterial,1027631,21408.979166666668,5326094844.562066,3.4088546863566016,48
critical,1026305,21381.354166666668,528532551.2703993,1.0752282407377756,48
local,1025410,21362.708333333332,385140862.83159727,0.918657211116856,48
status,1024497,21343.6875,901070676.7148438,1.40640361736457,48
correlate,1024431,21342.3125,766473683.9648438,1.2972006258610318,48
aim,1022310,21298.125,638068541.984375,1.1860207715826907,48
metabolism,1020952,21269.833333333332,1203407165.5972223,1.6309558682755312,48
inflammation,1019774,21245.291666666668,2501323583.873263,2.35408554855434,48
tool,1019501,21239.604166666668,435028740.4891493,0.9820024158669638,48
accuracy,1018773,21224.4375,490451668.66276044,1.0434266362254272,48
highlight,1018153,21211.520833333332,501577379.8328994,1.0558376960324611,48
another,1017659,21201.229166666668,557853539.3016492,1.1140355658170045,48
right,1016942,21186.291666666668,574963136.9149305,1.1317879189547666,48
organization,1016224,21171.333333333332,730414142.4305555,1.2765457285820279,48
bind,1015126,21148.458333333332,1563908289.2482636,1.8699367927081019,48
item,1014997,21145.770833333332,5088775086.134983,3.3735185839231017,48
detection,1014857,21142.854166666668,578378368.249566,1.137476430835419,48
female,1012789,21099.770833333332,702186972.3849827,1.2558814492510872,48
consistent,1012514,21094.041666666668,513942683.83159715,1.0747254777725754,48
profile,1012244,21088.416666666668,654192986.8680555,1.2128552381582283,48
validation,1010289,21047.6875,592470344.5898438,1.15645548822978,48
pre,1008438,21009.125,503522587.5677083,1.0680744191636127,48
extract,1007488,20989.333333333332,978388759.1805557,1.4902429725531674,48
solution,1007176,20982.833333333332,494397380.47222227,1.059678076691348,48
dynamic,1004406,20925.125,352414196.1510417,0.8971367271891456,48
five,1004185,20920.520833333332,625091597.249566,1.195086493164146,48
major,1003418,20904.541666666668,553046809.2899305,1.1249683276141949,48
lack,1002880,20893.333333333332,535830165.8055555,1.1079134806175257,48
criterion,1002566,20886.791666666668,618337944.7899305,1.190532386387531,48
combination,1002038,20875.791666666668,893926667.2065972,1.4322142565875586,48
exposure,998406,20800.125,704935786.5260416,1.276464774009628,48
center,991141,20648.770833333332,425562832.75998265,0.9990509593845878,48
previously,990637,20638.270833333332,761508641.6974826,1.3371006832264902,48
cycle,989018,20604.541666666668,586026907.6232638,1.1748862474548194,48
combine,987639,20575.8125,507845483.06901044,1.0952387561055539,48
independent,986812,20558.583333333332,645659353.326389,1.2359717338773943,48
diagnosis,985129,20523.520833333332,969542337.8745657,1.517160484703289,48
education,985089,20522.6875,2437819347.9231772,2.405838816263275,48
lung,980015,20416.979166666668,2354246362.6453996,2.3764816673988896,48
liver,978213,20379.4375,1590090920.8710938,1.9566754056718425,48
woman,977880,20372.5,1143752384.4166667,1.660051952307459,48
male,974284,20297.583333333332,583370837.1597222,1.1899481120891235,48
w,972126,20252.625,437873197.1510417,1.0332201322012413,48
muscle,968957,20186.604166666668,1358981748.4891493,1.8261798432923289,48
release,968068,20168.083333333332,921357727.701389,1.505045100289317,48
cohort,967162,20149.208333333332,1276601349.7482636,1.7732487498728977,48
damage,966462,20134.625,727863175.6927084,1.3399275866429494,48
food,966453,20134.4375,1687294374.204427,2.040121008553579,48
evaluation,966183,20128.8125,474914154.02734375,1.0826532954703691,48
national,964579,20095.395833333332,452694943.9474826,1.0587812865963795,48
light,963131,20065.229166666668,1083352863.6766493,1.640366319402612,48
rat,958807,19975.145833333332,1337820117.4995658,1.8310866761882203,48
still,958334,19965.291666666668,389611841.24826384,0.9886450921904759,48
reflect,957090,19939.375,530066077.9010417,1.1546582549361795,48
q,953815,19871.145833333332,323743052.124566,0.9054767799643776,48
general,952075,19834.895833333332,712459541.468316,1.3457059712271302,48
highly,951630,19825.625,587020788.9010416,1.222080610334354,48
maintain,951311,19818.979166666668,467435381.0203993,1.0908863555401858,48
complete,949224,19775.5,581698754.25,1.2196117335319299,48
methodology,948461,19759.604166666668,365233190.9474826,0.9671790449306491,48
cross,948188,19753.916666666668,463114345.90972215,1.0894088520772662,48
property,945656,19701.166666666668,477250808.8055555,1.1088719341372233,48
publication,943229,19650.604166666668,448904439.5724826,1.0782042584047655,48
curve,941961,19624.1875,492716561.40234375,1.1311153482048957,48
very,940386,19591.375,457700878.9010417,1.0920083410214096,48
plot,939353,19569.854166666668,599141662.749566,1.2507691786051431,48
variation,939352,19569.833333333332,567512120.8888888,1.217307909301687,48
power,939124,19565.083333333332,1248280336.7430553,1.8058196009840324,48
cm,936732,19515.25,555628749.8958334,1.207864550792025,48
whereas,936044,19500.916666666668,552892536.7430555,1.205772396357375,48
pressure,933721,19452.520833333332,410905807.999566,1.0420660591449216,48
ii,932292,19422.75,684481565.8541666,1.3470079472102727,48
limitation,928857,19351.1875,441172812.86067706,1.0854173258828574,48
healthy,926232,19296.5,699700356.4166666,1.3708107570317156,48
host,923046,19230.125,2223627801.8177085,2.4521607709448436,48
natural,919971,19166.0625,470054416.01692706,1.1312046156690123,48
dose,917890,19122.708333333332,1453587694.2899306,1.9937523751717385,48
short,916626,19096.375,349953173.984375,0.9796118590098675,48
inhibitor,916480,19093.333333333332,1744093288.6805553,2.1872735483634163,48
reaction,915211,19066.895833333332,605213393.5933161,1.2902511990804217,48
compound,911450,18988.541666666668,1374139645.2065973,1.9521978174653443,48
biological,911058,18980.375,626224116.734375,1.3184391962075768,48
step,910048,18959.333333333332,282829200.6388889,0.8870315372022715,48
record,906587,18887.229166666668,273284758.96831596,0.8752647859805122,48
school,901403,18779.229166666668,2547921831.8016496,2.6879134983856883,48
literature,900365,18757.604166666668,609970331.1141495,1.3166701469265927,48
th,898553,18719.854166666668,1633931986.8328984,2.159307664532312,48
mental,895866,18663.875,2975310621.8177085,2.9225660782870846,48
ai,895768,18661.833333333332,425562938.55555564,1.1054207004693817,48
discussion,895707,18660.5625,408193419.20442706,1.0827003284692311,48
active,893543,18615.479166666668,402674234.7912326,1.077960138410452,48
death,891728,18577.666666666668,794251421.888889,1.5170078715613227,48
full,891145,18565.520833333332,335405045.54123265,0.9864558630205518,48
density,890817,18558.6875,297392881.13151044,0.9292188798493852,48
problem,888406,18508.458333333332,1092870223.1232638,1.7861340550893998,48
country,888209,18504.354166666668,855061957.3120661,1.580246584103516,48
sensitivity,887106,18481.375,388005612.3177083,1.0658221081607084,48
commercial,886552,18469.833333333332,327446287.6805556,0.9797314717752377,48
version,885902,18456.291666666668,541691343.4982638,1.261047666778218,48
administration,885200,18441.666666666668,744041866.513889,1.4791033438921035,48
characterize,885033,18438.1875,456116812.90234375,1.158296685159258,48
root,884838,18434.125,5768532684.942708,4.120122709317382,48
manuscript,884222,18421.291666666668,343451766.0399305,1.0060343235466795,48
prediction,884060,18417.916666666668,326465756.8263889,0.9810210216028027,48
volume,883792,18412.333333333332,312161521.0555556,0.9595792660139809,48
approve,883682,18410.041666666668,493108683.87326384,1.2061923061393964,48
bacteria,883224,18400.5,3674568922.7916665,3.294379103597785,48
either,881783,18370.479166666668,477068355.70789933,1.1889670546996456,48
end,881602,18366.708333333332,302625720.41493064,0.9471561614405349,48
related,879949,18332.270833333332,456074314.905816,1.1649345945458005,48
understand,878345,18298.854166666668,572851520.2078992,1.3079680602995791,48
especially,874429,18217.270833333332,338968762.61414933,1.0106400951856331,48
free,872787,18183.0625,451340551.76692706,1.1683827763760422,48
chronic,866497,18052.020833333332,746209620.3537327,1.5132287915789182,48
ensure,866110,18043.958333333332,325385279.6232639,0.9996941144052728,48
global,863582,17991.291666666668,320347012.6649305,0.9948279880269371,48
severe,862942,17977.958333333332,618645213.3315972,1.3835041268884958,48
database,862617,17971.1875,561171587.5690104,1.3181689025360355,48
employ,861006,17937.625,315767047.234375,0.9906459365805527,48
benefit,855364,17820.083333333332,446708118.3263889,1.1860477992494045,48
add,854716,17806.583333333332,474595619.3680555,1.2234360296210407,48
become,853866,17788.875,363968363.1510417,1.0724655100222242,48
class,851172,17732.75,477514125.0625,1.232301621731837,48
z,851151,17732.3125,248827804.7565104,0.8895780896791919,48
enzyme,850465,17718.020833333332,1121424550.0203993,1.8900348915806837,48
progression,846301,17631.270833333332,1273490589.239149,2.024017454136421,48
action,845751,17619.8125,778445996.3606771,1.5834813843003033,48
injury,845617,17617.020833333332,699463254.2703993,1.5012395043861353,48
red,844884,17601.75,446989521.7291667,1.201137767995327,48
error,841970,17541.041666666668,463064416.20659715,1.226776150796288,48
layer,839672,17493.166666666668,347188643.30555546,1.0651587061898533,48
baseline,838002,17458.375,416303208.859375,1.1686946648326777,48
cellular,837904,17456.333333333332,928993555.8472222,1.7460365251489893,48
address,837863,17455.479166666668,437061762.79123265,1.1976767848107266,48
map,836046,17417.625,442889675.6927083,1.2082556711172965,48
mass,836021,17417.104166666668,316804481.2183159,1.0219266120894055,48
introduction,835614,17408.625,289103076.109375,0.9767015706296874,48
technique,835208,17400.166666666668,191878889.2222222,0.7960863724911578,48
online,834988,17395.583333333332,752613581.6597222,1.5770556873679893,48
virus,832341,17340.4375,1889957106.8710938,2.507066901738754,48
additional,831385,17320.520833333332,296856123.749566,0.994745673432165,48
pcr,830514,17302.375,1188162850.7760417,1.9921969202718355,48
least,828573,17261.9375,332231774.51692706,1.0559200662284178,48
question,826889,17226.854166666668,1166611906.1245658,1.9827009970065554,48
construct,826273,17214.020833333332,651646696.187066,1.482940665444535,48
length,824606,17179.291666666668,516348516.33159727,1.3227148020541242,48
finally,822106,17127.208333333332,345913859.6232639,1.0859189229184811,48
essential,821927,17123.479166666668,358123338.0412326,1.1051578229267478,48
de,821402,17112.541666666668,363114081.12326384,1.1135430885901993,48
initial,821065,17105.520833333332,251093361.41623268,0.9263632401713757,48
decision,819188,17066.416666666668,697662473.326389,1.5476770305228746,48
reference,816593,17012.354166666668,280478056.22873265,0.9844304284191764,48
exercise,815744,16994.666666666668,1158577284.972222,2.0028565911681113,48
carry,813804,16954.25,383015377.6458333,1.1543287769931123,48
molecule,813515,16948.229166666668,1127667750.4266493,1.9813730543432235,48
http,809428,16863.083333333332,459592322.57638884,1.2713039501812011,48
united,807917,16831.604166666668,420142447.9474826,1.217791032178749,48
exist,807610,16825.208333333332,319825696.7899306,1.0629093488326105,48
mainly,805126,16773.458333333332,320002517.7482639,1.0664833594580674,48
bone,805104,16773.0,997166539.0416666,1.88266522803072,48
specifically,804396,16758.25,432121357.1875,1.2404355398701676,48
bias,803775,16745.3125,531608377.67317706,1.3769007975110967,48
yield,800167,16670.145833333332,1367143910.8328993,2.2180315383096083,48
kg,799257,16651.1875,692564955.0690104,1.5804655896023134,48
abundance,799060,16647.083333333332,2079398884.2847223,2.73924419357412,48
sd,798919,16644.145833333332,671824830.749566,1.5572793090557668,48
attention,797845,16621.770833333332,931688853.6349825,1.8363614176003547,48
procedure,796966,16603.458333333332,363008149.5399306,1.1475183283812946,48
capacity,796371,16591.0625,318907533.47526044,1.0763615860133098,48
central,794903,16560.479166666668,244985957.7078993,0.9451433810567871,48
mortality,794861,16559.604166666668,625686812.2391492,1.5105271974747743,48
cost,793785,16537.1875,448985811.02734375,1.281311304492478,48
memory,793501,16531.270833333332,1234480213.2391493,2.1253762615310205,48
mir,792858,16517.875,983964306.734375,1.8990460545126095,48
selection,790105,16460.520833333332,360771395.16623265,1.1539114298349002,48
trend,786438,16384.125,293674851.6510417,1.04594807828415,48
hand,785892,16372.75,438376596.2708333,1.278798298162846,48
position,782791,16308.145833333334,276287379.04123265,1.0192387741819213,48
availability,782668,16305.583333333334,262973473.07638887,0.9945339904742995,48
wang,781856,16288.666666666666,498466023.7638889,1.3706679086622922,48
green,778456,16217.833333333334,540907026.4722222,1.4340638180973453,48
gut,778408,16216.833333333334,1518583138.1805553,2.4029970261365787,48
relevant,777785,16203.854166666666,366541546.3328993,1.1815259864278023,48
intensity,777697,16202.020833333334,247412295.02039924,0.9708261204043067,48
depression,776995,16187.395833333334,1765920816.489149,2.5960235404200778,48
prior,776734,16181.958333333334,363944687.66493064,1.178926184534503,48
learning,774398,16133.291666666666,1072175181.373264,2.0295973618476006,48
diversity,773968,16124.333333333334,1405633248.3472226,2.3251674948494534,48
li,771462,16072.125,446867705.9427083,1.3152738442020553,48
explain,770550,16053.125,521424020.609375,1.42244646273132,48
manufacturer,769845,16038.4375,341690504.66276044,1.152535732944833,48
directly,769595,16033.229166666666,322032958.9266493,1.1192553040607944,48
ph,768511,16010.645833333334,912423848.4787326,1.8866418477542626,48
microbial,767698,15993.708333333334,3241093771.4149323,3.559562528484151,48
few,767067,15980.5625,261613034.37109375,1.0121330980107306,48
reach,760883,15851.729166666666,210937381.030816,0.9162207668248016,48
final,760436,15842.416666666666,269097019.1180556,1.0354592500240756,48
issue,760416,15842.0,382429715.75,1.2344281202556733,48
public,757855,15788.645833333334,1427429103.6453993,2.3929432035707467,48
fund,757815,15787.8125,246266458.7356771,0.9939869273616685,48
service,757536,15782.0,1279933664.5833333,2.266896499959067,48
novel,755672,15743.166666666666,399656915.0555555,1.2698475128737434,48
neuron,753662,15701.291666666666,1301984384.373264,2.2980925064844278,48
protocol,753532,15698.583333333334,260113242.07638893,1.0273555428280885,48
thereby,753155,15690.729166666666,417384790.4891493,1.3020425693952553,48
despite,752287,15672.645833333334,265115583.687066,1.038903737566224,48
emotional,750185,15628.854166666666,3451172152.082899,3.7588601934382577,48
carbon,749233,15609.020833333334,1044327450.7703992,2.0703448322645595,48
significance,747526,15573.458333333334,321432871.2482639,1.1512246459402438,48
composition,746532,15552.75,711386290.8125,1.7149266712965814,48
improvement,746468,15551.416666666666,248086062.82638893,1.0128175680761433,48
leaf,746226,15546.375,6725312471.526042,5.275056242028926,48
access,746112,15544.0,394101435.625,1.2771479801419283,48
spatial,743761,15495.020833333334,390021107.1870659,1.2745353662512244,48
proliferation,740013,15416.9375,1105104764.0585938,2.156272349170886,48
observation,738951,15394.8125,249286703.8190104,1.0255932498474731,48
appear,737528,15365.166666666666,304713549.8472222,1.1360791981485288,48
crucial,734964,15311.75,303121018.0208333,1.137059512487298,48
degree,734274,15297.375,305236431.5260417,1.1420924766615486,48
peak,733039,15271.645833333334,182211942.93706596,0.8838988641352796,48
inhibition,731767,15245.145833333334,679175347.2078995,1.7094616944583592,48
along,730829,15225.604166666666,225512945.36414933,0.9863049295508477,48
glucose,728174,15170.291666666666,743768607.0399307,1.7977321744769639,48
leave,726031,15125.645833333334,307065771.43706596,1.158515308873328,48
create,724603,15095.895833333334,312383334.3849826,1.1708062651505695,48
duration,724151,15086.479166666666,293050577.83289933,1.134706110685478,48
relatively,722860,15059.583333333334,222451396.5347222,0.9903862729272769,48
coefficient,721735,15036.145833333334,303848220.99956596,1.159289279488005,48
anxiety,721346,15028.041666666666,2019652246.5815976,2.9904456104648642,48
chinese,719439,14988.3125,739792015.7565104,1.8146884729283546,48
language,719094,14981.125,2145859648.3177083,3.092119210132148,48
matrix,717869,14955.604166666666,193797475.44748268,0.9308294078860246,48
account,714921,14894.1875,348269515.44401044,1.2529706961334595,48
understanding,714576,14887.0,358118423.8333333,1.2711773437700493,48
variant,713733,14869.4375,680920740.4544271,1.7549055262525957,48
open,712924,14852.583333333334,187487105.20138887,0.9218997645569115,48
block,712632,14846.5,385606579.7083333,1.3226597426394073,48
psychological,709891,14789.395833333334,3098778824.947483,3.763958764760119,48
stimulus,709870,14788.958333333334,1542690730.081597,2.6558396453035322,48
efficiency,709577,14782.854166666666,327912998.2078993,1.224957506693088,48
here,709142,14773.791666666666,248286504.45659724,1.0665582677379088,48
display,708226,14754.708333333334,329160278.6232639,1.2296261249383948,48
importance,706800,14725.0,277102269.4583333,1.1304848272780805,48
offer,706116,14710.75,279645357.1875,1.1367605453277394,48
place,706097,14710.354166666666,275515989.2287326,1.1283667363384895,48
member,705712,14702.333333333334,415570270.6805556,1.3865513904187932,48
grow,705423,14696.3125,793500775.0481771,1.9167492389026652,48
proportion,704777,14682.854166666666,321005627.12456596,1.2202416301926133,48
amount,704649,14680.1875,251964952.4440104,1.0812807352597262,48
plasma,704466,14676.375,578170556.9010416,1.6383594323959552,48
real,703957,14665.770833333334,188844413.75998262,0.93701636682873,48
share,702435,14634.0625,421373930.51692706,1.4027133364632884,48
load,700392,14591.5,336582260.4583333,1.2573195600951463,48
transfer,699486,14572.625,323465858.734375,1.2341741191074935,48
construe,698486,14551.791666666666,211184895.74826393,0.9986537987694554,48
following,697087,14522.645833333334,225545504.47873268,1.0341209616358298,48
ad,695205,14483.4375,828833777.0794271,1.9877514141746506,48
participate,695204,14483.416666666666,437230130.0763889,1.4437234683209899,48
teacher,694132,14461.083333333334,3652826256.493056,4.179397505282761,48
stimulation,691927,14415.145833333334,755291160.2495661,1.9065059305209155,48
read,691875,14414.0625,671830177.3502604,1.7982221917793566,48
prevent,691008,14396.0,299093613.1666667,1.2013283654178672,48
facilitate,689692,14368.583333333334,266174038.9930555,1.135452305006844,48
algorithm,689267,14359.729166666666,170396859.19748265,0.9090432446722503,48
survey,688579,14345.395833333334,702286053.0724827,1.8473300106743875,48
act,687561,14324.1875,314156605.94401044,1.237380025092886,48
young,686990,14312.291666666666,431582758.12326384,1.4515194680434433,48
face,685316,14277.416666666666,1043150414.576389,2.2621626808759547,48
vitro,684765,14265.9375,736789721.9335938,1.902705013157819,48
phenotype,684092,14251.916666666666,734992486.7430557,1.9022525525410596,48
indicator,683465,14238.854166666666,255774822.04123268,1.1231916173528955,48
framework,680965,14186.770833333334,360291373.843316,1.3379607668249136,48
core,680177,14170.354166666666,244000497.22873268,1.1023376751199117,48
secondary,679795,14162.395833333334,266893434.7391493,1.1535388264221442,48
side,679333,14152.770833333334,172599407.3016493,0.9282782514832201,48
structural,679248,14151.0,199552970.75,0.9982560887283359,48
ethic,677742,14119.625,309954482.5260417,1.2468832709655462,48
gender,676937,14102.854166666666,1041612338.749566,2.2884743174350284,48
increased,675841,14080.020833333334,317860561.77039933,1.2662370765407662,48
maximum,675032,14063.166666666666,211207885.38888893,1.0334082884273261,48
heart,674922,14060.875,748069301.609375,1.9451745067008597,48
acute,673605,14033.4375,492151026.20442706,1.5808298676049097,48
trait,673585,14033.020833333334,1567264051.395399,2.8211093228985034,48
paper,673060,14022.083333333334,228632093.61805558,1.0783408382085309,48
classification,672522,14010.875,188145420.31770834,0.9789974651175576,48
microbiota,672146,14003.041666666666,1341047743.5399308,2.6151688752334734,48
six,670140,13961.25,264341180.47916666,1.1645499165762807,48
identification,669826,13954.708333333334,308518838.99826384,1.258693763649501,48
drive,669320,13944.166666666666,275048317.9722222,1.189356174945372,48
differentiation,667370,13903.541666666666,772460931.4149307,1.999000114489659,48
hypothesis,667309,13902.270833333334,907447980.8641492,2.166831420274427,48
zhang,664736,13848.666666666666,367300030.6805555,1.3838930244470176,48
linear,664202,13837.541666666666,134640359.78993055,0.8385494726283783,48
nm,662725,13806.770833333334,396536859.4266493,1.4422802778743826,48
medicine,661987,13791.395833333334,574594835.5724827,1.7380914995964245,48
percentage,661866,13788.875,298220661.5677083,1.252391265395201,48
rather,661536,13782.0,369066102.0,1.393926367841052,48
toward,661185,13774.6875,503618486.46484375,1.6291800253380875,48
element,659637,13742.4375,272390803.32942706,1.2009708041986793,48
go,659008,13729.333333333334,284122207.0138889,1.227730769819892,48
screen,657610,13700.208333333334,267743931.95659718,1.1943528414977225,48
visual,657395,13695.729166666666,826661035.0724826,2.099319667648175,48
what,655930,13665.208333333334,794801335.1649305,2.063065596523394,48
category,655821,13662.9375,407410150.10026044,1.477310690690897,48
count,655709,13660.604166666666,360930980.69748265,1.3907279197870703,48
conceptualization,655411,13654.395833333334,210170431.40581593,1.0617281183794338,48
vary,655297,13652.020833333334,188644677.18706596,1.0060633665316938,48
channel,654636,13638.25,279014324.6041667,1.22477017790376,48
concern,654441,13634.1875,421206348.23567706,1.5052831209419368,48
collection,651734,13577.791666666666,215145999.24826393,1.0802828874423769,48
prevalence,650881,13560.020833333334,468824156.52039933,1.5967783430788336,48
statistically,650650,13555.208333333334,229195771.20659718,1.1168557988190713,48
laboratory,650401,13550.020833333334,254630272.18706596,1.1776467942557445,48
threshold,648664,13513.833333333334,154108715.93055555,0.9186181934217811,48
top,648440,13509.166666666666,195325418.84722224,1.0345484214762994,48
interval,648257,13505.354166666666,193001607.312066,1.028666236095112,48
transcription,647174,13482.791666666666,652018915.0399305,1.893870474548484,48
approximately,646743,13473.8125,182409698.15234375,1.00238246979008,48
potentially,644376,13424.5,211222598.29166666,1.0826100916797528,48
processing,644139,13419.5625,578175339.0377604,1.7918078070791459,48
poor,642648,13388.5,318947685.7916667,1.3339139203622945,48
space,642159,13378.3125,174066833.71484375,0.9861811077054237,48
funding,641591,13366.479166666666,177803476.29123268,0.9975923222935916,48
lesion,641384,13362.166666666666,596341483.0972222,1.8275557164854441,48
unit,640537,13344.520833333334,148106252.4578993,0.9119766365694864,48
location,639922,13331.708333333334,208426055.33159718,1.0829046057493519,48
www,639356,13319.916666666666,255280083.78472224,1.1995185239669734,48
stem,637746,13286.375,460528914.984375,1.6151837834847251,48
comprehensive,637711,13285.645833333334,196757582.0203993,1.05580342742142,48
distinct,637432,13279.833333333334,310728477.5555556,1.3273880516744043,48
agent,636195,13254.0625,336154429.60026044,1.383312830206637,48
regulatory,635561,13240.854166666666,550674859.2912326,1.7722770858497285,48
particular,635112,13231.5,246649292.95833334,1.1869457132457544,48
vivo,633909,13206.4375,701406856.1627604,2.0053922072336228,48
generation,633340,13194.583333333334,233692970.0347222,1.1585829784960846,48
distance,631793,13162.354166666666,201485952.14539933,1.078422185244592,48
dataset,631537,13157.020833333334,178680906.2703993,1.0159714663160218,48
limited,631341,13152.9375,175730317.2252604,1.0078608837659326,48
researcher,631040,13146.666666666666,387194695.8055555,1.4967492461470886,48
third,630838,13142.458333333334,248616813.95659724,1.1997441459518703,48
pro,628780,13099.583333333334,768051464.3680555,2.1156200720703406,48
median,628450,13092.708333333334,440773595.5815973,1.6035344400909595,48
diagnostic,628151,13086.479166666666,329566486.29123265,1.3872307363923406,48
vaccine,627920,13081.666666666666,1899511943.013889,3.3316389867443412,48
ct,627587,13074.729166666666,568192116.9058161,1.8231185100788623,48
insight,627528,13073.5,199490870.95833334,1.0803628503122014,48
movement,627162,13065.875,437378435.8177083,1.6006271697602426,48
formal,626368,13049.333333333334,199216761.76388887,1.0816197613410412,48
pathogen,625577,13032.854166666666,1062424971.7078995,2.5009764328980824,48
moderate,623968,12999.333333333334,383471544.84722227,1.5064179824328479,48
sex,623374,12986.958333333334,251582013.4149305,1.2213280935796216,48
whole,622974,12978.625,192297822.69270834,1.0684605685915023,48
solely,622392,12966.5,157549341.54166666,0.9680226782977024,48
search,621845,12955.104166666666,196589816.55164933,1.0822799163016312,48
strength,620699,12931.229166666666,208620584.468316,1.1169629574373243,48
together,620653,12930.270833333334,247575403.53081596,1.216875440923746,48
sleep,619851,12913.5625,573327791.8294271,1.8541950974649626,48
similarly,619337,12902.854166666666,206202757.41623268,1.1129135895836675,48
node,618312,12881.5,359484703.125,1.471884627821961,48
policy,616911,12852.3125,810491489.7981771,2.2150980399596123,48
diabetes,613200,12775.0,872009443.1666666,2.3115308033676136,48
seed,612751,12765.645833333334,2145738428.312066,3.6286543257436397,48
necessarily,612486,12760.125,155021434.859375,0.975755363908855,48
stroke,612399,12758.3125,1407153143.798177,2.9402038854662536,48
deep,612164,12753.416666666666,203028526.78472224,1.1172541664648867,48
pain,611698,12743.708333333334,347388430.5399305,1.4625538052630527,48
publish,611046,12730.125,173426827.359375,1.034488034009464,48
utilize,610517,12719.104166666666,159021170.093316,0.9914502993717312,48
certain,609573,12699.4375,195805995.9544271,1.1018653045615747,48
traditional,609070,12688.958333333334,192034408.37326387,1.0921028855259427,48
integrate,608505,12677.1875,160812613.8606771,1.0003158304888786,48
acquisition,608415,12675.3125,176369607.96484375,1.047739215891034,48
word,608275,12672.395833333334,2094950053.6141493,3.611836700370977,48
incidence,608265,12672.1875,402918103.94401044,1.5840059208153436,48
reviewer,607707,12660.5625,149703314.4127604,0.9664128730808369,48
shape,606122,12627.541666666666,197572086.74826387,1.1131251189674205,48
multi,606005,12625.104166666666,132622348.843316,0.9121649650626753,48
diet,604845,12600.9375,622252253.7252604,1.9796133851540416,48
expect,603590,12574.791666666666,268522794.6649306,1.3031361140718922,48
parent,603494,12572.791666666666,1104439628.3732638,2.643256271468905,48
motor,603483,12572.5625,657928216.0794271,2.040165751755716,48
next,602732,12556.916666666666,207463866.70138887,1.1470655108680918,48
enable,602637,12554.9375,144275209.4752604,0.9567121770062755,48
scientific,602409,12550.1875,178228595.1106771,1.0637473168705271,48
consent,602063,12542.979166666666,310825549.1453993,1.4055867477947972,48
aspect,602025,12542.1875,390897318.19401044,1.576369619871555,48
start,601161,12524.1875,161965215.1106771,1.0161581746113268,48
surgery,600126,12502.625,593296897.6927084,1.9482058067329697,48
accumulation,598154,12461.541666666666,619701088.4565972,1.9976497972726865,48
affiliated,597494,12447.791666666666,165675537.70659724,1.0340389149781857,48
depend,597380,12445.416666666666,163206000.24305555,1.0264992102528208,48
curation,595945,12415.520833333334,198043794.37456596,1.133484736378169,48
emerge,595877,12414.104166666666,210338609.67664933,1.168272393199866,48
isolate,595713,12410.6875,927734281.1731771,2.4542339646614537,48
serve,595531,12406.895833333334,190077256.9266493,1.111224842680168,48
world,595118,12398.291666666666,248442491.74826387,1.2713089059103786,48
questionnaire,594701,12389.604166666666,1041490593.6558162,2.6047751774499748,48
view,593167,12357.645833333334,364310680.35373265,1.5445437251365046,48
depth,592023,12333.8125,457719542.02734375,1.734612155438598,48
viral,588082,12251.708333333334,1069313143.706597,2.669044429373396,48
blue,587885,12247.604166666666,224610555.69748268,1.2236689475873537,48
correspond,587186,12233.041666666666,137782251.08159724,0.959538009925104,48
exclude,586319,12214.979166666666,186350375.72873268,1.117564006005696,48
theory,586272,12214.0,1217459342.6666667,2.856730803553338,48
detail,585970,12207.708333333334,130082413.58159721,0.9342759051570799,48
below,585179,12191.229166666666,150258069.3016493,1.0054753014493136,48
adjust,583976,12166.166666666666,164352093.7638889,1.0537409528864219,48
synthesis,582718,12139.958333333334,329927902.4149305,1.4962092205533992,48
remove,582571,12136.895833333334,183673221.13498262,1.1166454397264578,48
safety,579254,12067.791666666666,315747909.7482639,1.4724563796297083,48
color,578598,12054.125,287976447.484375,1.407805942915229,48
bar,577961,12040.854166666666,284419180.249566,1.4006258703012664,48
physiological,577481,12030.854166666666,255064742.624566,1.3274823419001076,48
guarantee,577140,12023.75,128960818.39583333,0.9444717069683101,48
economic,576760,12015.833333333334,467343825.84722227,1.7991375132242449,48
others,576563,12011.729166666666,557445283.4891495,1.9656020264574434,48
intestinal,573897,11956.1875,667431805.9856771,2.160780899847357,48
grade,572422,11925.458333333334,487218709.0399306,1.8509168070375495,48
usa,569803,11870.895833333334,468454117.3016494,1.8232660113973216,48
input,569719,11869.145833333334,145025355.29123262,1.0146178607153173,48
meta,569114,11856.541666666666,249158591.12326393,1.3313121679134068,48
subsequent,568581,11845.4375,189903000.74609375,1.1633618234998706,48
emotion,567612,11825.25,2562761610.7291665,4.280985667866914,48
train,567216,11817.0,184067002.95833334,1.1481026913145371,48
wt,566652,11805.25,517141347.3125,1.9263244754016007,48
able,566318,11798.291666666666,201910888.03993058,1.204372252472921,48
perspective,565862,11788.791666666666,509352086.83159727,1.9144311496724329,48
around,565076,11772.416666666666,106634317.65972225,0.8771681867840353,48
academic,564960,11770.0,963260819.4583334,2.636911079749362,48
corresponding,564474,11759.875,114060743.359375,0.9081663233356384,48
equation,563936,11748.666666666666,170657293.51388893,1.1119207752916445,48
fold,563644,11742.583333333334,338106865.4513889,1.565897547100488,48
clear,562113,11710.6875,147818304.71484375,1.0382016544307104,48
stability,559950,11665.625,130553045.69270833,0.9794572660962171,48
upon,559012,11646.083333333334,277147217.40972227,1.4294710617776287,48
consist,558494,11635.291666666666,177569933.16493055,1.1452688306131646,48
editor,558202,11629.208333333334,124883880.45659721,0.9609549796293703,48
balance,556968,11603.5,115972597.04166667,0.9280869900224638,48
recently,555203,11566.729166666666,196198023.655816,1.2109793776763211,48
best,555092,11564.416666666666,119530771.03472222,0.9454011571399338,48
tree,554989,11562.270833333334,757348793.1974826,2.380152757474457,48
effort,554599,11554.145833333334,219572822.499566,1.2824824993808486,48
accordance,554307,11548.0625,177002439.80859375,1.1520743318592206,48
neural,550660,11472.083333333334,324659228.40972227,1.5706216623076155,48
shift,549628,11450.583333333334,129185281.24305552,0.9926105933610172,48
chemical,547995,11416.5625,288171328.32942706,1.4869282945100124,48
org,547806,11412.625,176783603.44270834,1.1650255333702226,48
perception,547761,11411.6875,1118432415.0065105,2.9305895889891134,48
necessary,545104,11356.333333333334,134907260.55555555,1.0227736490120578,48
breast,544013,11333.604166666666,1159085587.905816,3.003929337295781,48
healthcare,543641,11325.854166666666,864044944.9995661,2.595357577526992,48
datasets,542889,11310.1875,139000611.15234375,1.0424099548443138,48
subsequently,542614,11304.458333333334,214478381.41493058,1.2955136831077294,48
internal,541985,11291.354166666666,276513308.7703993,1.4726922105753895,48
close,541565,11282.604166666666,124895117.030816,0.9905202938182242,48
dysfunction,539727,11244.3125,268494772.79817706,1.4572531762197334,48
late,539051,11230.229166666666,139808430.0516493,1.0528780233830999,48
endorse,538067,11209.729166666666,124464539.280816,0.9952397145684428,48
prognosis,537816,11204.5,765799623.4583334,2.4698188067349522,48
much,535829,11163.104166666666,161213368.30164927,1.137406088485086,48
chain,534191,11128.979166666666,221398977.89539924,1.3370032913407082,48
reason,533663,11117.979166666666,233326152.06206596,1.3739023093538245,48
alternative,533349,11111.4375,136513682.4544271,1.05152074030642,48
foundation,532115,11085.729166666666,124305909.69748266,1.005730507015181,48
temporal,531557,11074.104166666666,223045380.55164933,1.3486150820200948,48
daily,531504,11073.0,164323944.125,1.1576709228248314,48
capture,531414,11071.125,103914557.27604167,0.9207599943287592,48
direction,530829,11058.9375,144077240.4752604,1.0853861794296864,48
behavioral,530577,11053.6875,606962289.1315104,2.228813204566825,48
discuss,530304,11048.0,145397215.41666666,1.0914262102693189,48
nature,529671,11034.8125,257043468.8190104,1.4529087141058243,48
last,529397,11029.104166666666,127133318.42664929,1.022326110658144,48
supervision,529072,11022.333333333334,140978945.05555555,1.07721796481472,48
nutrient,529052,11021.916666666666,684942353.3680555,2.3744875000089105,48
recognize,528065,11001.354166666666,230392388.97873262,1.379710336269488,48
fit,528013,11000.270833333334,427718233.1558159,1.8800764272555268,48
history,527665,10993.020833333334,148148035.18706593,1.1072122879769104,48
effectively,527371,10986.895833333334,135217522.25998262,1.05837964745177,48
grant,526994,10979.041666666666,128262921.16493057,1.0315401348999838,48
quantitative,525711,10952.3125,146600315.5481771,1.1055073277770056,48
barrier,525654,10951.125,198894728.77604166,1.2878132837012837,48
divide,525300,10943.75,112368021.8125,0.9686239525417416,48
dimension,523883,10914.229166666666,689405365.1349827,2.405715470266158,48
platform,523717,10910.770833333334,124789025.38498263,1.0238415783853116,48
transport,522925,10894.270833333334,235251599.155816,1.407888055632828,48
onset,522508,10885.583333333334,206594436.74305558,1.3204063504924894,48
user,522194,10879.041666666666,268233127.5815972,1.5054473330067166,48
axis,521067,10855.5625,157634718.4544271,1.1565744808212415,48
instance,520122,10835.875,169375985.15104166,1.2010523315580561,48
heat,519197,10816.604166666666,272628447.6141493,1.5264924067195194,48
stimulate,518014,10791.958333333334,533904779.12326384,2.141073835338288,48
trigger,517054,10771.958333333334,274257782.20659727,1.5373927015430668,48
liu,516835,10767.395833333334,217816114.69748262,1.37067447253368,48
primarily,516253,10755.270833333334,128921364.78081596,1.0557013967704556,48
adverse,516097,10752.020833333334,308723698.02039933,1.6341611693957698,48
generally,514943,10727.979166666666,125365409.10373265,1.0436885997029746,48
label,513223,10692.145833333334,143401269.99956596,1.1199835016957291,48
continuous,512989,10687.270833333334,90318923.82248265,0.8892473135081799,48
simulation,512953,10686.520833333334,109527293.16623263,0.9793204886905702,48
setting,511534,10656.958333333334,181668380.78993055,1.26475499971578,48
modulate,510966,10645.125,287291174.8177083,1.5922467721641504,48
skin,510644,10638.416666666666,375579245.15972227,1.8216871563652284,48
goal,510195,10629.0625,677872799.8502604,2.449509584862252,48
course,510031,10625.645833333334,268133909.97873268,1.5410635002091058,48
digital,509905,10623.020833333334,300044858.02039933,1.6305910756044062,48
requirement,509681,10618.354166666666,105865789.35373265,0.9689929408920664,48
consumption,509608,10616.833333333334,267634639.05555558,1.5409060534715417,48
skill,509380,10612.083333333334,1005142455.2013887,2.987536065947939,48
pair,507783,10578.8125,187306430.6106771,1.2937174146642072,48
left,507549,10573.9375,198808251.3919271,1.333461446361413,48
stable,506302,10547.958333333334,102799830.87326388,0.9612310575864871,48
western,506301,10547.9375,190678927.7669271,1.3091330973117121,48
severity,505493,10531.104166666666,226397421.718316,1.4287683783280907,48
notably,505010,10521.041666666666,186301602.45659724,1.2973272926006103,48
fact,503908,10498.083333333334,171247996.61805558,1.2465299966935952,48
oxygen,503646,10492.625,160860581.02604166,1.2087616276536717,48
positively,502570,10470.208333333334,348464620.08159727,1.782887835981904,48
variety,502396,10466.583333333334,393555356.0763889,1.8953873512538115,48
kit,502297,10464.520833333334,357582844.91623265,1.8070450955951098,48
white,502024,10458.833333333334,102348720.43055554,0.9672928250327537,48
contact,501590,10449.791666666666,122743296.1232639,1.060208443443683,48
diverse,501224,10442.166666666666,153652672.80555555,1.1870784992014916,48
decline,500737,10432.020833333334,125577369.89539929,1.0742051885836725,48
representative,498776,10391.166666666666,209112007.0972222,1.3916344609090832,48
institutional,498316,10381.583333333334,155704640.95138887,1.2019521656242984,48
encode,498009,10375.1875,421739317.65234375,1.979365933863111,48
communication,497628,10367.25,306222660.0625,1.68793256085211,48
widely,496475,10343.229166666666,105040468.00998266,0.990882542316609,48
background,496378,10341.208333333334,146165403.24826387,1.1690982409010584,48
optimal,495102,10314.625,94383039.31770833,0.9418755773171568,48
binding,494862,10309.625,366739411.6510417,1.8575303711219264,48
panel,494591,10303.979166666666,156278974.312066,1.2132360437218404,48
list,494348,10298.916666666666,124166171.65972222,1.0819572500728922,48
attribute,493363,10278.395833333334,137924585.030816,1.1426033791649743,48
failure,493351,10278.145833333334,164188428.5828993,1.2466843213584253,48
climate,492649,10263.520833333334,336501900.7078993,1.7872997417922956,48
department,492647,10263.479166666666,145256180.499566,1.1742828143439956,48
subgroup,492379,10257.895833333334,217351848.21831596,1.4372204370036314,48
predictive,492173,10253.604166666666,192902934.36414933,1.354543227499503,48
heterogeneity,491087,10230.979166666666,178019157.72873268,1.304115842061174,48
yet,490885,10226.770833333334,123479696.55164929,1.0865738593018421,48
must,490880,10226.666666666666,123089960.84722225,1.0848687920447073,48
gain,490120,10210.833333333334,121741719.22222222,1.080583987704286,48
objective,489700,10202.083333333334,131733390.07638888,1.1250169544592685,48
unique,489420,10196.25,153730477.0625,1.2160166239375407,48
vascular,488731,10181.895833333334,241865745.1349826,1.527420210070691,48
enrichment,488530,10177.708333333334,334782884.70659727,1.797759625185258,48
meet,488469,10176.4375,132053016.82942708,1.1292195645870324,48
down,488372,10174.416666666666,141993277.90972224,1.171181957868092,48
validate,486963,10145.0625,133299762.51692708,1.1380463780571428,48
committee,486397,10133.270833333334,152675350.78081596,1.219368054434069,48
organ,485768,10120.166666666666,297697593.9305555,1.7049042659141949,48
series,485710,10118.958333333334,78032257.58159722,0.8729739378801277,48
variance,485111,10106.479166666666,258494952.0412326,1.590838702663631,48
team,484405,10091.770833333334,507781643.63498265,2.23290948557312,48
extraction,483984,10083.0,183597103.54166666,1.3438263281992409,48
text,483948,10082.25,155106477.60416666,1.2352575176508376,48
force,482857,10059.520833333334,119078593.4162326,1.0847747148365288,48
visualization,482773,10057.770833333334,106463867.92664929,1.0258866639612243,48
recovery,482523,10052.5625,106213322.53776042,1.0252097206293513,48
mixed,481902,10039.625,135598240.94270834,1.159870589991966,48
differ,481437,10029.9375,173834740.1002604,1.314528660807235,48
vector,481206,10025.125,173963256.02604166,1.3156457508507517,48
classify,481182,10024.625,104537683.27604167,1.0199251476516409,48
chen,481085,10022.604166666666,181794666.36414933,1.3452716500106874,48
locate,480854,10017.791666666666,120956165.08159722,1.0978474786828274,48
concept,480311,10006.479166666666,374804625.83289933,1.934733607301705,48
antibiotic,479756,9994.916666666666,850261051.451389,2.9174066276349695,48
infect,479332,9986.083333333334,730444965.2013888,2.7064410005529265,48
degradation,477991,9958.145833333334,251005950.58289933,1.5909756274446547,48
he,477947,9957.229166666666,163790246.6766493,1.285302984296345,48
wide,477496,9947.833333333334,108320502.76388888,1.0462291907913484,48
random,477424,9946.333333333334,94751151.09722221,0.9786541400193348,48
systemic,475545,9907.1875,333058031.81901044,1.8420846061177212,48
modification,475517,9906.604166666666,170914506.32248268,1.3196678972458544,48
implement,475490,9906.041666666666,137475125.20659724,1.1836189551153506,48
alter,475370,9903.541666666666,139906231.45659724,1.1943400509062971,48
reduced,474999,9895.8125,137333887.8606771,1.1842336557619249,48
session,474964,9895.083333333334,392954102.7430556,2.0033252166604525,48
effectiveness,473798,9870.791666666666,149054547.87326387,1.2368602429784668,48
live,473020,9854.583333333334,193932850.70138887,1.4131472714950237,48
iii,472978,9853.708333333334,148092015.37326387,1.234997614080588,48
buffer,472859,9851.229166666666,275244907.55164933,1.6841052287275844,48
ma,471914,9831.541666666666,127839443.2482639,1.1500343468831602,48
introduce,471595,9824.895833333334,79364666.6766493,0.90674599026402,48
professional,470665,9805.520833333334,483814460.33289933,2.2432039214488557,48
currently,470180,9795.416666666666,119778214.40972222,1.1172902348015596,48
variability,469966,9790.958333333334,108980386.74826388,1.0662252669086714,48
distribute,469469,9780.604166666666,87492123.73914932,0.9563542593296519,48
syndrome,469256,9776.166666666666,203291642.9722222,1.4584487277612757,48
repeat,467277,9734.9375,144747007.8502604,1.2358666982067215,48
mode,467023,9729.645833333334,78170926.97873263,0.9087106105219143,48
kidney,466905,9727.1875,335115693.56901044,1.8819587318899118,48
sense,465450,9696.875,405300894.734375,2.0761416641194725,48
rt,465162,9690.875,218829575.609375,1.5264761293211886,48
alteration,463107,9648.0625,150433616.7669271,1.2712540232172655,48
illustrate,462082,9626.708333333334,76167440.83159722,0.906581532497809,48
bp,460926,9602.625,243685394.02604166,1.6256415107130153,48
nk,460926,9602.625,2291577636.8177085,4.985139531361513,48
perceive,459399,9570.8125,1032041490.7356771,3.356601393771025,48
plate,458983,9562.145833333334,324472284.16623265,1.8837941337936979,48
probability,458818,9558.708333333334,100215107.16493057,1.0472910388595813,48
pb,458808,9558.5,307364479.7916667,1.8341594772090883,48
elevate,457424,9529.666666666666,194980581.5972222,1.4652710555918982,48
impairment,457276,9526.583333333334,216998577.32638893,1.5462911579585108,48
spectrum,456188,9503.916666666666,104959613.74305557,1.0779745117934039,48
fully,455541,9490.4375,88270038.66276042,0.9899663323099873,48
particle,455378,9487.041666666666,152101598.20659724,1.2999782337148325,48
seem,454698,9472.875,198333368.609375,1.4866751683388046,48
ion,454448,9467.666666666666,170212557.55555558,1.3780114925411215,48
separate,454285,9464.270833333334,109245618.82248263,1.1043706464027958,48
differential,453313,9444.020833333334,169508241.60373262,1.3786006309278016,48
transition,452881,9435.020833333334,61799374.0203993,0.8331998336375533,48
alone,452541,9427.9375,167854461.7252604,1.374199385554504,48
deviation,452200,9420.833333333334,78870638.18055555,0.9426888206884972,48
migration,452085,9418.4375,260220411.24609375,1.7127414936199916,48
device,452056,9417.833333333334,79282388.47222222,0.9454473788442175,48
broad,451373,9403.604166666666,103770995.82248265,1.0832873019149694,48
cardiovascular,450687,9389.3125,330555072.08984375,1.9363689899502852,48
wild,450101,9377.104166666666,383222181.1766493,2.087644659132775,48
turn,449186,9358.041666666666,163900420.12326387,1.3680597286839298,48
occurrence,449145,9357.1875,95938105.90234375,1.0467675187576928,48
burden,448524,9344.25,252114132.89583334,1.6992377459683128,48
forest,447817,9329.520833333334,284113026.29123265,1.8067007890457456,48
filter,446782,9307.958333333334,141734563.9565972,1.2790380234747085,48
resolution,446221,9296.270833333334,89846488.44748263,1.0196280775598645,48
cover,445951,9290.645833333334,99597393.27039929,1.074182520799737,48
middle,445587,9283.0625,111427164.89192708,1.137114679044884,48
pandemic,444785,9266.354166666666,557944978.0203993,2.549099520200507,48
oral,443775,9245.3125,184206061.1731771,1.4680145594327487,48
inclusion,443172,9232.75,100223344.77083333,1.084309767960175,48
situation,442381,9216.270833333334,491980524.3641493,2.4066820946184535,48
advantage,442324,9215.083333333334,88807563.45138888,1.0226469100032844,48
rapid,442260,9213.75,85112676.8125,1.0012918943583755,48
match,442057,9209.520833333334,122297547.74956597,1.200803208810802,48
appropriate,441597,9199.9375,93500486.68359375,1.0510468107727509,48
anova,441436,9196.583333333334,161595775.20138887,1.3822560219136297,48
guideline,440191,9170.645833333334,126683417.43706596,1.2273260825768886,48
institute,440147,9169.729166666666,98085621.530816,1.0800557304147116,48
feed,439274,9151.541666666666,227082197.33159724,1.646634773632865,48
external,439229,9150.604166666666,139762065.2391493,1.2919475584826836,48
output,438522,9135.875,95822806.69270833,1.07148055732655,48
pi,437077,9105.770833333334,242149267.50998268,1.7089323211430265,48
until,436754,9099.041666666666,87608431.91493057,1.0286729025952712,48
peripheral,436343,9090.479166666666,381391375.9995659,2.148318451044558,48
injection,435118,9064.958333333334,206605819.03993055,1.585643174340061,48
dry,434654,9055.291666666666,339421697.6232639,2.0345452685656795,48
correct,434433,9050.6875,181462668.21484375,1.48837400490937,48
wave,434298,9047.875,196889074.609375,1.5508300830618058,48
typically,433396,9029.083333333334,81401732.99305554,0.9992477156168673,48
plan,433227,9025.5625,153735860.8294271,1.373767741139963,48
primer,432635,9013.229166666666,444516356.4683159,2.339179017013869,48
gas,431644,8992.583333333334,224998281.15972218,1.6680348848826883,48
demand,431572,8991.083333333334,211136330.36805558,1.61610458213634,48
expose,431468,8988.916666666666,114698748.99305557,1.1914394782653017,48
confidence,431043,8980.0625,164966369.68359375,1.430271053644062,48
refer,430333,8965.270833333334,131997354.69748265,1.2815017397764696,48
every,429939,8957.0625,78280943.18359375,0.987784984837323,48
obesity,429685,8951.770833333334,345022366.67664933,2.074983603554532,48
st,429476,8947.416666666666,205614728.0347222,1.60261590159658,48
nf,429439,8946.645833333334,449648449.0620661,2.370152577467059,48
quantify,429039,8938.3125,102580171.38151042,1.1331207064039879,48
summary,428927,8935.979166666666,84668274.14539932,1.0297177666162283,48
call,428733,8931.9375,107509052.39192708,1.1608519666172203,48
hr,428302,8922.958333333334,244671210.41493058,1.7530026403887364,48
cortex,427776,8912.0,336057499.5,2.056987336195637,48
upper,427503,8906.3125,80544438.08984375,1.0076735257965417,48
choose,427272,8901.5,140628890.5,1.3322142630320775,48
module,427252,8901.083333333334,155216869.74305552,1.3996730269192743,48
predictor,426964,8895.083333333334,201831536.28472224,1.597145535593269,48
gap,426923,8894.229166666666,84941652.09331597,1.0362201582436408,48
interestingly,426192,8879.0,173406342.0,1.48309316176805,48
cov,425820,8871.25,560914750.3541666,2.6697070733940595,48
her,425414,8862.791666666666,308706119.7065972,1.9824492519628545,48
demographic,425393,8862.354166666666,215756966.062066,1.6574228101165498,48
systematic,425063,8855.479166666666,110322743.874566,1.1860976944487536,48
sensitive,423908,8831.416666666666,87943115.70138888,1.0618680377304828,48
reverse,423725,8827.604166666666,157258543.405816,1.4205753464352375,48
you,423593,8824.854166666666,378553884.374566,2.2047345919366896,48
resistant,423019,8812.895833333334,371285681.093316,2.186429424932696,48
feedback,422522,8802.541666666666,285692164.9982639,1.9201761698335764,48
monitor,421921,8790.020833333334,61999167.395399295,0.8957834290369194,48
renal,421241,8775.854166666666,296782161.79123265,1.963041582695202,48
advance,421150,8773.958333333334,72982415.16493054,0.9736739432926644,48
strongly,419854,8746.958333333334,148799854.08159724,1.3945824479382534,48
recognition,418753,8724.020833333334,202950488.35373268,1.6329705644701256,48
integration,418437,8717.4375,93641560.78776042,1.1100575104147203,48
emission,418246,8713.458333333334,454739742.3732638,2.4473207751095005,48
respiratory,418092,8710.25,188395759.9375,1.5758139540892728,48
examination,417995,8708.229166666666,122299235.96831597,1.2699365491428534,48
modify,417764,8703.416666666666,81364828.99305555,1.0364028118748523,48
monitoring,417314,8694.041666666666,69101699.66493055,0.9561425546465494,48
sea,416969,8686.854166666666,1421160928.791233,4.339693911985542,48
commonly,416568,8678.5,72011551.45833333,0.9778143715099807,48
statistic,416421,8675.4375,131402513.49609375,1.3213274304072227,48
dietary,416346,8673.875,695173508.4010416,3.0397190669640213,48
speed,415840,8663.333333333334,92293460.01388888,1.1089205687996084,48
zone,413262,8609.625,182299906.359375,1.5682272174641774,48
diagnose,413137,8607.020833333334,178871326.3953993,1.5538801167510945,48
basis,413061,8605.4375,83184337.07942708,1.059858348834689,48
raw,412725,8598.4375,89109525.95442708,1.0978487906926715,48
log,412683,8597.5625,127204138.12109375,1.3118231123581618,48
fish,412593,8595.6875,520812560.08984375,2.6549729856840067,48
off,412569,8595.1875,63346557.944010414,0.9259896996026115,48
dm,412519,8594.145833333334,322482601.4578993,2.08953873047092,48
substrate,412497,8593.6875,197928558.5481771,1.6370979848859901,48
tolerance,412420,8592.083333333334,521311878.1180554,2.6573596096959933,48
ng,411441,8571.6875,195944940.4231771,1.6330545704592339,48
nitrogen,410395,8549.895833333334,603816459.6766492,2.874032336212863,48
enrich,410332,8548.583333333334,194100011.1597222,1.629741146895913,48
fluid,409729,8536.020833333334,91541055.60373263,1.1208628928839086,48
difficult,408909,8518.9375,96642393.35026042,1.153980330440641,48
suppress,408908,8518.916666666666,291401227.4930555,2.0038320495855637,48
scenario,408823,8517.145833333334,97758966.87456597,1.1608716844892117,48
throughout,408813,8516.9375,63954580.350260414,0.9389714046937531,48
genomic,408480,8510.0,350033545.9583333,2.1984939442816205,48
guide,407798,8495.791666666666,88190315.03993057,1.1053672494921656,48
implementation,407790,8495.625,176460048.15104166,1.5636079232332492,48
participation,406952,8478.166666666666,263914136.2222222,1.9161494410291842,48
interact,406773,8474.4375,127784090.28776042,1.3339130202336595,48
inform,406750,8473.958333333334,148024674.83159724,1.4357563099884112,48
black,406556,8469.916666666666,68679522.90972222,0.9784406723056899,48
induced,405941,8457.104166666666,215736004.50998268,1.73675931055849,48
intake,405671,8451.479166666666,606262266.9578995,2.9133827489649566,48
incorporate,405325,8444.270833333334,60952129.947482646,0.9245540156688875,48
specificity,405074,8439.041666666666,131608825.70659722,1.3594066055489809,48
sars,405013,8437.770833333334,501537994.0516493,2.654142237822352,48
person,404572,8428.583333333334,467732896.5763888,2.565927450238664,48
complication,404464,8426.333333333334,192489156.26388887,1.6465104797125178,48
run,404398,8424.958333333334,74263777.58159722,1.0228707428733987,48
wall,404331,8423.5625,216041275.49609375,1.7449081205862054,48
alpha,403742,8411.291666666666,147224085.33159724,1.4425362641153172,48
fiber,403038,8396.625,104906030.52604167,1.2198192129323906,48
candidate,403030,8396.458333333334,185998322.62326387,1.6242705745457067,48
head,402155,8378.229166666666,91287590.63498265,1.1403906217378343,48
fast,402068,8376.416666666666,68335454.7013889,0.9868809642333113,48
extent,401894,8372.791666666666,109779839.9982639,1.251385192135175,48
delivery,400732,8348.583333333334,123013985.65972221,1.328508870054409,48
engagement,400328,8340.166666666666,606956242.7222223,2.953955590049743,48
organic,399081,8314.1875,320174919.98567706,2.152156457173814,48
extend,399027,8313.0625,71996511.01692708,1.0206919268859929,48
fraction,398868,8309.75,113497225.0625,1.282049115949985,48
square,398600,8304.166666666666,80559812.72222222,1.0808443756618644,48
basic,397396,8279.083333333334,115064701.15972221,1.2956532922560942,48
eye,397386,8278.875,202053070.90104166,1.7169648422909776,48
pathological,396846,8267.625,202893808.984375,1.7228744394199018,48
representation,396451,8259.395833333334,197889214.61414933,1.703188759233506,48
international,395524,8240.083333333334,85796180.99305555,1.1240933395495765,48
antioxidant,395324,8235.916666666666,265243899.53472224,1.9774738923429571,48
cc,395136,8232.0,89641602.66666667,1.150136654500941,48
avoid,394160,8211.666666666666,79812665.55555557,1.087939126239034,48
continue,393438,8196.625,72810704.609375,1.041028335419454,48
reliability,393169,8191.020833333333,303199471.312066,2.12581853481818,48
crop,392726,8181.791666666667,1233972891.0815973,4.293430059587932,48
responsible,392486,8176.791666666667,88105959.45659722,1.1479413761857733,48
protection,392254,8171.958333333333,148622734.8732639,1.4918201907577953,48
closely,392075,8168.229166666667,89151627.50998263,1.1559438112560922,48
ra,391661,8159.604166666667,515144229.9474826,2.7816041703965046,48
identity,391319,8152.479166666667,403601228.0828993,2.464260080922848,48
wash,390778,8141.208333333333,245328602.49826393,1.9239120908892853,48
package,390616,8137.833333333333,137140750.59722224,1.4390453152658764,48
scan,390584,8137.166666666667,85545819.80555557,1.1366485046704449,48
fat,390206,8129.291666666667,227227619.9565972,1.8542908450475297,48
preparation,389268,8109.75,80996216.6875,1.109749352756604,48
fatty,388941,8102.9375,167960087.0169271,1.5994127597069605,48
topic,388935,8102.8125,112352772.81901042,1.3081456703773258,48
re,387971,8082.729166666667,63946295.3641493,0.989349338685578,48
band,387852,8080.25,78713839.4375,1.097995980795916,48
matter,387586,8074.708333333333,92765537.03993057,1.1927968607252644,48
acquire,386812,8058.583333333333,89975199.82638888,1.177071132006109,48
pa,386789,8058.104166666667,100180484.25998263,1.242106075800312,48
cultural,386548,8053.083333333333,552108127.7847222,2.917762088848469,48
majority,386378,8049.541666666667,80143854.83159722,1.1121515234520722,48
induction,385230,8025.625,262923802.609375,2.0203940881673574,48
relation,384237,8004.9375,247306995.9752604,1.9645371941573277,48
object,383362,7986.708333333333,406237731.74826384,2.5236103773138607,48
dc,383242,7984.208333333333,836850675.0399305,3.6231984747006356,48
think,383214,7983.625,248055527.19270834,1.9727603237229692,48
purpose,383112,7981.5,117079812.625,1.3556778221290395,48
indeed,382577,7970.354166666667,107511334.85373265,1.3009167548419567,48
prevention,382035,7959.0625,186544082.43359375,1.716045597198396,48
rise,381886,7955.958333333333,53105636.83159723,0.9159627463824848,48
emphasize,381655,7951.145833333333,131944982.16623263,1.4446635667896328,48
mention,381586,7949.708333333333,76550862.20659722,1.1005856556113818,48
frequently,380593,7929.020833333333,80081235.1453993,1.128615011682352,48
comprise,380490,7926.875,79277673.40104167,1.1232422694658835,48
consequently,380091,7918.5625,69998839.41276042,1.0565719354617265,48
substantial,380000,7916.666666666667,63791636.80555555,1.0088800021438435,48
auc,379135,7898.645833333333,163425907.22873262,1.6184817672999043,48
protective,378772,7891.083333333333,179315939.53472224,1.6969647390556188,48
adopt,378621,7887.9375,122042947.64192708,1.4005315070662159,48
machine,378314,7881.541666666667,43296844.08159722,0.8348663273004785,48
hour,377950,7873.958333333333,193149695.62326393,1.7650373573467828,48
sp,376985,7853.854166666667,263669664.9162326,2.067508247963333,48
sign,376736,7848.666666666667,89784933.3888889,1.2072739992089785,48
subset,376713,7848.1875,645557771.9023438,3.2374136001482894,48
his,376406,7841.791666666667,158631604.91493055,1.6061258015722348,48
undergo,376331,7840.229166666667,111338771.09331596,1.3458431692276431,48
hence,374065,7793.020833333333,70016564.22873265,1.0737286974775924,48
though,373771,7786.895833333333,73772282.88498265,1.1030171026087123,48
vs,373694,7785.291666666667,88963836.58159722,1.2115235605571484,48
summarize,373630,7783.958333333333,61014356.33159723,1.0034956968281739,48
innovation,373063,7772.145833333333,200937073.74956596,1.8238499085413973,48
interview,373016,7771.166666666667,311078881.5972222,2.269598528225107,48
advanced,373014,7771.125,195423745.90104166,1.7988906814839973,48
cod,372700,7764.583333333333,106004104.90972221,1.3259989685339637,48
nuclear,372343,7757.145833333333,138472430.91623262,1.5169794654301936,48
educational,371487,7739.3125,485227458.21484375,2.8462320280971185,48
men,370307,7714.729166666667,193186665.07248262,1.8016394728186962,48
sport,370268,7713.916666666667,622828579.1180556,3.2352610061222973,48
mr,369663,7701.3125,116405140.50651042,1.4009457993571586,48
near,369430,7696.458333333333,66957366.41493055,1.063183576439894,48
iron,368815,7683.645833333333,127795537.64539929,1.4712636537409152,48
conventional,368473,7676.520833333333,73138864.7078993,1.1140628042808558,48
surgical,368241,7671.6875,237973539.96484375,2.010821090149846,48
build,367733,7661.104166666667,80185793.88498265,1.1688461461708408,48
negatively,367270,7651.458333333333,129179182.41493054,1.4854295122820647,48
underlie,367186,7649.708333333333,81739459.16493057,1.1818735221987755,48
date,366674,7639.041666666667,66753067.45659722,1.0695392693004764,48
choice,366308,7631.416666666667,199762815.74305555,1.8520476634388054,48
rank,366222,7629.625,82130539.109375,1.1878159265160908,48
usually,365862,7622.125,55085581.942708336,0.9737397612457884,48
seven,365558,7615.791666666667,80430969.49826388,1.1775967450890572,48
robust,364919,7602.479166666667,65468941.74956598,1.064295980048677,48
theoretical,364696,7597.833333333333,272403248.3055556,2.17228287468687,48
difficulty,364554,7594.875,257963904.94270834,2.1147490610249764,48
half,364279,7589.145833333333,63784859.416232646,1.0523638061135718,48
immunity,364211,7587.729166666667,687138421.9058161,3.4546996470137668,48
province,363891,7581.0625,119650822.22526042,1.4428718701729817,48
infant,363883,7580.895833333333,374055081.7183161,2.5512161204308783,48
own,363784,7578.833333333333,262949087.43055558,2.1396043756722904,48
regional,363567,7574.3125,96362060.75651042,1.2960143800244062,48
er,363098,7564.541666666667,129011890.62326388,1.50152390396512,48
interpretation,362922,7560.875,95802505.44270833,1.2945426859306413,48
uptake,362464,7551.333333333333,145059116.2638889,1.5949566078268331,48
involvement,361752,7536.5,109373089.16666667,1.387667879781096,48
pc,361131,7523.5625,81741216.24609375,1.2017026381136702,48
observed,360674,7514.041666666667,57125871.33159723,1.0058722331019196,48
engage,360641,7513.354166666667,300475138.60373265,2.307121205075843,48
gc,360058,7501.208333333333,177216435.41493055,1.7746829257369015,48
hormone,359536,7490.333333333333,260080296.0555555,2.153042389663209,48
connection,358672,7472.333333333333,99588446.47222221,1.3355133748351666,48
ro,358367,7465.979166666667,184925379.812066,1.8214258084354138,48
neuronal,358261,7463.770833333333,209129224.38498262,1.9375328163072192,48
align,358096,7460.333333333333,66386945.47222222,1.0921520640704712,48
hz,357849,7455.1875,135590810.1940104,1.561911984820431,48
rest,357717,7452.4375,90290858.16276042,1.2750392319677064,48
respond,357273,7443.1875,134820853.8190104,1.5599819640711172,48
ecological,357255,7442.8125,255008860.9440104,2.145559473274408,48
net,356841,7434.1875,147263870.0690104,1.6323549267880797,48
past,356821,7433.770833333333,98849442.96831597,1.337451199372326,48
name,356373,7424.4375,91144095.24609375,1.2858808050812458,48
couple,355966,7415.958333333333,49405664.91493055,0.9478095782201738,48
sub,355749,7411.4375,55791334.079427086,1.007815242773289,48
delay,354896,7393.666666666667,58883371.930555545,1.0378544905586105,48
city,354659,7388.729166666667,236314236.2391493,2.080535808686157,48
personal,354648,7388.5,464239006.875,2.9161814065252156,48
adaptation,354365,7382.604166666667,108643931.73914929,1.4118649391860099,48
solid,353990,7374.791666666667,93862270.41493054,1.3136987033692098,48
assume,353457,7363.6875,83834328.29817708,1.2434135474602757,48
informed,353184,7358.0,97350255.125,1.3409382018071165,48
fruit,352959,7353.3125,962428313.2148438,4.218918855455974,48
consequence,352767,7349.3125,101543672.21484375,1.3711334253841017,48
joint,352331,7340.229166666667,82388792.42664929,1.236586353964775,48
beyond,350601,7304.1875,67259759.11067708,1.1228086266025554,48
complexity,350070,7293.125,60496054.276041664,1.0664730068624704,48
box,349058,7272.041666666667,100482808.83159722,1.3784452610621085,48
diameter,348956,7269.916666666667,76672215.8263889,1.2044522149028398,48
similarity,348815,7266.979166666667,120892367.89539932,1.5130229894688918,48
beneficial,347648,7242.666666666667,82151056.63888888,1.2514343715066674,48
residue,347485,7239.270833333333,152280419.53081596,1.7046185400968108,48
double,346651,7221.895833333333,70584155.17664932,1.1633285606702077,48
air,346233,7213.1875,94028416.15234375,1.3443190067167008,48
eight,345897,7206.1875,69867797.81901042,1.159933174108775,48
option,345598,7199.958333333333,84460419.28993055,1.276428914025792,48
inhibitory,345558,7199.125,162746477.52604166,1.772050459574864,48
opportunity,345451,7196.895833333333,149205830.13498268,1.697257278658146,48
detailed,345337,7194.520833333333,40753618.16623264,0.8873219225643538,48
once,345202,7191.708333333333,56362197.123263896,1.0439071961943245,48
administer,344207,7170.979166666667,121240710.77039929,1.5354856995943404,48
reproduction,344159,7169.979166666667,53031306.56206596,1.0156598151948526,48
iv,343241,7150.854166666667,70341433.91623263,1.1728640842227651,48
se,342470,7134.791666666667,148013033.20659724,1.705173924998355,48
pregnancy,342315,7131.5625,175499443.8294271,1.8576041797529756,48
height,341915,7123.229166666667,111395124.63498266,1.481685992865834,48
metric,341815,7121.145833333333,33390558.99956597,0.8114503747012717,48
segment,341577,7116.1875,46153416.610677086,0.9546727923164983,48
prepare,341548,7115.583333333333,76148638.86805555,1.2263673036849312,48
isolates,340857,7101.1875,993600899.9856771,4.438896390713309,48
room,340787,7099.729166666667,63429159.57248264,1.1217670947957048,48
compute,340376,7091.166666666667,42060149.38888889,0.9145716028211712,48
transmission,339548,7073.916666666667,91201775.86805554,1.350024680423268,48
vessel,339486,7072.625,103805846.44270833,1.440556429752155,48
permit,339470,7072.291666666667,51925609.91493056,1.0188978368189512,48
evolution,339133,7065.270833333333,72692182.53081597,1.206743699144069,48
germany,338792,7058.166666666667,70348304.0138889,1.1883241043916306,48
overlap,338785,7058.020833333333,65249459.64539931,1.1444729272225025,48
repair,338074,7043.208333333333,109072757.16493057,1.4828171863758601,48
adaptive,337033,7021.520833333333,141245163.08289933,1.6926049375529355,48
instrument,337026,7021.375,114448280.109375,1.5236403545982802,48
minimum,336810,7016.875,41998061.317708336,0.9235722631649742,48
construction,336248,7005.166666666667,66696674.88888887,1.1658256843779253,48
mechanical,336065,7001.354166666667,92746457.77039932,1.375519079269856,48
tend,335950,6998.958333333333,129522634.9982639,1.6260707116674964,48
analyse,335552,6990.666666666667,54119273.638888896,1.0523431663851581,48
oil,335460,6988.75,122160241.1875,1.5814863050768562,48
attitude,334812,6975.25,471167067.4375,3.111914713241335,48
metal,334463,6967.979166666667,143065477.562066,1.7165662953476413,48
toxicity,333628,6950.583333333333,203883906.70138887,2.054330049090095,48
adapt,333418,6946.208333333333,90796980.08159721,1.371790836109987,48
transcript,333301,6943.770833333333,207018051.50998268,2.072090544885234,48
government,332677,6930.770833333333,207877453.42664933,2.080281729780659,48
optimize,332141,6919.604166666667,41424116.3641493,0.9301336898938051,48
pulmonary,332089,6918.520833333333,174292423.62456596,1.9082092707457798,48
promoter,331933,6915.270833333333,213202651.94748262,2.1114806580950174,48
ask,331867,6913.895833333333,316347423.8016493,2.5725233120081774,48
hold,331519,6906.645833333333,71038308.27039929,1.2203351449685682,48
differentially,331493,6906.104166666667,157886148.75998265,1.8194448290158671,48
salt,331146,6898.875,480476824.6927083,3.177297977431932,48
accurate,330701,6889.604166666667,36797715.07248264,0.8804732283595308,48
expand,330235,6879.895833333333,67372668.71831597,1.193053756694739,48
column,330097,6877.020833333333,78885927.85373263,1.291514924097799,48
motivation,330001,6875.020833333333,715021501.4787327,3.889426172562005,48
transformation,329989,6874.770833333333,67128991.59331597,1.1917820386065954,48
document,329675,6868.229166666667,43687572.50998264,0.9623525013457805,48
recommend,329565,6865.9375,64072855.641927086,1.1658352821406566,48
efficient,329542,6865.458333333333,58527834.58159723,1.1143245339316221,48
store,329484,6864.25,72476126.3125,1.2402361738475634,48
marine,327532,6823.583333333333,952604021.2013888,4.523178277606887,48
already,327319,6819.145833333333,50560699.16623262,1.0427412569608472,48
urban,327181,6816.270833333333,269250126.69748265,2.40730501226937,48
gradient,326912,6810.666666666667,54497929.09722222,1.0839278488963275,48
protect,326729,6806.854166666667,74546034.66623265,1.2684280203750167,48
progress,326651,6805.229166666667,48811453.96831597,1.026639849271839,48
numerous,326307,6798.0625,51520034.516927086,1.0558516904502673,48
supply,326098,6793.708333333333,73353982.12326388,1.2606802515327822,48
implication,324740,6765.416666666667,100862097.61805557,1.4844632448365287,48
alcohol,324547,6761.395833333333,108257710.36414932,1.5388385489730232,48
deficiency,322858,6726.208333333333,127028549.83159725,1.6756385966362022,48
land,322439,6717.479166666667,317896382.2078993,2.6542172327487457,48
dominant,321884,6705.916666666667,93028458.2013889,1.4383009238820157,48
transform,321530,6698.541666666667,54413711.24826389,1.1012195445512092,48
connect,321098,6689.541666666667,38499616.581597224,0.927538273227457,48
college,320844,6684.25,231813566.8125,2.277806038454681,48
nucleus,320840,6684.166666666667,79468100.34722221,1.3336723441289984,48
supplement,320430,6675.625,105752025.69270833,1.5404670562950726,48
constant,320182,6670.458333333333,37983733.20659723,0.9239386774620911,48
valuable,320071,6668.145833333333,44623008.08289931,1.0017845563063716,48
car,319450,6655.208333333333,687709664.1232637,3.9404054274433693,48
cr,319178,6649.541666666667,91672218.28993054,1.4398828486539585,48
slow,318942,6644.625,41411172.942708336,0.9684747225795057,48
verify,318866,6643.041666666667,51695832.20659722,1.0823327231898598,48
yang,318799,6641.645833333333,82564423.2703993,1.3681091980159041,48
seek,318349,6632.270833333333,175629956.4891493,1.9981912102888764,48
simple,318338,6632.041666666667,62614631.24826389,1.193137972229589,48
industry,318150,6628.125,108669600.359375,1.5727632214008747,48
come,317885,6622.604166666667,85520283.61414932,1.3963869074637487,48
nerve,317563,6615.895833333333,131587870.30164929,1.733880931253565,48
promising,316625,6596.354166666667,90760496.14539932,1.4442569470577096,48
regulator,316336,6590.333333333333,144446867.2222222,1.8236717988122204,48
except,315898,6581.208333333333,59262119.123263896,1.169722785036166,48
amplitude,315033,6563.1875,119410784.98567708,1.6649721180243968,48
donor,314842,6559.208333333333,344988482.20659727,2.831723681568728,48
south,314234,6546.541666666667,82514206.66493055,1.3875620964952138,48
homeostasis,313903,6539.645833333333,133184783.31206596,1.7647088971908351,48
possibility,312949,6519.770833333333,62574057.176649295,1.2132905823059006,48
nevertheless,312887,6518.479166666667,47333887.99956597,1.0554552089001605,48
phenomenon,312761,6515.854166666667,72622329.29123263,1.3078674507924042,48
operation,312729,6515.1875,56049852.360677086,1.1491065964755585,48
cat,311628,6492.25,158299847.35416666,1.937960910912377,48
fe,311504,6489.666666666667,142426306.43055555,1.8389618321204466,48
typical,311215,6483.645833333333,39150001.85373264,0.9650428776274239,48
later,311075,6480.729166666667,55437638.32248264,1.1488901022182978,48
recruit,310721,6473.354166666667,96388667.60373265,1.516643890368718,48
imaging,309912,6456.5,86777471.29166667,1.4428006852893356,48
move,309911,6456.479166666667,70026479.41623265,1.2960906939362575,48
presentation,309405,6445.9375,142429430.0169271,1.8514576303207737,48
sem,309330,6444.375,78501095.734375,1.374855499406386,48
ethical,309310,6443.958333333333,78792988.37326388,1.3774982713205328,48
instead,308745,6432.1875,63958106.985677086,1.2433377071162355,48
rich,308116,6419.083333333333,55834845.40972223,1.1640714697581618,48
beta,307968,6416.0,71036311.16666667,1.3136384303441444,48
institution,307850,6413.541666666667,96814986.3732639,1.5341696033655317,48
frontiersin,307772,6411.916666666667,55706281.20138887,1.1640301095705377,48
ecosystem,307479,6405.8125,232616843.8190104,2.3809285177300845,48
home,307466,6405.541666666667,159260259.08159724,1.9701434467067238,48
now,307294,6401.958333333333,46912930.37326389,1.0698759808883433,48
velocity,307195,6399.895833333333,91337993.50998263,1.4933198160022436,48
reactive,306946,6394.708333333333,104428920.20659722,1.5980473853876835,48
cut,306870,6393.125,40150722.484375,0.9911365373475399,48
european,306585,6387.1875,36656360.235677086,0.9479054157802651,48
validity,305326,6360.958333333333,355819773.4149306,2.965462855760563,48
rice,304971,6353.5625,898145016.0794271,4.71689192551273,48
satisfaction,304465,6343.020833333333,547323656.312066,3.6882977355513122,48
developmental,304407,6341.8125,113716828.52734375,1.6815081316005953,48
thank,304168,6336.833333333333,45007944.513888896,1.0586985174724384,48
mild,304151,6336.479166666667,62050097.74956598,1.2431491108439756,48
income,303496,6322.833333333333,235802167.63888887,2.4286345126190376,48
useful,303438,6321.625,38936417.067708336,0.9870729777610604,48
ultimately,303261,6317.9375,50398944.18359375,1.123661223094736,48
prove,303198,6316.625,40801445.942708336,1.0112363728449385,48
ev,302923,6310.895833333333,119127218.25998263,1.7294757962523826,48
incubation,302086,6293.458333333333,175673458.2482639,2.1060259304709175,48
calculation,301807,6287.645833333333,32737713.895399306,0.9099889179762584,48
versus,301295,6276.979166666667,85752611.6453993,1.4752750259909935,48
million,301132,6273.583333333333,54303873.65972223,1.174626336274902,48
tube,301116,6273.25,73742435.72916667,1.368882413181457,48
fc,300890,6268.541666666667,225549686.74826387,2.395822268227633,48
manner,300543,6261.3125,69880444.71484375,1.3350958632339271,48
na,300425,6258.854166666667,89582407.83289929,1.5122254168853997,48
radiation,300343,6257.145833333333,168984667.374566,2.0775303335603823,48
pool,299951,6248.979166666667,72431571.35373263,1.3619302831558306,48
generative,299888,6247.666666666667,39085767.55555555,1.0006713643505596,48
suitable,298938,6227.875,39747757.026041664,1.012316757247767,48
partial,298783,6224.645833333333,48501086.68706598,1.118822234101329,48
interpret,298659,6222.0625,77768849.68359375,1.417321803982716,48
invasive,298456,6217.833333333333,77230603.97222222,1.4133692515965164,48
agreement,298065,6209.6875,41828212.756510414,1.0415135132955717,48
liquid,297955,6207.395833333333,85755573.69748265,1.4918382497026907,48
almost,297922,6206.708333333333,37773263.623263896,0.9902182298382882,48
grain,297829,6204.770833333333,434300704.67664915,3.3586869054915685,48
storage,297630,6200.625,103095340.56770833,1.6375103431158615,48
miss,297308,6193.916666666667,51361234.65972223,1.1570506469517714,48
fix,296871,6184.8125,50807120.15234375,1.1524862468689188,48
signature,296848,6184.333333333333,203493239.55555558,2.306652131018806,48
downstream,296785,6183.020833333333,92977942.77039929,1.5595139235357758,48
manage,296544,6178.0,58463098.666666664,1.2376362211438747,48
probe,296360,6174.166666666667,46763865.34722221,1.1075844553965986,48
noise,296316,6173.25,73842460.77083333,1.3919999362832272,48
morphology,295940,6165.416666666667,49240075.03472222,1.1381432339554653,48
fragment,295579,6157.895833333333,107517290.13498265,1.683863242921357,48
artificial,295329,6152.6875,28840165.506510418,0.8728387460403733,48
magnetic,295081,6147.520833333333,57254067.33289931,1.2308444253384858,48
dual,294736,6140.333333333333,51299458.888888896,1.1664454791712335,48
technical,294384,6133.0,34010848.125,0.9509020120173008,48
employee,294057,6126.1875,953357685.9440104,5.04008256839951,48
slightly,293575,6116.145833333333,34615813.20789931,0.9619653680144765,48
ec,293375,6111.979166666667,68694118.60373263,1.3560568990600435,48
distinguish,293361,6111.6875,50129558.006510414,1.1584726836157926,48
invasion,292998,6104.125,215695175.31770834,2.4060065036520024,48
entire,292714,6098.208333333333,29598143.248263896,0.8921337652900592,48
dog,292175,6086.979166666667,900263611.6037326,4.9292748313263814,48
terminal,292149,6086.4375,86148118.12109375,1.524964489285645,48
expansion,292012,6083.583333333333,107571463.99305557,1.7048614008516954,48
resilience,291693,6076.9375,250258420.30859375,2.603212252523289,48
lc,291001,6062.520833333333,73636242.12456597,1.4154435850972777,48
sufficient,290761,6057.520833333333,40137681.0828993,1.0458784690537322,48
differentiate,290497,6052.020833333333,78894123.43706597,1.4676480208856246,48
awareness,290475,6051.5625,214934661.4544271,2.422622273735679,48
fusion,290340,6048.75,81736503.0625,1.4946599292174123,48
abnormal,290319,6048.3125,54483520.423177086,1.2203892090481172,48
cold,290087,6043.479166666667,145820510.33289927,1.9981232699147673,48
assign,290034,6042.375,51841196.526041664,1.19159818640961,48
me,289547,6032.229166666667,88204664.13498263,1.5569258991891857,48
thickness,289056,6022.0,38604186.208333336,1.0317546852716306,48
precision,288881,6018.354166666667,37046961.85373264,1.0113431975293077,48
connectivity,288793,6016.520833333333,143796927.374566,1.993101326759557,48
library,288480,6010.0,110260458.375,1.747171049259092,48
superior,288204,6004.25,41487588.3125,1.0727544585162658,48
cortical,288135,6002.8125,141746693.3190104,1.9833606382728364,48
angle,288017,6000.354166666667,44710436.6453993,1.1143652752087179,48
video,287891,5997.729166666667,136801895.78081596,1.9501104386996266,48
keep,287874,5997.375,41206812.734375,1.0703438228886535,48
diagram,287782,5995.458333333333,36158642.748263896,1.002960134516324,48
capability,287773,5995.270833333333,37791204.947482646,1.0253840620654966,48
journal,287380,5987.083333333333,46242355.03472223,1.1358073344749986,48
principle,287313,5985.6875,46820912.173177086,1.143157041246048,48
van,287106,5981.375,90212685.984375,1.5879351990812858,48
exert,286954,5978.208333333333,87294137.41493054,1.562865100731278,48
definition,286273,5964.020833333333,53503360.645399295,1.2264543248515523,48
pathogenic,285915,5956.5625,143727207.4544271,2.0126756423262835,48
mark,285595,5949.895833333333,38092587.30164931,1.0373155142224724,48
etc,284931,5936.0625,37837511.850260414,1.036245887665848,48
elucidate,284137,5919.520833333333,68169107.20789932,1.3947849407649755,48
graph,284068,5918.083333333333,35515815.28472222,1.0070008057791613,48
begin,283808,5912.666666666667,47330428.138888896,1.1635547425720134,48
respect,283403,5904.229166666667,58244609.46831598,1.2926015220887355,48
draw,283339,5902.895833333333,74333782.92664929,1.4605889077270737,48
instruction,283042,5896.708333333333,104689653.03993057,1.7351708105923045,48
ac,282839,5892.479166666667,46284101.74956597,1.1545636073440664,48
little,282534,5886.125,52141154.192708336,1.2267634819721118,48
copyright,281917,5873.270833333333,37314805.11414931,1.0400651895594326,48
substance,281473,5864.020833333333,87550688.81206597,1.5956376642524,48
just,281473,5864.020833333333,78906021.60373263,1.5148149023947128,48
comparable,281160,5857.5,37381130.208333336,1.04379188655289,48
ground,280671,5847.3125,52876384.006510414,1.2435824067466452,48
get,280413,5841.9375,86559757.93359375,1.59257946025984,48
river,280290,5839.375,200688698.27604166,2.4260239938814276,48
english,280285,5839.270833333333,292124642.030816,2.9270185697719198,48
lp,280092,5835.25,172318759.39583334,2.2496078165286013,48
ab,279600,5825.0,118813670.66666667,1.8712735412711388,48
seq,279593,5824.854166666667,169345654.45789933,2.23409672398389,48
sensor,279267,5818.0625,36286811.725260414,1.0353710640051925,48
cue,279251,5817.729166666667,272857971.4891493,2.8393231501890095,48
society,279176,5816.166666666667,76757604.84722222,1.5063429672647044,48
market,279157,5815.770833333333,76262037.84331597,1.501574616031011,48
practical,278904,5810.5,71006442.29166667,1.4502249452171774,48
extensive,278500,5802.083333333333,31790815.743055563,0.971777576975575,48
mother,278155,5794.895833333333,154682232.38498265,2.1462217015873897,48
ha,277661,5784.604166666667,103950489.53081597,1.7625426034330118,48
electrode,277626,5783.875,132436734.77604167,1.9896896180136967,48
back,277505,5781.354166666667,47658015.10373264,1.1940936810873868,48
mitigate,277386,5778.875,40134122.776041664,1.0962600477145663,48
underscore,277067,5772.229166666667,45694679.96831598,1.1710872563603454,48
initially,276550,5761.458333333333,35383124.33159722,1.0324420008936583,48
successful,276457,5759.520833333333,41638795.95789931,1.1203732417081214,48
origin,276422,5758.791666666667,45114796.58159723,1.1663479603522537,48
unclear,276409,5758.520833333333,47641102.20789931,1.198615688818025,48
bottom,276363,5757.5625,65764938.579427086,1.4085055038597472,48
initiate,276300,5756.25,60874266.229166664,1.3554304006868694,48
md,275971,5749.395833333333,46495011.61414931,1.1859898448725714,48
equal,275738,5744.541666666667,34702453.49826389,1.0254741250104367,48
mixture,275296,5735.333333333333,74697773.76388888,1.506937240021041,48
abundant,275145,5732.1875,153908170.8606771,2.1642650720703496,48
pathology,275102,5731.291666666667,75633872.33159722,1.517419489271975,48
screening,274605,5720.9375,48267403.225260414,1.2143944228286359,48
clearly,274545,5719.6875,36290507.631510414,1.0532324232481434,48
clone,273600,5700.0,240227276.375,2.7191696425447427,48
tb,273245,5692.604166666667,145878224.28081596,2.121701325732187,48
logistic,273036,5688.25,67040592.8125,1.4394289978614996,48
isolation,272695,5681.145833333333,73443799.41623263,1.5084872030664782,48
susceptibility,272496,5677.0,81467288.625,1.5899107178628908,48
path,272268,5672.25,109099293.02083333,1.8414316540561344,48
exclusion,272221,5671.270833333333,46508990.197482646,1.2025082579045323,48
idea,271908,5664.75,124792068.27083333,1.972026484407489,48
cox,271706,5660.541666666667,118894156.33159721,1.926292630797486,48
success,271704,5660.5,74725822.79166667,1.5271459969540964,48
longitudinal,271429,5654.770833333333,63361426.1766493,1.4076590044141781,48
dr,270970,5645.208333333333,92261363.03993057,1.7014921871791606,48
deficit,270917,5644.104166666667,80834917.00998263,1.5929585598721807,48
recommendation,270807,5641.8125,48033503.27734375,1.2284386798185856,48
weak,270771,5641.0625,39329604.30859375,1.1117288525969145,48
respondent,270380,5632.916666666667,182762901.61805558,2.399996983757156,48
replication,270165,5628.4375,151019315.12109375,2.1833753370175453,48
ar,270023,5625.479166666667,49438439.7078993,1.2498930617130373,48
modulation,268215,5587.8125,64222030.194010414,1.4341685359803382,48
consideration,268094,5585.291666666667,37295634.37326389,1.0934102534951964,48
spread,267291,5568.5625,52999848.329427086,1.3073570553433405,48
recurrence,267231,5567.3125,262802378.5481771,2.911850316439561,48
decreased,267216,5567.0,49924794.791666664,1.2692200466041674,48
causal,267102,5564.625,64514553.609375,1.4434207550630453,48
actual,266905,5560.520833333333,51142799.37456598,1.286106033975399,48
multivariate,266755,5557.395833333333,70931858.8641493,1.5154769648635795,48
agricultural,265969,5541.020833333333,185136129.31206596,2.4555897208849387,48
recruitment,265910,5539.791666666667,98776346.66493058,1.7940438217465555,48
game,265646,5534.291666666667,216588911.53993055,2.6592310060539224,48
job,265050,5521.875,522073041.734375,4.137891157733575,48
unknown,264244,5505.083333333333,42207224.11805556,1.1801290409049976,48
citation,264228,5504.75,40477785.1875,1.155768278444581,48
fisher,264220,5504.583333333333,60456031.15972223,1.4125224716188687,48
sodium,264126,5502.625,60178731.734375,1.4097808222778616,48
rely,263713,5494.020833333333,40642592.47873264,1.1603804396791753,48
boundary,263627,5492.229166666667,49090901.71831598,1.2757096906755787,48
stat,263448,5488.5,288229056.5833333,3.093251353094269,48
fail,263152,5482.333333333333,42244805.38888889,1.185553669772049,48
np,262896,5477.0,69800648.29166667,1.5254113981915713,48
rule,262584,5470.5,62022956.125,1.4396244318615385,48
expert,262463,5467.979166666667,65186655.7703993,1.4765647606124161,48
approval,262374,5466.125,47652210.817708336,1.262879659216922,48
believe,262247,5463.479166666667,70107821.91623263,1.53254750727289,48
belong,261583,5449.645833333333,96305218.18706597,1.800763299339482,48
quantification,261575,5449.479166666667,63272025.16623264,1.459657190499861,48
neurological,261497,5447.854166666667,98140420.58289929,1.818437940010119,48
defense,261418,5446.208333333333,194939300.5815972,2.5636306274472713,48
decade,260707,5431.395833333333,24755713.364149306,0.9160649526895656,48
km,260465,5426.354166666667,126427772.812066,2.072111437116007,48
organism,260457,5426.1875,103698888.56901042,1.8766887659487956,48
track,260159,5419.979166666667,33643272.8953993,1.0701668698221294,48
answer,259993,5416.520833333333,173169816.04123268,2.429493155619442,48
max,259862,5413.791666666667,41108040.66493055,1.184300327787933,48
mostly,259153,5399.020833333333,30355382.60373264,1.0204761340181805,48
reliable,259121,5398.354166666667,28002730.395399302,0.98025443507015,48
sensory,258967,5395.145833333333,92440816.29123263,1.7820861606022644,48
minimize,258883,5393.395833333333,21472892.114149302,0.8591776592087031,48
intelligence,258553,5386.520833333333,80543875.24956596,1.6661262880336214,48
plus,258375,5382.8125,74677448.27734375,1.6054082210461253,48
conclude,258191,5378.979166666667,34024351.2703993,1.0844138719580716,48
depict,258170,5378.541666666667,33606209.28993055,1.0778174894138282,48
residual,257701,5368.770833333333,25921303.343315974,0.9483170322200934,48
rare,257640,5367.5,52455541.916666664,1.3493469630396298,48
birth,257349,5361.4375,87291678.32942708,1.7426299513131553,48
dark,257270,5359.791666666667,73287258.28993057,1.5972258424475247,48
motion,256485,5343.4375,54529822.537760414,1.3819626581207756,48
true,256301,5339.604166666667,44422971.86414931,1.2482303595069055,48
attempt,256258,5338.708333333333,56539370.87326387,1.408443049360167,48
rural,256133,5336.104166666667,194814138.00998262,2.615687980316666,48
operate,256035,5334.0625,22548259.93359375,0.890222191632506,48
optimization,256011,5333.5625,47576481.829427086,1.293238941030869,48
code,255960,5332.5,32866147.125,1.0750868094182704,48
estimation,255788,5328.916666666667,35931085.61805555,1.124854216866317,48
front,255781,5328.770833333333,27428340.343315974,0.9828171388178077,48
maintenance,255765,5328.4375,38109583.829427086,1.1585565236316924,48
gel,255688,5326.833333333333,80585804.34722222,1.6852338108836167,48
locus,255575,5324.479166666667,157682842.37456596,2.358387084737822,48
peer,255570,5324.375,206647110.109375,2.6998897649493094,48
edge,255330,5319.375,21604007.484375,0.8737889568091809,48
dimensional,254682,5305.875,20082768.692708332,0.844607198971154,48
preference,254496,5302.0,115146160.125,2.023881154619088,48
subtypes,254283,5297.5625,133259809.74609375,2.1790816587941206,48
sum,254085,5293.4375,36422898.412760414,1.1401171055149022,48
season,254078,5293.291666666667,121262984.91493057,2.0803590780661545,48
lower,254026,5292.208333333333,29249546.62326389,1.0219335025560183,48
aid,254021,5292.104166666667,39452193.63498264,1.1868810449535947,48
restrict,253860,5288.75,37129989.4375,1.152150929410901,48
integrity,253559,5282.479166666667,35301812.0828993,1.124762184266488,48
randomly,253196,5274.916666666667,37371511.24305555,1.1589233874591964,48
submit,252977,5270.354166666667,34091827.22873264,1.10786116467023,48
selective,252816,5267.0,43587053.25,1.253474306155827,48
innate,252462,5259.625,385373768.359375,3.7323837839275695,48
principal,252432,5259.0,40679566.791666664,1.212788272841557,48
enhanced,252039,5250.8125,52899459.319010414,1.3851573350005606,48
wind,251675,5243.229166666667,189838892.25998268,2.6278087573153863,48
motif,251363,5236.729166666667,127295473.44748265,2.154499346573287,48
consistently,250929,5227.6875,30954136.298177082,1.0642648697578236,48
annual,250491,5218.5625,57749401.287760414,1.4562061265549566,48
absolute,250367,5215.979166666667,30109592.31206597,1.052002058149639,48
adhesion,250342,5215.458333333333,86631895.58159722,1.7846227643760613,48
ms,250298,5214.541666666667,51727304.37326389,1.3792525051337527,48
consistency,250148,5211.416666666667,88358785.15972222,1.803719790961673,48
pca,249953,5207.354166666667,68544809.18706597,1.5899013189952018,48
largely,249679,5201.645833333333,32043240.895399313,1.0882468995180532,48
fall,249194,5191.541666666667,38626707.49826389,1.1971470549916459,48
mediator,248998,5187.458333333333,109713481.8732639,2.019181588885004,48
da,248912,5185.666666666667,40441614.43055555,1.226336473485642,48
diabetic,248496,5177.0,158543010.20833334,2.4321781629779036,48
correction,248461,5176.270833333333,24695289.030815974,0.96004162922023,48
normalize,248295,5172.8125,41339367.569010414,1.2429543465997224,48
creation,248250,5171.875,28400796.526041668,1.0304270250131466,48
ice,248078,5168.291666666667,112675038.9982639,2.053841116720255,48
branch,248068,5168.083333333333,73026077.61805557,1.6535201031109497,48
rating,247949,5165.604166666667,215430887.19748262,2.84140317418327,48
independently,247807,5162.645833333333,32582727.770399313,1.1056594629555192,48
ocean,247774,5161.958333333333,662365848.5815972,4.985795616910619,48
slope,247606,5158.458333333333,94955967.53993054,1.8890402201175145,48
qualitative,247456,5155.333333333333,89745435.2638889,1.8375934450007647,48
rapidly,247278,5151.625,31689711.026041668,1.0927351100673839,48
tract,247257,5151.1875,54171971.360677086,1.4288280316158253,48
la,246814,5141.958333333333,31424851.956597224,1.0902047428953914,48
pe,246773,5141.104166666667,61985682.50998264,1.5314022833926773,48
coordinate,246596,5137.416666666667,23626692.243055552,0.9461427630366093,48
hypothesize,246360,5132.5,52368053.333333336,1.4099517700757642,48
my,246241,5130.020833333333,184899376.39539933,2.6506268590550737,48
keywords,246148,5128.083333333333,32091032.159722228,1.1046807060683026,48
importantly,246118,5127.458333333333,48833992.78993055,1.362884264999929,48
viability,246102,5127.125,82015475.69270833,1.766338757101793,48
crc,246030,5125.625,211148490.984375,2.8349614764753444,48
subjective,245848,5121.833333333333,206105469.26388887,2.8029755921024413,48
excessive,245577,5116.1875,41776545.40234375,1.2633387283310615,48
wu,245456,5113.666666666667,48129055.72222221,1.3566607338695797,48
denote,245419,5112.895833333333,23949779.051649302,0.9571583906259327,48
simultaneously,245082,5105.875,30264670.151041668,1.0774516588128247,48
uncertainty,245054,5105.291666666667,49236092.49826389,1.374425584965146,48
msc,244980,5103.75,155031018.85416666,2.4396072070205395,48
vertical,244959,5103.3125,63430305.506510414,1.5606166589326953,48
complement,244705,5098.020833333333,184762105.10373268,2.6662744130697753,48
alleviate,244567,5095.145833333333,63517492.04123264,1.564191969898626,48
indirect,244360,5090.833333333333,108059982.2638889,2.0419427748254804,48
empirical,244340,5090.416666666667,142980282.7847222,2.3490093403934362,48
raise,244253,5088.604166666667,29046584.40581597,1.0591290162341807,48
always,244046,5084.291666666667,56135972.70659722,1.4736358209228106,48
ap,243899,5081.229166666667,51494179.25998262,1.4122457874257806,48
exceed,243875,5080.729166666667,23278030.489149306,0.9496139182018427,48
fracture,243814,5079.458333333333,125152007.74826388,2.2024269284403033,48
worldwide,243578,5074.541666666667,35114226.03993055,1.1677361564743416,48
intermediate,243364,5070.083333333333,31501616.743055556,1.1070094395355403,48
intention,243313,5069.020833333333,358645429.187066,3.736014679522518,48
deliver,242988,5062.25,29314840.604166668,1.069547752625586,48
elevated,242960,5061.666666666667,50494283.30555556,1.4038721696097398,48
convert,242830,5058.958333333333,29278397.081597224,1.0695782077874292,48
sa,242740,5057.083333333333,79443671.65972222,1.7625016964080493,48
forward,242669,5055.604166666667,26059919.28081597,1.0097490889105154,48
sc,242530,5052.708333333333,27289379.12326389,1.0338858655735348,48
precise,242484,5051.75,28424726.0625,1.055373764446301,48
window,242462,5051.291666666667,28564103.456597224,1.0580540474118818,48
translation,242455,5051.145833333333,43736302.41623264,1.3092757514452211,48
accept,242342,5048.791666666667,39877763.99826389,1.250771419929209,48
accession,242237,5046.604166666667,244844739.15581593,3.100602883442222,48
formula,242162,5045.041666666667,29558120.164930556,1.0776398624560235,48
american,242001,5041.6875,41735810.506510414,1.281381656910909,48
pm,241726,5035.958333333333,53357482.24826389,1.450492662164854,48
improved,241665,5034.6875,29480627.298177082,1.0784396352217163,48
nutritional,241267,5026.395833333333,182264402.07248268,2.685927222449026,48
habitat,241209,5025.1875,206301193.77734375,2.858239387945451,48
successfully,241068,5022.25,27162969.979166668,1.0377441632491238,48
thermal,240955,5019.895833333333,44282970.09331598,1.3256340950666612,48
clinically,240564,5011.75,48022047.145833336,1.3827094654180943,48
sustainable,240197,5004.104166666667,67134893.96831597,1.6373737069130585,48
defect,240179,5003.729166666667,38213842.82248263,1.235425501030663,48
assembly,240141,5002.9375,103855214.35026042,2.0369908387427853,48
magnitude,240051,5001.0625,32793525.641927082,1.1450693050600704,48
discovery,239763,4995.0625,45347961.43359375,1.3481491979207545,48
description,239624,4992.166666666667,40867171.8888889,1.280554940785209,48
board,239619,4992.0625,34163336.850260414,1.1708469461616786,48
likelihood,239572,4991.083333333333,43356343.32638889,1.3192633640383373,48
again,239221,4983.770833333333,39407302.30164931,1.2595931454848515,48
acknowledge,238956,4978.25,27275870.604166668,1.049089664254054,48
deletion,238887,4976.8125,85571284.36067708,1.858714753292446,48
gray,238799,4974.979166666667,29088425.353732634,1.0840987400166726,48
wound,238705,4973.020833333333,77133123.56206597,1.7660385558264773,48
accompany,238337,4965.354166666667,29787781.603732634,1.09918008044147,48
frame,238333,4965.270833333333,35567667.405815974,1.2011154402707593,48
nine,238137,4961.1875,33557914.569010414,1.1676477350845158,48
inter,238023,4958.8125,26460872.485677082,1.0373478058457768,48
besides,237992,4958.166666666667,31119454.763888884,1.1251096984149482,48
cite,237602,4950.041666666667,28543517.873263884,1.0793067520132642,48
mature,237598,4949.958333333333,75480405.95659722,1.7551553830917392,48
enter,237517,4948.270833333333,29621309.239149306,1.099888504995582,48
worker,237387,4945.5625,202793669.1627604,2.8794629963816853,48
check,236371,4924.395833333333,39269821.82248264,1.2725548491919156,48
north,236331,4923.5625,81555503.82942708,1.8342020827858343,48
arm,236240,4921.666666666667,31102382.138888884,1.1331427642804346,48
explanation,236146,4919.708333333333,67741104.03993055,1.6729647064607047,48
colony,235780,4912.083333333333,130031740.53472225,2.3214480102941577,48
affinity,235665,4909.6875,110966007.67317708,2.145562304095346,48
localization,235360,4903.333333333333,61719897.76388889,1.6022164302888184,48
visit,235281,4901.6875,51278548.798177086,1.4609058999764444,48
biomarker,235078,4897.458333333333,72844340.08159721,1.7427181602188184,48
aa,234804,4891.75,50645062.520833336,1.4548033824257058,48
assist,234604,4887.583333333333,23486300.618055556,0.9915466064832904,48
assumption,234234,4879.875,54800998.901041664,1.5169998571065402,48
acknowledgment,234164,4878.416666666667,29052015.15972222,1.1048650613768707,48
retrospective,234137,4877.854166666667,80891541.83289932,1.8438379296734198,48
dos,233747,4869.729166666667,85485129.94748265,1.8986306163444158,48
roc,233676,4868.25,67601619.77083333,1.688906777388822,48
discharge,233117,4856.604166666667,32088223.78081597,1.1663801788193988,48
look,233086,4855.958333333333,88757105.70659722,1.9401111620414822,48
visualize,233079,4855.8125,42513735.40234375,1.3427733829037458,48
pet,232890,4851.875,87782245.984375,1.9310509860250853,48
namely,232848,4851.0,32468272.875,1.1746225094007614,48
return,232815,4850.3125,25563500.548177082,1.0424144941006308,48
loop,232632,4846.5,28052347.833333332,1.092839516700793,48
compose,232483,4843.395833333333,28346435.155815978,1.0992570537523938,48
targeted,232384,4841.333333333333,48354793.30555556,1.4363318143685695,48
resident,232269,4838.9375,116969021.80859375,2.2350405981042933,48
pediatric,232245,4838.4375,160066724.7044271,2.614841649039965,48
synthesize,231773,4828.604166666667,44977138.69748264,1.388910646567538,48
underlying,231596,4824.916666666667,27654030.118055552,1.0899068921534045,48
japan,231513,4823.1875,28642636.860677082,1.1096150872652515,48
characterization,231436,4821.583333333333,48196441.40972223,1.439851852108434,48
exchange,231047,4813.479166666667,31664642.082899302,1.1690368342747872,48
frequent,230925,4810.9375,29701558.350260418,1.1328173790307867,48
bond,230846,4809.291666666667,57508865.99826389,1.576835125366254,48
speech,230676,4805.75,191402746.8125,2.8788093755092734,48
engineering,230390,4799.791666666667,40299325.53993055,1.3225938578106535,48
adjustment,230090,4793.541666666667,39208576.95659723,1.3062732499333867,48
surround,230047,4792.645833333333,21762895.520399306,0.9733813072809546,48
specimen,229982,4791.291666666667,46617380.20659722,1.4250211911874482,48
fatigue,229952,4790.666666666667,53872852.84722221,1.5321067760645537,48
disability,229944,4790.5,72154245.375,1.7731688774657473,48
impair,229225,4775.520833333333,47483453.5828993,1.4429470855046347,48
hybrid,229014,4771.125,78967769.484375,1.8625337051933928,48
sigma,228774,4766.125,75915383.109375,1.8280979672111382,48
teach,228677,4764.104166666667,284903997.9266492,3.542974471198249,48
respective,228605,4762.604166666667,29370083.614149306,1.1379104974088194,48
combined,228109,4752.270833333333,28985794.155815974,1.1328995873475793,48
abnormality,228025,4750.520833333333,38144140.29123264,1.300087816744959,48
trust,228014,4750.291666666667,163739685.24826387,2.6937463534741823,48
conversely,227967,4749.3125,30120919.548177082,1.1555889128082453,48
discover,227591,4741.479166666667,33955509.5828993,1.2289699942525127,48
impaired,227569,4741.020833333333,43243398.103732646,1.387036990159158,48
parallel,227480,4739.166666666667,19605651.805555552,0.9343049730122193,48
sequencing,227449,4738.520833333333,106856636.99956597,2.181513759558023,48
ir,227374,4736.958333333333,63758247.91493055,1.68565472550393,48
lateral,227285,4735.104166666667,29254179.21831597,1.1422585602955093,48
utilization,227193,4733.1875,38852334.819010414,1.316906230683821,48
yellow,227084,4730.916666666667,42305795.95138889,1.3748478441833485,48
gradually,227065,4730.520833333333,20891488.874565974,0.9662193630723254,48
harvest,226989,4728.9375,133600637.60026042,2.444222238661559,48
removal,226890,4726.875,29898766.942708332,1.156784660974724,48
inquiry,226504,4718.833333333333,21492228.930555556,0.9824401220735292,48
whose,226271,4713.979166666667,23834935.020399302,1.0356650659686835,48
charge,226259,4713.729166666667,42593825.03081597,1.3845501637041082,48
trajectory,226059,4709.5625,23665856.99609375,1.0329529807691133,48
constraint,225922,4706.708333333333,35081752.91493056,1.2584134635063626,48
ic,225810,4704.375,66534402.734375,1.7338886269465565,48
suppression,225184,4691.333333333333,70282624.05555555,1.7870129179785035,48
cl,224751,4682.3125,36207474.548177086,1.2851053206096759,48
legislation,224528,4677.666666666667,32087742.47222222,1.2109893150425857,48
enhancement,224311,4673.145833333333,26361240.082899302,1.0986859836648901,48
absorption,224168,4670.166666666667,41027443.01388889,1.3715285289578627,48
completely,224009,4666.854166666667,27790780.582899302,1.1296037949251099,48
minimal,223976,4666.166666666667,22466037.680555552,1.0157878048731945,48
relevance,223920,4665.0,32647192.75,1.2248171917887136,48
milk,223747,4661.395833333333,112119082.28081596,2.2715577558989812,48
illness,223241,4650.854166666667,92234506.99956597,2.064971174054095,48
disrupt,223106,4648.041666666667,34529481.87326389,1.2642268747641143,48
purchase,222908,4643.916666666667,58128053.993055545,1.641755478051024,48
architecture,222826,4642.208333333333,32089356.123263884,1.2202698321419225,48
sectional,221992,4624.833333333333,60466445.01388889,1.6813616269453722,48
coverage,221592,4616.5,44692852.875,1.4481254931054057,48
imply,221151,4607.3125,30057374.923177082,1.1899476458710634,48
she,221015,4604.479166666667,90394864.37456597,2.064863590319713,48
partially,220954,4603.208333333333,27368209.706597228,1.1364820054848648,48
native,220861,4601.270833333333,43929301.697482646,1.4404538644508849,48
flux,220418,4592.041666666667,61260974.123263896,1.704457313112028,48
eliminate,220264,4588.833333333333,29462074.597222228,1.1828491932835694,48
categorize,220149,4586.4375,28047830.412760418,1.1547132699089169,48
creative,220038,4584.125,74200156.02604167,1.8790829751670222,48
orientation,220005,4583.4375,106255241.78776042,2.2489710670129983,48
inc,219876,4580.75,31799713.3125,1.23104807127585,48
latter,219710,4577.291666666667,27081724.498263884,1.1369191223695412,48
art,219641,4575.854166666667,67584794.33289932,1.7966038388199008,48
endogenous,219471,4572.3125,48033650.756510414,1.515782514636823,48
computational,219262,4567.958333333333,16970344.37326389,0.9018269174711552,48
determination,219011,4562.729166666667,36160246.7391493,1.317925927162216,48
stand,218371,4549.395833333333,23912144.655815978,1.0748690035286126,48
company,217321,4527.520833333333,50872796.8328993,1.575369198243182,48
comparative,217231,4525.645833333333,29421859.728732646,1.1985454188186206,48
bc,217163,4524.229166666667,72500986.63498265,1.8820335589323478,48
staff,217087,4522.645833333333,93622555.27039929,2.1394279513335643,48
sound,216737,4515.354166666667,117160119.77039932,2.397165855714916,48
predominantly,216697,4514.520833333333,28485365.874565978,1.1822225515482567,48
partner,216376,4507.833333333333,97106768.01388888,2.1860339340592367,48
fundamental,216063,4501.3125,23542924.21484375,1.0779311883578462,48
biochemical,215308,4485.583333333333,44523165.659722224,1.4875586183335527,48
rock,215290,4485.208333333333,371259242.83159715,4.295918335490064,48
strengthen,214981,4478.770833333333,49926543.5516493,1.577636367299462,48
initiation,214679,4472.479166666667,36950372.12456597,1.3591302605809035,48
solve,214654,4471.958333333333,62864961.33159721,1.7729911914086807,48
facility,214600,4470.833333333333,72308179.18055554,1.9019768759138083,48
minute,214462,4467.958333333333,56044800.08159722,1.6755544586504791,48
horizontal,214377,4466.1875,29402497.444010418,1.2141019558236263,48
bad,214308,4464.75,39865800.520833336,1.4141748152536286,48
ltd,214275,4464.0625,42398203.18359375,1.4586243505853898,48
encompass,213396,4445.75,23653969.354166668,1.0939739428480542,48
arrow,213305,4443.854166666667,24910851.457899302,1.1231415336632036,48
zero,212978,4437.041666666667,22513154.873263884,1.069361815705413,48
xu,212768,4432.666666666667,36181318.05555555,1.3569914709260085,48
dot,212087,4418.479166666667,34904153.99956597,1.3371057192851505,48
mc,212026,4417.208333333333,40264655.70659722,1.4365280552212139,48
vital,211628,4408.916666666667,21048564.368055556,1.0405892850408311,48
possibly,211548,4407.25,22705650.270833332,1.0811831922905817,48
dl,211346,4403.041666666667,32808563.45659722,1.3008907097275386,48
switch,211343,4402.979166666667,43574651.10373264,1.4992371276161673,48
outside,211285,4401.770833333333,24062017.468315978,1.1143935517975192,48
standardized,211273,4401.520833333333,34148522.16623264,1.3276487625065116,48
sugar,211076,4397.416666666667,143591357.45138887,2.72500016229519,48
belief,210770,4391.041666666667,252559670.78993055,3.6192155003337487,48
lee,210699,4389.5625,35625286.74609375,1.3597464927433511,48
nervous,210233,4379.854166666667,34652183.33289931,1.3440197525062019,48
infected,210195,4379.0625,129188791.18359375,2.5955612009309355,48
af,209892,4372.75,113177967.5625,2.4329114194555532,48
station,209786,4370.541666666667,110963139.41493057,2.410205664434821,48
itself,209739,4369.5625,30298546.74609375,1.2597168643965562,48
alignment,209697,4368.6875,45042312.173177086,1.5362410231181307,48
fill,209566,4365.958333333333,23698614.289930556,1.1150180288858884,48
amplification,209508,4364.75,71446817.60416667,1.9365649663012996,48
player,209150,4357.291666666667,128084359.95659725,2.5973556441193346,48
voltage,209103,4356.3125,107385800.54817708,2.3787806835927063,48
collaboration,209092,4356.083333333333,35622668.61805556,1.3701466274995073,48
feel,208974,4353.625,209023043.65104166,3.320825577345391,48
accurately,208863,4351.3125,16530785.798177084,0.934386327380496,48
false,208787,4349.729166666667,26112315.40581597,1.1747906320251469,48
supplementation,208532,4344.416666666667,74916922.86805555,1.992317245906847,48
interface,208420,4342.083333333333,15722981.993055554,0.9132071524689964,48
copy,208225,4338.020833333333,70154375.22873263,1.9307931406391339,48
pr,207980,4332.916666666667,47733531.32638889,1.5945254150693524,48
modality,207959,4332.479166666667,38958933.37456597,1.440678403940212,48
agree,207829,4329.770833333333,64830224.59331597,1.8596184764092627,48
exploration,207813,4329.4375,27392796.662760418,1.2088897975017496,48
foster,207795,4329.0625,80831594.80859375,2.0768097684181215,48
overcome,207540,4323.75,28222294.479166668,1.2286709339974045,48
meanwhile,207538,4323.708333333333,22215317.12326389,1.0901088582514935,48
prospective,207394,4320.708333333333,41131886.12326389,1.4843433182719623,48
pore,207381,4320.4375,89148917.82942708,2.1853968405829964,48
morphological,207344,4319.666666666667,42970964.013888896,1.5175300973627521,48
tg,207169,4316.020833333333,48723418.728732646,1.617280478364328,48
shanghai,206684,4305.916666666667,34207982.03472222,1.3583075264592201,48
included,206678,4305.791666666667,37023945.41493055,1.4131502366988238,48
posterior,206569,4303.520833333333,34032574.16623264,1.3555748104369834,48
ht,206210,4296.041666666667,40841720.45659722,1.4875909560265437,48
theme,206131,4294.395833333333,92187693.19748263,2.235807461243214,48
sun,206099,4293.729166666667,26698742.28081597,1.2034020705566126,48
virtual,206026,4292.208333333333,64293559.03993056,1.8681121292633553,48
regimen,205887,4289.3125,106014281.08984375,2.4004601363649143,48
towards,205473,4280.6875,23958421.46484375,1.1434457793420758,48
spike,205406,4279.291666666667,82998046.33159722,2.1289332596781225,48
susceptible,205327,4277.645833333333,58163709.93706597,1.782876356126551,48
vehicle,205242,4275.875,45843154.317708336,1.5834787716615049,48
cognition,205110,4273.125,135878111.15104166,2.727904443926618,48
fresh,205023,4271.3125,82317884.83984375,2.1241528017579463,48
themselves,204973,4270.270833333333,98148696.23914932,2.3199939232885316,48
why,204964,4270.083333333333,50241198.36805555,1.6599447925546116,48
disruption,204964,4270.083333333333,23829097.659722224,1.1431874496152283,48
repository,204897,4268.6875,35011799.506510414,1.3861583775756088,48
file,204847,4267.645833333333,27235731.103732646,1.2228724141874125,48
fa,204733,4265.270833333333,22577645.114149306,1.1140192828944655,48
heavy,204698,4264.541666666667,31498861.623263884,1.3160581143931966,48
ko,204624,4263.0,81165227.25,2.113341453285806,48
hydrogen,204615,4262.8125,51378527.485677086,1.6814911891093918,48
tc,203995,4249.895833333333,29131966.926649306,1.2700084737585458,48
elderly,203792,4245.666666666667,36729792.51388889,1.4274580149058576,48
pig,203607,4241.8125,140371647.3606771,2.793111228919564,48
precipitation,203421,4237.9375,93839115.89192708,2.285795672375187,48
easy,203419,4237.895833333333,25939175.71831597,1.201787847096908,48
bio,203395,4237.395833333333,45993516.572482646,1.60047639361785,48
accumulate,203359,4236.645833333333,46444089.3953993,1.6085814861825631,48
parental,203349,4236.4375,108142408.20442708,2.454693172318677,48
hf,203134,4231.958333333333,75267665.20659721,2.050042379657922,48
immediately,203085,4230.9375,21503495.18359375,1.0960185840067858,48
si,202577,4220.354166666667,30965820.43706597,1.3185372319920197,48
picture,202533,4219.4375,105350880.45442708,2.432565406951411,48
increasingly,202479,4218.3125,18255500.631510418,1.0128802985500225,48
scheme,202207,4212.645833333333,18539774.22873264,1.022109140322883,48
consensus,201923,4206.729166666667,21196556.114149302,1.0944302791049645,48
music,201854,4205.291666666667,276969512.6649305,3.9574903164484634,48
routine,201759,4203.3125,25963579.548177082,1.212245566544555,48
huang,201748,4203.083333333333,31588776.909722224,1.337206271100122,48
kind,201742,4202.958333333333,44525847.914930545,1.5876362801467478,48
ch,201337,4194.520833333333,38965429.124565974,1.4881865527773355,48
persistent,201180,4191.25,28113682.4375,1.265072167374488,48
ongoing,201178,4191.208333333333,24329712.62326389,1.1768720280651908,48
january,200816,4183.666666666667,24059082.763888884,1.1724179479553198,48
composite,200718,4181.625,31233044.859375,1.336478814841546,48
pose,200712,4181.5,16481876.625,0.9708926835230878,48
cp,200584,4178.833333333333,30654041.138888896,1.3249174426814598,48
randomize,200302,4172.958333333333,33631047.41493056,1.3897162901786984,48
safe,200109,4168.9375,22589301.975260418,1.1400555712835034,48
com,199936,4165.333333333333,20558587.26388889,1.0885462149558078,48
zhao,199923,4165.0625,33095297.475260418,1.3812160675734608,48
landscape,199760,4161.666666666667,31731371.472222228,1.353558809222995,48
restore,199708,4160.583333333333,37126870.53472223,1.4645019246857505,48
preserve,199589,4158.104166666667,13707088.301649304,0.8903837810191357,48
accelerate,199573,4157.770833333333,18446303.093315974,1.0329852536330062,48
sustain,199490,4156.041666666667,24448076.373263884,1.189713675787232,48
fine,199360,4153.333333333333,26154034.180555552,1.2313245993809696,48
bd,199274,4151.541666666667,107586264.7482639,2.498440514585973,48
capable,199260,4151.25,29738011.6875,1.3136421511058674,48
special,199202,4150.041666666667,22071429.748263884,1.1320426162633257,48
deposition,199123,4148.395833333333,26462901.364149313,1.240048123928204,48
amplify,199091,4147.729166666667,52496343.572482646,1.7468440585415905,48
regular,198759,4140.8125,25020729.694010418,1.207993006169416,48
infectious,198701,4139.604166666667,72886306.69748265,2.062358479633154,48
conversion,198585,4137.1875,21653192.819010418,1.1247493938254025,48
consumer,198571,4136.895833333333,127972435.25998266,2.7345359149075033,48
gm,198516,4135.75,54845465.145833336,1.7906721684356357,48
gastrointestinal,198248,4130.166666666667,47390962.13888889,1.6667873112378788,48
kim,198244,4130.083333333333,33008668.618055563,1.391089873897015,48
promise,198156,4128.25,27872942.979166668,1.2788671256277464,48
extreme,198101,4127.104166666667,24500804.676649302,1.1993466974333051,48
annotation,197566,4115.958333333333,67292966.8732639,1.9930301493046902,48
attenuate,197428,4113.083333333333,56312377.86805556,1.8244603291822636,48
diffusion,197228,4108.916666666667,16911319.326388888,1.0008325275235317,48
circle,196979,4103.729166666667,21467470.697482634,1.1290462910389794,48
reagent,196878,4101.625,49766432.192708336,1.719936059712851,48
disturbance,196614,4096.125,17893359.901041668,1.0326966001955373,48
evolve,196571,4095.2291666666665,20077059.093315974,1.094137338445991,48
id,196517,4094.1041666666665,22917949.801649302,1.169308195663593,48
intrinsic,196443,4092.5625,38497897.079427086,1.516083715890091,48
recall,195943,4082.1458333333335,47320699.66623264,1.6851441729448626,48
threat,195929,4081.8541666666665,64735751.5828993,1.9711270268174481,48
mix,195900,4081.25,27374798.104166668,1.281982992996354,48
equivalent,195762,4078.375,13877652.442708334,0.9134206957478445,48
household,195564,4074.25,119937715.6875,2.6880058671430302,48
implicate,195494,4072.7916666666665,38809309.08159722,1.5295925516204967,48
circulate,195466,4072.2083333333335,86699700.33159724,2.286540035212623,48
bring,195439,4071.6458333333335,29118390.81206597,1.3252984525014997,48
retain,195428,4071.4166666666665,19802708.82638889,1.0929914150055902,48
mi,195187,4066.3958333333335,32682273.239149306,1.4058742504330686,48
hoc,195003,4062.5625,27023862.787760418,1.2795983110178994,48
array,194967,4061.8125,20673252.694010418,1.1193980210541867,48
simulate,194915,4060.7291666666665,14774578.239149308,0.9465717112594376,48
sector,194769,4057.6875,43160689.173177086,1.619069860239839,48
cf,194707,4056.3958333333335,25177469.239149306,1.236988633763661,48
cns,194608,4054.3333333333335,63850627.43055555,1.9708933883263473,48
owner,194524,4052.5833333333335,39344179.61805555,1.5477766588634334,48
reproductive,194454,4051.125,43266096.609375,1.6236716733464087,48
lose,194427,4050.5625,18379641.329427082,1.058408157224276,48
pulse,194364,4049.25,23280751.604166668,1.1915819274149353,48
encourage,194167,4045.1458333333335,60430735.12456597,1.921740556061793,48
farm,193912,4039.8333333333335,135475979.97222224,2.88116215996286,48
chi,193661,4034.6041666666665,25779712.447482634,1.2584561912871308,48
limb,193651,4034.3958333333335,38626068.07248264,1.5405001471933761,48
nc,193640,4034.1666666666665,26169988.430555556,1.26808372506129,48
constitute,193613,4033.6041666666665,23248185.989149306,1.1953669902739212,48
neutral,193490,4031.0416666666665,64588656.70659724,1.9937047286433567,48
fear,193288,4026.8333333333335,125310161.68055558,2.77990202701345,48
phenotypic,192989,4020.6041666666665,90336122.030816,2.363956078149796,48
arise,192806,4016.7916666666665,20347183.664930552,1.122982129687247,48
reasonable,192782,4016.2916666666665,15294292.37326389,0.9737320164960983,48
grid,192218,4004.5416666666665,97851032.87326391,2.4701873329030337,48
expectation,192211,4004.3958333333335,129766745.90581602,2.844753931425814,48
tm,192181,4003.7708333333335,23127967.343315974,1.20115629374916,48
elevation,192142,4002.9583333333335,24051008.623263884,1.2251395992049574,48
insufficient,192017,4000.3541666666665,18038023.728732638,1.0616858621888836,48
transplantation,191959,3999.1458333333335,99276044.95789929,2.491466155787388,48
biology,191927,3998.4791666666665,32288271.207899302,1.4211095523653734,48
ag,191736,3994.5,29870585.0,1.3682310395661539,48
inner,191621,3992.1041666666665,16011852.093315974,1.0023489043242146,48
hc,191573,3991.1041666666665,36162726.63498264,1.506737236684126,48
paradigm,191274,3984.875,64769095.859375,2.019617915546047,48
frontal,191064,3980.5,74257819.95833333,2.1648782107438,48
resolve,190659,3972.0625,16830054.68359375,1.032824877281047,48
psychiatric,190586,3970.5416666666665,177156491.41493055,3.3521911671455595,48
sit,190462,3967.9583333333335,15513478.331597222,0.9926302102980907,48
mt,190127,3960.9791666666665,22501784.728732634,1.1975838331512192,48
restriction,190104,3960.5,19841417.875,1.124699065417938,48
ten,189794,3954.0416666666665,17068698.373263888,1.0448620616209492,48
sr,189792,3954.0,17322881.666666668,1.0526243310808054,48
bound,189737,3952.8541666666665,29373903.332899306,1.3711028656119744,48
lifestyle,189735,3952.8125,51273901.52734375,1.8115151407080259,48
leadership,189692,3951.9166666666665,265322473.28472218,4.1217271635111254,48
mb,189589,3949.7708333333335,35265224.42664931,1.503493059144106,48
driver,189483,3947.5625,21698236.579427082,1.1800032550418864,48
replace,189453,3946.9375,13749689.350260416,0.939477089593868,48
evident,189365,3945.1041666666665,14074279.468315974,0.9509432726031524,48
uk,189360,3945.0,18405875.416666668,1.087504922694354,48
drop,189297,3943.6875,12513448.423177084,0.8969867132989411,48
sexual,189259,3942.8958333333335,73248682.96831596,2.1706240296280033,48
suffer,189173,3941.1041666666665,24278548.593315974,1.2502401637656568,48
distress,189047,3938.4791666666665,122759259.16623266,2.813186838538074,48
pollution,188576,3928.6666666666665,105251621.84722222,2.6113748450791188,48
too,188452,3926.0833333333335,26546662.82638889,1.3123372414627619,48
favorable,188387,3924.7291666666665,23272429.572482634,1.2291677854149647,48
zhou,188279,3922.4791666666665,28889083.62456597,1.3702702770232316,48
scaffold,188205,3920.9375,145427209.55859375,3.0756216959547173,48
segmentation,188164,3920.0833333333335,37914082.61805555,1.5707424347729886,48
spp,188119,3919.1458333333335,101775589.33289932,2.574129482886944,48
inject,188084,3918.4166666666665,45730956.86805556,1.7258161520758655,48
elicit,187960,3915.8333333333335,55701452.09722223,1.9059392752775255,48
synthetic,187953,3915.6875,24676468.506510418,1.2686256232647883,48
briefly,187920,3915.0,33102224.916666668,1.4695921592839345,48
entry,187819,3912.8958333333335,21514190.134982634,1.1853980669370519,48
manifestation,187794,3912.375,37569540.609375,1.5666697834553973,48
industrial,187613,3908.6041666666665,72482243.61414932,2.178181792067589,48
precursor,187452,3905.25,32250695.395833332,1.4541884825963507,48
db,187346,3903.0416666666665,24235068.49826389,1.26130157543397,48
accepted,187343,3902.9791666666665,17378015.187065974,1.0680801726670728,48
feeling,187320,3902.5,203337852.0,3.6539803204797625,48
overnight,186855,3892.8125,50686757.40234375,1.8288739261130365,48
admission,186840,3892.5,47704164.208333336,1.7743918106030496,48
adherence,186757,3890.7708333333335,40560460.509982646,1.6368760223247614,48
quantity,186741,3890.4375,17160416.579427082,1.0647936939604101,48
overview,186620,3887.9166666666665,14249886.034722224,0.9709318501859335,48
regardless,186423,3883.8125,20778299.444010418,1.17367200366123,48
easily,186096,3877.0,14803125.541666666,0.9923866427197109,48
spss,185874,3872.375,26041422.192708332,1.3178165020908197,48
replicate,185817,3871.1875,36502968.235677086,1.5607016283080535,48
chamber,185804,3870.9166666666665,23748251.034722224,1.2589311909021081,48
prevalent,185715,3869.0625,21887789.93359375,1.209191848175357,48
checkpoint,185693,3868.6041666666665,191498628.1974826,3.5770790552844782,48
mineral,185686,3868.4583333333335,57426473.24826387,1.9589265360420816,48
computer,185370,3861.875,36273982.192708336,1.5595503668049384,48
microscope,185367,3861.8125,32625099.485677082,1.4790564114987141,48
separation,185170,3857.7083333333335,16155480.581597218,1.0419108284410799,48
consume,184946,3853.0416666666665,32460733.664930552,1.4786842946778733,48
legal,184812,3850.25,24593987.145833332,1.288028703540442,48
possess,184323,3840.0625,28678508.68359375,1.3945689420963505,48
excellent,184306,3839.7083333333335,15316125.789930552,1.019239452557245,48
ultrasound,184278,3839.125,47191031.526041664,1.789359001853777,48
nutrition,184273,3839.0208333333335,100186776.56206597,2.6072623478822146,48
flower,184255,3838.6458333333335,393761556.14539915,5.169381828880628,48
learner,184220,3837.9166666666665,236291602.78472224,4.0052405414534675,48
descriptive,184169,3836.8541666666665,80847736.3328993,2.343465906630202,48
alongside,184164,3836.75,15973841.4375,1.0416964467656928,48
embed,184022,3833.7916666666665,14891054.039930558,1.006547352357665,48
extension,183734,3827.7916666666665,13103417.956597224,0.9456795644411221,48
nor,183720,3827.5,22503571.875,1.2393972525133847,48
conserve,183572,3824.4166666666665,68060385.24305555,2.1571582154795403,48
cumulative,183514,3823.2083333333335,15772183.456597218,1.038766525321735,48
deficient,183445,3821.7708333333335,91695255.50998263,2.5055829829728458,48
bl,182563,3803.3958333333335,59786671.4891493,2.032968555807794,48
nearly,182488,3801.8333333333335,13243963.763888888,0.957229155071811,48
trace,182409,3800.1875,14980910.110677084,1.0185071308924747,48
rf,182066,3793.0416666666665,20150237.45659722,1.1834569670873405,48
ros,182057,3792.8541666666665,49928917.04123264,1.862987446774773,48
law,182046,3792.625,21913819.026041668,1.2342954609126653,48
tail,181972,3791.0833333333335,21200812.784722224,1.2145430818516902,48
calibration,181750,3786.4583333333335,16309551.87326389,1.06656623800126,48
aggregate,181572,3782.75,13747647.104166666,0.9801816048019768,48
separately,181349,3778.1041666666665,21414650.634982634,1.2248462278649652,48
serious,181298,3777.0416666666665,19787779.831597224,1.177732769080029,48
testing,181195,3774.8958333333335,14484326.384982638,1.0081941642974857,48
minor,181174,3774.4583333333335,16492063.123263888,1.0759271302451676,48
refers,181095,3772.8125,47704947.27734375,1.8306970756270213,48
conservation,181051,3771.8958333333335,50246524.71831598,1.879287928639922,48
permeability,180919,3769.1458333333335,29994617.374565974,1.453043854219305,48
mp,180850,3767.7083333333335,23314927.20659722,1.2815623974084267,48
license,180780,3766.25,16622187.229166666,1.0825175357170274,48
optical,180740,3765.4166666666665,21931845.493055556,1.2437255273364392,48
agency,180624,3763.0,34686828.666666664,1.5651215788980017,48
regeneration,180553,3761.5208333333335,43836792.70789931,1.7601752674859792,48
break,180462,3759.625,15685448.151041666,1.053425766626384,48
exact,180356,3757.4166666666665,15882836.95138889,1.0606563133561753,48
authorship,180351,3757.3125,15406931.506510416,1.0446739339413014,48
probably,179791,3745.6458333333335,17694319.81206597,1.1230270721906257,48
considerable,179750,3744.7916666666665,13866278.706597224,0.9943798171180348,48
doi,179744,3744.6666666666665,14598959.26388889,1.0203467453989057,48
meaning,179541,3740.4375,153402854.8294271,3.311267896566237,48
plaque,179346,3736.375,46761780.276041664,1.8301852920086197,48
sampling,179149,3732.2708333333335,25682849.57248264,1.3578395463172894,48
onto,178818,3725.375,23351524.692708332,1.2971423100007782,48
perceived,178687,3722.6458333333335,154214333.77039936,3.335881776834432,48
notable,178681,3722.5208333333335,14628961.332899304,1.0274710853851274,48
adequate,178662,3722.125,22522119.234375,1.2750102399917902,48
brown,177998,3708.2916666666665,24413140.83159722,1.3324101826352297,48
childhood,177946,3707.2083333333335,63883095.83159723,2.1559862384828223,48
ba,177759,3703.3125,22518599.33984375,1.281387036016608,48
reward,177651,3701.0625,95994144.22526042,2.6472560623664965,48
organizational,177412,3696.0833333333335,255361088.4097222,4.323501419894202,48
none,177101,3689.6041666666665,17907617.239149306,1.146935843968454,48
clarify,176769,3682.6875,18233243.96484375,1.1594902572438832,48
classical,176765,3682.6041666666665,38703809.530815974,1.6893584820376712,48
tp,176459,3676.2291666666665,30541192.509982634,1.5032818669111632,48
slice,176296,3672.8333333333335,26976470.09722222,1.4141365240046664,48
political,176139,3669.5625,96825708.32942708,2.6815200734535845,48
say,176114,3669.0416666666665,68916022.7482639,2.2625983135717607,48
progressive,175849,3663.5208333333335,20428653.082899302,1.2337330558359125,48
accordingly,175633,3659.0208333333335,21214320.978732638,1.2587795695766866,48
coastal,175429,3654.7708333333335,249134268.71831605,4.318735278246294,48
univariate,175293,3651.9375,45035904.891927086,1.8376216984884148,48
argue,175285,3651.7708333333335,84947585.34331596,2.5238991863742264,48
adjacent,175241,3650.8541666666665,19113994.832899306,1.1975157849173086,48
ga,175155,3649.0625,58681476.391927086,2.0992744210035266,48
fixation,174975,3645.3125,45436212.048177086,1.8491251012639602,48
abstract,174781,3641.2708333333335,27276568.82248264,1.434306236794308,48
transient,174605,3637.6041666666665,18904684.280815974,1.195278962400364,48
credit,174200,3629.1666666666665,14630109.51388889,1.053942396950928,48
exacerbate,174132,3627.75,25129680.5625,1.38183482397566,48
carrier,174069,3626.4375,15450413.87109375,1.0839016108007304,48
letter,174017,3625.3541666666665,60640105.64539931,2.1479765448762347,48
december,173901,3622.9375,17822404.850260418,1.1652585826671997,48
underwent,173789,3620.6041666666665,34083647.57248264,1.6124712727660786,48
guidance,173324,3610.9166666666665,19609368.15972222,1.22634971460624,48
fluctuation,172901,3602.1041666666665,10756631.718315972,0.9105040504209315,48
trauma,172522,3594.2083333333335,54449694.83159723,2.0530261362944198,48
smooth,172010,3583.5416666666665,11948595.748263888,0.9645971525343214,48
attribution,171912,3581.5,21370052.5,1.290737236057775,48
coat,171910,3581.4583333333335,33901338.03993056,1.6257303626734956,48
spectral,171833,3579.8541666666665,30836335.416232634,1.551193747155614,48
tendency,171774,3578.625,74341715.859375,2.409351139423083,48
beijing,171683,3576.7291666666665,20578496.489149306,1.2682964134280055,48
depletion,171653,3576.1041666666665,50013208.71831598,1.9775715186199914,48
width,171635,3575.7291666666665,18392966.072482638,1.1993923318100084,48
making,171450,3571.875,40214207.901041664,1.7753889288630234,48
revise,171126,3565.125,18542295.026041668,1.2078332522638675,48
twice,170905,3560.5208333333335,20957688.832899306,1.285754824849781,48
southern,170469,3551.4375,46923615.662760414,1.928819368144287,48
replicates,170335,3548.6458333333335,97362481.22873263,2.7805656866490125,48
hazard,170130,3544.375,29371628.692708332,1.5290593756661612,48
mapping,170108,3543.9166666666665,25814360.57638889,1.4336633557646639,48
leader,169901,3539.6041666666665,159146287.57248265,3.5640481152312353,48
reading,169888,3539.3333333333335,91608689.05555554,2.704250183649848,48
rabbit,169740,3536.25,38164731.145833336,1.7469808452396054,48
evolutionary,169734,3536.125,46037322.359375,1.918789880473565,48
hu,169643,3534.2291666666665,17945442.468315974,1.198622370294462,48
modeling,169640,3534.1666666666665,8742238.013888888,0.8366123797226156,48
analytical,169527,3531.8125,10123455.069010416,0.9008795748907863,48
mobile,169469,3530.6041666666665,28207004.364149306,1.5042826741029502,48
mn,169431,3529.8125,21778843.860677082,1.3221044711118786,48
web,169374,3528.625,12873762.276041666,1.0168273893733806,48
collectively,169113,3523.1875,24486437.735677082,1.4045171547291937,48
longer,169058,3522.0416666666665,14287181.414930554,1.0731953695593797,48
oh,168861,3517.9375,19863905.891927082,1.2669054518373877,48
recover,168725,3515.1041666666665,20896284.25998264,1.300458010982343,48
deposit,168718,3514.9583333333335,46920549.49826387,1.9487734921839044,48
formulation,168408,3508.5,27239954.25,1.4875847106793765,48
derivative,168380,3507.9166666666665,30419782.826388884,1.5722760058176963,48
emergency,168285,3505.9375,73479673.68359375,2.4450032446170296,48
parasite,168195,3504.0625,94411612.43359375,2.772942496951085,48
price,167716,3494.0833333333335,36305227.74305556,1.7244528488456652,48
utility,167621,3492.1041666666665,14508620.843315974,1.090751642884384,48
correspondence,167492,3489.4166666666665,13786591.20138889,1.06408327713682,48
favor,167458,3488.7083333333335,19268270.039930556,1.2582203339424953,48
cascade,167393,3487.3541666666665,30173956.687065974,1.575143320413191,48
ring,167247,3484.3125,19847296.298177082,1.2785966955102726,48
outline,167236,3484.0833333333335,11945616.409722222,0.9920093108035267,48
stop,167136,3482.0,14940036.833333334,1.1100615688444686,48
pivotal,167125,3481.7708333333335,26881385.676649313,1.4891061012575362,48
circulation,167117,3481.6041666666665,24383266.989149306,1.4182949404096006,48
cord,167011,3479.3958333333335,33218378.155815974,1.656476859646353,48
span,166978,3478.7083333333335,14012046.37326389,1.0760507769827865,48
dilution,166938,3477.875,52875892.817708336,2.0908115378717085,48
standardize,166645,3471.7708333333335,20710940.343315974,1.31083750460815,48
pearson,166292,3464.4166666666665,16796202.95138889,1.182974648268844,48
smoke,166218,3462.875,36153478.567708336,1.7363538325435788,48
dilute,165729,3452.6875,43512133.506510414,1.9105038477294005,48
polarization,165569,3449.3541666666665,96472062.18706597,2.847495147624225,48
microbe,165563,3449.2291666666665,118213670.17664929,3.1521857449076256,48
obvious,165550,3448.9583333333335,11392576.414930558,0.9786401457814189,48
breed,165516,3448.25,90666478.6875,2.761370173422671,48
pt,165184,3441.3333333333335,18146315.76388889,1.2378484885883285,48
lab,165174,3441.125,33302900.067708332,1.6770290215939307,48
bilateral,165151,3440.6458333333335,31812728.437065974,1.6393077375907623,48
preliminary,164925,3435.9375,16410347.350260416,1.1789995286079846,48
heterogeneous,164627,3429.7291666666665,15518123.69748264,1.148576107622646,48
frontier,164564,3428.4166666666665,11883851.159722224,1.005506782052477,48
higher,164549,3428.1041666666665,14649850.801649308,1.1165099324626229,48
planning,164462,3426.2916666666665,24632792.20659722,1.4485466686616253,48
alt,164415,3425.3125,21015367.46484375,1.338345659321767,48
eq,164212,3421.0833333333335,31988095.743055563,1.6532195807418852,48
skeletal,164210,3421.0416666666665,44204888.831597224,1.943465285712108,48
retention,164016,3417.0,13213658.5,1.0638161042205627,48
advancement,164002,3416.7083333333335,11325837.164930554,0.9849796314830108,48
extremely,163936,3415.3333333333335,12355807.055555554,1.0292063619887,48
mid,163920,3415.0,11350325.125,0.9865371473001702,48
unlike,163718,3410.7916666666665,13694253.206597224,1.0849606410087025,48
semi,163693,3410.2708333333335,11695082.780815972,1.0027964304908559,48
clinic,163581,3407.9375,23526854.30859375,1.4232798802856406,48
laser,163560,3407.5,25770384.041666668,1.489788374033994,48
race,163449,3405.1875,20077965.985677082,1.3158876973672526,48
comply,163445,3405.1041666666665,13335417.968315974,1.0724397778175594,48
usage,163422,3404.625,19548154.067708332,1.2986245021796234,48
innovative,163360,3403.3333333333335,26399251.805555556,1.509702318034394,48
odds,163320,3402.5,28583842.875,1.5713110841737612,48
technological,163067,3397.2291666666665,27320506.551649306,1.5385780405574598,48
competition,162910,3393.9583333333335,38334305.62326389,1.824262346375203,48
dominate,162868,3393.0833333333335,30328457.993055556,1.6230452909522317,48
inside,162805,3391.7708333333335,12012801.884982638,1.0218700159385736,48
tau,162748,3390.5833333333335,64775919.70138887,2.3737357525834124,48
identical,162509,3385.6041666666665,19984423.697482634,1.3204125208269906,48
configuration,162281,3380.8541666666665,11191673.499565972,0.989512028907226,48
micro,162193,3379.0208333333335,10727605.145399306,0.9693051507740744,48
suspension,162080,3376.6666666666665,49158329.55555556,2.0763968804657074,48
fourth,161741,3369.6041666666665,16042976.07248264,1.1886762386541456,48
walk,161694,3368.625,24637508.817708332,1.4734850333789764,48
pay,161625,3367.1875,46176786.40234375,2.0181086891358415,48
march,161323,3360.8958333333335,15998520.426649308,1.190103843560154,48
radical,161291,3360.2291666666665,25181827.759982634,1.493395118442935,48
robustness,161087,3355.9791666666665,11147238.85373264,0.9948655611272189,48
east,160981,3353.7708333333335,27443707.426649313,1.5620250951501617,48
internet,160914,3352.375,87183960.65104167,2.785259755149234,48
recurrent,160700,3347.9166666666665,28834826.15972222,1.6039248990258457,48
cv,160156,3336.5833333333335,24492745.368055552,1.4832581989231386,48
fitness,160122,3335.875,29169628.109375,1.619032912813671,48
mimic,160013,3333.6041666666665,18619986.239149302,1.2944212905425208,48
hub,159885,3330.9375,30295698.391927082,1.6524335360381563,48
italy,159812,3329.4166666666665,13114533.909722224,1.0876978772414374,48
nh,159635,3325.7291666666665,33397465.447482634,1.7376802912773952,48
division,159485,3322.6041666666665,18858933.78081597,1.3070131660964344,48
gram,159447,3321.8125,74910446.81901042,2.605530004538563,48
pg,159438,3321.625,24249416.234375,1.482518233732726,48
fixed,159431,3321.4791666666665,10711605.457899306,0.9853618667404972,48
tag,159374,3320.2916666666665,32129382.914930552,1.707162871345335,48
enough,159358,3319.9583333333335,13197242.289930558,1.0942308676771517,48
lake,159236,3317.4166666666665,78965687.65972221,2.6786698448296673,48
security,159222,3317.125,26056118.776041668,1.5388384357363634,48
career,159186,3316.375,159840197.06770834,3.812232421575921,48
strand,159122,3315.0416666666665,30135359.45659722,1.6559575388573247,48
compartment,159105,3314.6875,35287114.506510414,1.7921133821860753,48
intra,158839,3309.1458333333335,10681183.082899304,0.9876288613466815,48
style,158764,3307.5833333333335,128877379.20138891,3.4322392467438045,48
discrimination,158565,3303.4375,34090210.037760414,1.7674565411240075,48
intensive,158397,3299.9375,12338895.016927084,1.0644675338557323,48
shock,158391,3299.8125,13259064.860677084,1.1034869060356265,48
building,158290,3297.7083333333335,20991040.789930556,1.3893278597146472,48
ck,158089,3293.5208333333335,65578402.24956597,2.458781861867936,48
cop,157995,3291.5625,93654649.24609375,2.940103133733897,48
bear,157852,3288.5833333333335,12643602.70138889,1.081251116325491,48
attachment,157805,3287.6041666666665,88761723.40581597,2.865717268964963,48
capital,157755,3286.5625,60230240.912760414,2.3613774115238684,48
widespread,157286,3276.7916666666665,10339787.289930558,0.9813116884605535,48
norm,157253,3276.1041666666665,88156654.46831597,2.865958174875593,48
route,157089,3272.6875,15174941.21484375,1.1903069544233729,48
productivity,156976,3270.3333333333335,39353347.34722222,1.9182217828181807,48
bm,156878,3268.2916666666665,57286668.95659723,2.3158262823897307,48
wellbeing,156810,3266.875,125107660.77604167,3.423808253301233,48
asthma,156766,3265.9583333333335,60402056.12326389,2.379661703770337,48
pp,156755,3265.7291666666665,17079238.947482638,1.2654765221591235,48
june,156670,3263.9583333333335,14173829.539930554,1.1534505930814698,48
oa,156649,3263.5208333333335,26907557.582899306,1.5894641967758236,48
plasticity,156565,3261.7708333333335,22953354.38498264,1.4688235803105738,48
induces,156423,3258.8125,42585671.110677086,2.0024993065738306,48
recording,156299,3256.2291666666665,30783655.46831597,1.7039040407543153,48
clearance,156202,3254.2083333333335,45061844.33159722,2.0628095273975338,48
initiative,156098,3252.0416666666665,26582595.456597224,1.5854136378184471,48
stay,156007,3250.1458333333335,18985864.707899306,1.3406405238695192,48
organize,155966,3249.2916666666665,19451873.33159722,1.3573505388480878,48
transplant,155870,3247.2916666666665,69302438.8732639,2.5636159277872665,48
originate,155862,3247.125,13790618.651041666,1.1436492966572538,48
uv,155811,3246.0625,35310433.68359375,1.8306050170906383,48
understood,155744,3244.6666666666665,14568979.805555558,1.176371470684249,48
localize,155708,3243.9166666666665,23937509.909722224,1.508237714826654,48
systematically,155703,3243.8125,12684431.819010416,1.0979429291841307,48
living,155644,3242.5833333333335,22379032.743055552,1.458913388117641,48
surveillance,155345,3236.3541666666665,40336295.8953993,1.9624200167863637,48
shoot,155311,3235.6458333333335,273150952.7703993,5.107876418038631,48
responsibility,155105,3231.3541666666665,56768450.68706597,2.331680067747819,48
outcomes,154815,3225.3125,19055441.46484375,1.3534359486734542,48
vr,154806,3225.125,71960803.94270833,2.630276783067334,48
nih,154705,3223.0208333333335,22952303.520399302,1.486449045346554,48
determinant,154588,3220.5833333333335,26597185.118055552,1.6013390591678032,48
untreated,154534,3219.4583333333335,33215034.456597224,1.7901298932914893,48
toxic,154437,3217.4375,22790137.24609375,1.4837589477833648,48
yu,154426,3217.2083333333335,18340260.664930552,1.3311394882844318,48
spot,154421,3217.1041666666665,24392539.176649302,1.5351944173138519,48
resonance,154296,3214.5,13884700.333333334,1.1591905324088776,48
numerical,154185,3212.1875,23373009.860677082,1.5050690788639922,48
pronounced,154157,3211.6041666666665,10954159.614149306,1.0305463268878028,48
prominent,154110,3210.625,10732906.442708334,1.0203968018790674,48
greatly,154044,3209.25,11120410.0625,1.0390988188286348,48
nt,153992,3208.1666666666665,20732107.51388889,1.4192692847996573,48
summer,153987,3208.0625,53381499.850260414,2.277469477341318,48
vegetation,153854,3205.2916666666665,65508946.37326389,2.525124250689709,48
schematic,153803,3204.2291666666665,12861732.093315974,1.1192475702507025,48
mediation,153758,3203.2916666666665,128325637.37326388,3.536390629103406,48
apparent,153719,3202.4791666666665,9386436.04123264,0.9566741725954724,48
eat,153711,3202.3125,49809098.756510414,2.203893638169896,48
mo,153690,3201.875,19545529.109375,1.3807636413245965,48
sentence,153583,3199.6458333333335,164032062.22873268,4.002786839712463,48
opposite,153530,3198.5416666666665,16084067.914930558,1.253851017094042,48
responsive,153398,3195.7916666666665,43016062.66493056,2.052281206273095,48
latent,153268,3193.0833333333335,51535907.74305556,2.2482505693886012,48
investment,153255,3192.8125,42981693.40234375,2.0533753581577887,48
interference,153110,3189.7916666666665,22539307.248263884,1.4883599075190033,48
winter,152777,3182.8541666666665,46699765.99956598,2.147042354591699,48
warrant,152684,3180.9166666666665,15491358.534722224,1.2373497105589706,48
subtype,152526,3177.625,47114528.526041664,2.1601045967730013,48
translate,152503,3177.1458333333335,18653006.207899306,1.3593687055154906,48
enrol,152454,3176.125,20714171.984375,1.4329670447197054,48
warm,152349,3173.9375,29457814.891927082,1.7100227721225387,48
island,152090,3168.5416666666665,54231199.41493056,2.324155503880876,48
ex,152084,3168.4166666666665,30936465.493055556,1.7554685681972715,48
coordination,152056,3167.8333333333335,17868141.972222224,1.3343733906918935,48
discrepancy,151974,3166.125,12481849.359375,1.115864372135822,48
forum,151744,3161.3333333333335,11072353.555555554,1.0525668351081914,48
achievement,151726,3160.9583333333335,140019709.45659724,3.7434825662395315,48
park,151540,3157.0833333333335,15064477.159722218,1.2293937080577477,48
pass,151153,3149.0208333333335,9119471.978732638,0.9589794764836649,48
electrical,151122,3148.375,16081631.026041666,1.2737335598392436,48
update,150937,3144.5208333333335,8969979.124565972,0.952447924520589,48
degrade,150824,3142.1666666666665,41968435.34722223,2.0617318118668604,48
visible,150585,3137.1875,10191221.485677084,1.0175895635754837,48
imbalance,150564,3136.75,12324969.895833334,1.1192137240186428,48
isolated,150564,3136.75,14731293.479166666,1.2236030030150475,48
spontaneous,150540,3136.25,15569101.020833334,1.2581171833276854,48
lin,150437,3134.1041666666665,14519330.25998264,1.215793634295367,48
stock,150399,3133.3125,31653690.46484375,1.795595317985354,48
timing,150281,3130.8541666666665,10436763.624565972,1.031858354608593,48
ideal,150279,3130.8125,11962616.485677084,1.1047297021635643,48
newly,150195,3129.0625,13347087.516927084,1.1675594847981492,48
methodological,149908,3123.0833333333335,19772059.53472222,1.423778341140259,48
manual,149814,3121.125,11052958.859375,1.065192535519553,48
july,149780,3120.4166666666665,13773132.034722222,1.18933381409345,48
pilot,149602,3116.7083333333335,20794648.164930556,1.4631189194530154,48
economy,149504,3114.6666666666665,49334894.68055556,2.255098560063921,48
vision,149464,3113.8333333333335,20390294.09722222,1.4501615351683899,48
ray,149457,3113.6875,9868152.96484375,1.0088878995863237,48
modern,149417,3112.8541666666665,12017144.707899308,1.1136324323926543,48
fl,149417,3112.8541666666665,42305250.499565974,2.0894806828848767,48
encounter,149309,3110.6041666666665,21869669.322482634,1.5034062756880109,48
northern,149258,3109.5416666666665,37921268.16493055,1.9803641040391673,48
india,149001,3104.1875,17602394.65234375,1.3515680945179227,48
portion,149001,3104.1875,8309210.02734375,0.9286069345309441,48
fault,148962,3103.375,217900921.19270834,4.756585152336087,48
recipient,148750,3098.9583333333335,64582765.83159722,2.593239231172843,48
waste,148644,3096.75,21675555.479166668,1.5034153208926813,48
attack,148556,3094.9166666666665,12760801.32638889,1.1542237698263578,48
round,148457,3092.8541666666665,11219068.207899308,1.0829762971559624,48
firstly,148422,3092.125,11156694.026041666,1.0802162824395412,48
africa,148402,3091.7083333333335,19482251.414930556,1.427647717139949,48
put,148262,3088.7916666666665,26179669.914930556,1.6565077280091638,48
tobacco,148245,3088.4375,80335284.70442708,2.9021132198981565,48
enterprise,148072,3084.8333333333335,84796086.38888888,2.985081543666595,48
functioning,148068,3084.75,44744537.520833336,2.1684531267711558,48
mood,147984,3083.0,75189809.16666667,2.812587009552936,48
potent,147953,3082.3541666666665,44428285.728732646,2.162455802417783,48
executive,147936,3082.0,65010210.666666664,2.6161229597978823,48
slide,147836,3079.9166666666665,16704691.451388888,1.327028539975499,48
assistance,147707,3077.2291666666665,12341515.00998264,1.141627437042669,48
substantially,147683,3076.7291666666665,9808650.07248264,1.0179239953411152,48
plastic,147644,3075.9166666666665,28728359.40972222,1.7425323417015979,48
aggregation,147251,3067.7291666666665,11065469.780815974,1.0843460775122276,48
clean,147231,3067.3125,14994450.131510416,1.2624298290378762,48
di,147077,3064.1041666666665,14712579.75998264,1.251817128675197,48
competence,147075,3064.0625,107149114.14192708,3.378288017131577,48
soft,146944,3061.3333333333335,10509682.388888888,1.0589712641490594,48
situ,146870,3059.7916666666665,24366992.289930556,1.6132776062402063,48
putative,146803,3058.3958333333335,50708228.6141493,2.3283353209928634,48
affected,146633,3054.8541666666665,10842106.29123264,1.0778699085619552,48
outbreak,145910,3039.7916666666665,49872609.20659723,2.323203348106476,48
sterile,145557,3032.4375,59764890.579427086,2.5493602253566,48
spring,145461,3030.4375,37957356.537760414,2.033024667403978,48
eastern,145126,3023.4583333333335,29870792.789930552,1.8076709828752542,48
format,144857,3017.8541666666665,15222566.999565972,1.2928427305155061,48
prompt,144851,3017.7291666666665,14832049.947482638,1.276204669310463,48
reinforce,144792,3016.5,13960007.25,1.2386240041978323,48
pan,144549,3011.4375,19205690.079427082,1.4552617148636342,48
vein,144445,3009.2708333333335,17153398.65581597,1.3763022334742196,48
youth,144421,3008.7708333333335,45129602.884982646,2.232757955971021,48
flexibility,144363,3007.5625,32543130.954427082,1.8967714573571943,48
markedly,144083,3001.7291666666665,21577654.114149306,1.5474998245674885,48
stakeholder,144040,3000.8333333333335,25843625.055555552,1.69408360892273,48
gamma,143812,2996.0833333333335,17838367.868055556,1.4096901630742265,48
promotion,143777,2995.3541666666665,26645942.978732634,1.7233257088379441,48
nrf,143595,2991.5625,58686641.079427086,2.56077573615462,48
april,143576,2991.1666666666665,13342884.055555558,1.2211928241239576,48
junction,143192,2983.1666666666665,16286462.888888888,1.3528070857598877,48
dependence,143056,2980.3333333333335,11486096.638888886,1.1371595233779206,48
semantic,143053,2980.2708333333335,82680065.86414929,3.0510173294948175,48
meaningful,143046,2980.125,27454296.192708332,1.7582097199711626,48
crystal,142854,2976.125,20594228.859375,1.5248306020508329,48
stratify,142662,2972.125,21333668.151041668,1.5540525376472814,48
reconstruction,142550,2969.7916666666665,10652825.873263888,1.0990221106885378,48
concentrate,142495,2968.6458333333335,9393942.770399304,1.0324417700897746,48
mask,142181,2962.1041666666665,16969538.968315974,1.3907039708751185,48
ace,141973,2957.7708333333335,19019807.59331597,1.4744788167199556,48
gov,141962,2957.5416666666665,16014904.206597224,1.3531043830326837,48
circuit,141864,2955.5,20249215.333333332,1.5225555114093094,48
prolonged,141665,2951.3541666666665,11460310.60373264,1.1470355166998882,48
film,141319,2944.1458333333335,21755902.54123264,1.584270130117786,48
row,141315,2944.0625,21015390.43359375,1.5571186485934085,48
compromise,141227,2942.2291666666665,9644206.25998264,1.0554963811524967,48
provider,141224,2942.1666666666665,46541529.638888896,2.3187453474510646,48
electronic,141106,2939.7083333333335,10693594.664930554,1.1123913821907159,48
equally,141024,2938.0,13113099.333333334,1.2325396072258066,48
integrated,141022,2937.9583333333335,8099480.623263888,0.9686858439099139,48
plane,140990,2937.2916666666665,11583763.831597224,1.1587180549978713,48
boost,140963,2936.7291666666665,23519498.739149306,1.651391839888134,48
critically,140423,2925.4791666666665,10837226.66623264,1.1252838055135679,48
orient,140350,2923.9583333333335,44386488.95659722,2.2785271975980477,48
manifest,140194,2920.7083333333335,13222251.581597224,1.2449861450038333,48
remodel,140076,2918.25,28486116.645833332,1.8289175609934718,48
od,140015,2916.9791666666665,55550092.81206598,2.555106854785679,48
glass,139866,2913.875,12320103.859375,1.2045817167066108,48
insect,139615,2908.6458333333335,45781279.978732646,2.3262325165738442,48
socio,139496,2906.1666666666665,36029442.76388889,2.065419416940263,48
west,139451,2905.2291666666665,17408154.926649306,1.436137346169705,48
mind,139357,2903.2708333333335,78041878.90581594,3.0428203159369445,48
bridge,139293,2901.9375,6749974.766927083,0.8952885288679134,48
classroom,139224,2900.5,139699202.20833334,4.074966972796271,48
september,139212,2900.25,11675192.895833334,1.1781391740425118,48
loading,139041,2896.6875,24871160.006510418,1.721655980493107,48
immediate,139034,2896.5416666666665,16932319.58159722,1.420621712953994,48
percent,138989,2895.6041666666665,7893448.072482639,0.9702735337557798,48
extensively,138861,2892.9375,10825229.30859375,1.1373116850846239,48
categorical,138823,2892.1458333333335,15328343.499565968,1.3537155700224979,48
rr,138817,2892.0208333333335,15613411.645399308,1.3663044657173662,48
kill,138783,2891.3125,55179976.798177086,2.5691870422155865,48
big,138769,2891.0208333333335,16978800.520399306,1.4252868611739922,48
binary,138733,2890.2708333333335,7363405.989149305,0.938859992453355,48
chart,138552,2886.5,8315947.625,0.999043298350207,48
allocation,138475,2884.8958333333335,17984884.593315974,1.470021515587068,48
brief,138339,2882.0625,15454698.225260416,1.3640392586551902,48
equipment,138188,2878.9166666666665,11415200.534722222,1.1735799432493623,48
infrastructure,138178,2878.7083333333335,18448692.49826389,1.4920560262208808,48
emergence,138165,2878.4375,15867147.454427084,1.3838614927982364,48
normally,138136,2877.8333333333335,8517022.972222222,1.0140941343100138,48
zhu,138013,2875.2708333333335,15835811.280815972,1.3840169210677398,48
egg,137899,2872.8958333333335,22760662.134982634,1.6606288039572443,48
try,137706,2868.875,30317586.151041668,1.9192682732625386,48
actively,137666,2868.0416666666665,18447124.539930556,1.4975415586834857,48
ip,137501,2864.6041666666665,16792037.697482638,1.4304974270102009,48
urine,137491,2864.3958333333335,15339919.780815972,1.3673462721464726,48
app,137472,2864.0,15538496.875,1.3763582447807663,48
ln,137298,2860.375,22656992.067708332,1.6640951417690495,48
synergistic,137183,2857.9791666666665,19408365.478732638,1.541471225610714,48
bi,137020,2854.5833333333335,9053188.826388888,1.0540423572027744,48
reservation,136914,2852.375,9853667.151041666,1.1005057668321963,48
establishment,136856,2851.1666666666665,11861926.347222224,1.2079668231893577,48
colleague,136727,2848.4791666666665,19169380.87456597,1.537060619400993,48
globally,136706,2848.0416666666665,11785790.539930558,1.2054050886071102,48
cultivation,136686,2847.625,57759665.109375,2.6688830052026176,48
harbor,136618,2846.2083333333335,41030947.414930545,2.2505521797798966,48
otherwise,136538,2844.5416666666665,7899518.164930556,0.9880706552930745,48
indirectly,136417,2842.0208333333335,14337272.228732636,1.332312211669835,48
dissolve,136414,2841.9583333333335,22078274.456597224,1.6533502201907309,48
want,136401,2841.6875,39614770.08984375,2.2148904621945675,48
house,136334,2840.2916666666665,11373976.081597224,1.1873895315781355,48
template,136322,2840.0416666666665,16500490.206597222,1.4302887136505946,48
agriculture,136321,2840.0208333333335,45323277.85373264,2.370495470026243,48
handle,135932,2831.9166666666665,6923875.618055555,0.9291678176529445,48
lie,135877,2830.7708333333335,12900689.801649308,1.2688250790088802,48
moment,135861,2830.4375,25499143.12109375,1.784059045576491,48
kaplan,135802,2829.2083333333335,46009340.78993056,2.3974970243175227,48
october,135271,2818.1458333333335,10562493.874565972,1.1532401975739004,48
pixel,135209,2816.8541666666665,12999771.124565968,1.2799809016307189,48
anatomical,135196,2816.5833333333335,12751624.493055554,1.267827455801681,48
august,135173,2816.1041666666665,12516220.176649308,1.256284154374994,48
never,135122,2815.0416666666665,23422146.998263884,1.7192083971990126,48
worth,135070,2813.9583333333335,12093724.956597224,1.2358403797057866,48
undue,135049,2813.5208333333335,9604033.666232638,1.1014802172344635,48
exogenous,135005,2812.6041666666665,28015556.989149302,1.8818760485500716,48
observational,134976,2812.0,11607341.916666666,1.2115771455093316,48
translational,134803,2808.3958333333335,17321026.19748264,1.4819327275281367,48
europe,134502,2802.125,8913798.526041666,1.0654765653109664,48
shear,134447,2800.9791666666665,33880173.56206598,2.0780832155948734,48
stabilize,134407,2800.1458333333335,9338457.249565972,1.0913320690317694,48
complementary,134185,2795.5208333333335,7757677.207899305,0.9963297980603391,48
hierarchical,134113,2794.0208333333335,17196373.353732634,1.4841875791009644,48
narrative,134040,2792.5,46272590.875,2.4359520020629857,48
ministry,134008,2791.8333333333335,10929196.972222222,1.184144325961814,48
existence,133924,2790.0833333333335,10715738.45138889,1.1732589547300136,48
pregnant,133913,2789.8541666666665,19235113.582899306,1.5720482645003122,48
latency,133730,2786.0416666666665,21955803.289930556,1.6818492207627325,48
reader,133524,2781.75,16993177.145833332,1.4819010155419199,48
rotation,133512,2781.5,10969095.125,1.1907109214732885,48
sometimes,133502,2781.2916666666665,17495669.664930556,1.5038992769949169,48
upstream,133435,2779.8958333333335,17367871.051649306,1.4991488999734903,48
smoking,133347,2778.0625,25091946.55859375,1.8031222181649007,48
acknowledgments,133309,2777.2708333333335,7254684.655815973,0.9698197775689538,48
diminish,133269,2776.4375,12085875.204427084,1.2521349883492428,48
lu,133217,2775.3541666666665,11315327.187065974,1.2120349583606256,48
scholar,133110,2773.125,24764425.276041668,1.794505032819288,48
roi,133077,2772.4375,26540324.079427082,1.8581952532770942,48
lobe,132996,2770.75,19065318.5625,1.575885615104627,48
appearance,132720,2765.0,11610924.833333334,1.232361922785552,48
deal,132511,2760.6458333333335,26372166.187065974,1.860210998786882,48
compliance,132478,2759.9583333333335,11140244.873263888,1.2093300454848714,48
pure,131609,2741.8541666666665,10883083.249565972,1.2031828246578211,48
seasonal,131412,2737.75,36897196.229166664,2.218722028816158,48
request,131311,2735.6458333333335,14282169.312065972,1.3814565098352969,48
vulnerable,131281,2735.0208333333335,15585660.062065974,1.4434507184320509,48
pv,131229,2733.9375,42715546.141927086,2.390586153435083,48
psychology,131072,2730.6666666666665,161918457.9722222,4.65993104911757,48
projection,131035,2729.8958333333335,6891611.009982638,0.9616439472350025,48
retrieve,131024,2729.6666666666665,8863846.76388889,1.090690432008784,48
lag,130974,2728.625,18968850.651041668,1.5961608511625482,48
hd,130900,2727.0833333333335,13423574.243055554,1.3434938272750794,48
specify,130819,2725.3958333333335,11585428.489149308,1.2488965411538,48
associated,130757,2724.1041666666665,7076656.593315973,0.9765407038774759,48
nd,130731,2723.5625,7736393.37109375,1.0212496629421346,48
predicted,130706,2723.0416666666665,10681324.74826389,1.2002128518960027,48
sm,130679,2722.4791666666665,9993766.249565974,1.1611812875314036,48
bird,130665,2722.1875,34819196.319010414,2.1676608600995246,48
neither,130660,2722.0833333333335,12570656.95138889,1.3024995170149483,48
meier,130610,2721.0416666666665,45317648.91493056,2.473993152078588,48
manipulation,130504,2718.8333333333335,34409511.76388889,2.1575291367165006,48
sort,130495,2718.6458333333335,21899191.437065974,1.7213191710675162,48
gp,130404,2716.75,28446278.9375,1.9631932692682088,48
lv,130355,2715.7291666666665,36953097.11414931,2.2384065351033007,48
die,130225,2713.0208333333335,12497101.478732638,1.3030213133361916,48
ed,130220,2712.9166666666665,11647865.784722224,1.2580176237140084,48
cap,130164,2711.75,8787276.770833334,1.093144323517229,48
governance,130113,2710.6875,32476010.33984375,2.1023348153193155,48
remote,130070,2709.7916666666665,12357394.414930558,1.297261565739708,48
gate,130047,2709.3125,27677672.381510418,1.941805296948899,48
classifier,129895,2706.1458333333335,10305539.541232638,1.1862717005983268,48
activated,129571,2699.3958333333335,54478464.1141493,2.734298060556363,48
persist,129326,2694.2916666666665,9449100.49826389,1.1409080020430478,48
implant,129272,2693.1666666666665,31566514.722222213,2.0861718761511407,48
episode,129224,2692.1666666666665,18801815.22222222,1.6106380229964283,48
reporting,129217,2692.0208333333335,15282506.562065968,1.452174742767612,48
displacement,129013,2687.7708333333335,22562507.676649306,1.7672640647630657,48
covariates,128947,2686.3958333333335,15732261.780815972,1.476473229388424,48
clustering,128918,2685.7916666666665,15165789.748263888,1.4499739285905402,48
pump,128740,2682.0833333333335,14296295.993055558,1.4097415439260912,48
facial,128738,2682.0416666666665,53044171.41493056,2.7155219298804876,48
https,128698,2681.2083333333335,9666111.206597222,1.159565627086379,48
infer,128557,2678.2708333333335,12314392.114149304,1.3102434499808966,48
disparity,128534,2677.7916666666665,27465009.789930556,1.957100344498779,48
stressor,128459,2676.2291666666665,30361885.968315974,2.058927588241671,48
scope,128427,2675.5625,10881354.162760416,1.2328957983796094,48
cutoff,128308,2673.0833333333335,12307084.993055558,1.3123966158333948,48
character,128132,2669.4166666666665,51861515.78472222,2.6977781650354333,48
breeding,128128,2669.3333333333335,97169419.63888888,3.6928527829043847,48
vulnerability,128014,2666.9583333333335,13466963.37326389,1.37600055428088,48
scatter,128009,2666.8541666666665,8599875.66623264,1.0996306050662175,48
faculty,127931,2665.2291666666665,28514503.551649306,2.003541534849826,48
mechanistic,127834,2663.2083333333335,17482360.414930556,1.569982796730139,48
distal,127786,2662.2083333333335,9010617.581597222,1.1275485234357256,48
gold,127712,2660.6666666666665,7187936.180555557,1.0076544740227376,48
acceptance,127291,2651.8958333333335,41354954.00998264,2.4249752484484475,48
batch,127248,2651.0,13219753.666666666,1.3715193955207676,48
proper,127089,2647.6875,5742267.58984375,0.9050550339759804,48
pharmaceutical,127049,2646.8541666666665,25841509.916232634,1.9205646423040037,48
teaching,126987,2645.5625,94004111.82942708,3.6648432096861736,48
competitive,126906,2643.875,21306678.942708332,1.7458903424892096,48
inference,126888,2643.5,17801060.25,1.596039444581172,48
habit,126849,2642.6875,24468600.08984375,1.8717970177895218,48
rhythm,126712,2639.8333333333335,16189286.138888888,1.5241837992079181,48
fuel,126683,2639.2291666666665,43016474.67664931,2.485079609288186,48
san,126665,2638.8541666666665,16360316.207899304,1.5327822290526845,48
valid,126651,2638.5625,26032311.99609375,1.9336994979981525,48
split,126311,2631.4791666666665,6608063.249565973,0.9768708706110077,48
mv,126296,2631.1666666666665,12540087.76388889,1.3458663332287966,48
stratification,126117,2627.4375,16584015.37109375,1.5499313108701522,48
mann,126021,2625.4375,15538896.454427084,1.501441453648193,48
excess,125962,2624.2083333333335,9432749.748263888,1.170363707610031,48
restoration,125828,2621.4166666666665,15082421.82638889,1.4814925954603215,48
asian,125759,2619.9791666666665,11484920.85373264,1.2934992028044212,48
os,125719,2619.1458333333335,53377997.5828993,2.78946847960467,48
sf,125696,2618.6666666666665,7420730.013888889,1.0402628650755004,48
judgment,125369,2611.8541666666665,85999540.62456597,3.550578683125481,48
poorly,125360,2611.6666666666665,10109374.51388889,1.217431113867349,48
register,125277,2609.9375,8739487.100260416,1.132694692146373,48
niche,125221,2608.7708333333335,25519380.426649306,1.9364180971156766,48
song,125204,2608.4166666666665,14293973.701388888,1.4494375988768295,48
neck,124933,2602.7708333333335,23549703.884982646,1.8644759852396156,48
intact,124876,2601.5833333333335,9192321.701388888,1.1653996028213272,48
kb,124872,2601.5,24493945.625,1.9024162392030377,48
beginning,124798,2599.9583333333335,11296633.12326389,1.2927308832926774,48
chicken,124381,2591.2708333333335,43957531.73914931,2.558608524053779,48
hg,124351,2590.6458333333335,9269812.687065972,1.1752423543881794,48
maximal,124249,2588.5208333333335,18006788.082899306,1.639330284813302,48
taxonomic,124243,2588.3958333333335,72928875.8641493,3.299279188987771,48
hard,124228,2588.0833333333335,10843093.784722224,1.272325850484154,48
bulk,124135,2586.1458333333335,16308588.249565968,1.5615474045267308,48
naïve,124111,2585.6458333333335,98009817.35373265,3.8288270759317364,48
neighbor,123974,2582.7916666666665,8500203.206597222,1.1288215129720556,48
sh,123914,2581.5416666666665,11653177.789930558,1.3223397317017966,48
sustainability,123849,2580.1875,17135735.194010418,1.6043536408404397,48
heal,123797,2579.1041666666665,19848821.09331597,1.7274221160826793,48
outer,123788,2578.9166666666665,11401721.909722218,1.3093263656270193,48
mobility,123738,2577.875,8154739.859375,1.1077536786003044,48
morbidity,123671,2576.4791666666665,14352414.66623264,1.4704012105349604,48
indication,123665,2576.3541666666665,9592894.85373264,1.2021793885167038,48
quite,123664,2576.3333333333335,9962065.305555558,1.225103102292014,48
tip,123649,2576.0208333333335,15425249.853732644,1.5246379745404925,48
crisis,123591,2574.8125,29584101.069010418,2.112436096383666,48
continuously,123583,2574.6458333333335,5488226.978732638,0.9099102052680081,48
german,123511,2573.1458333333335,27768610.91623264,2.047918536944133,48
interplay,123384,2570.5,11484453.916666666,1.318370772788133,48
trade,123321,2569.1875,14159988.90234375,1.4646560711744976,48
conceptual,123021,2562.9375,42640947.975260414,2.547859116131091,48
centre,122920,2560.8333333333335,5633074.805555555,0.9268115664629288,48
ta,122740,2557.0833333333335,9254625.534722222,1.1896920071690302,48
hair,122670,2555.625,12362573.484375,1.3758063676116887,48
ce,122568,2553.5,5890333.166666667,0.9504604888969728,48
contrary,122558,2553.2916666666665,10335490.748263888,1.2591142047661952,48
contamination,122481,2551.6875,27776799.798177082,2.065444920994188,48
infusion,122464,2551.3333333333335,24705714.972222224,1.9481908988921062,48
solar,122432,2550.6666666666665,47709670.88888889,2.7080052608726195,48
page,122432,2550.6666666666665,13307385.26388889,1.4301864482257052,48
tone,122377,2549.5208333333335,37870413.8328993,2.413745406666382,48
spend,122317,2548.2708333333335,21130390.82248264,1.8038822343171372,48
reality,122239,2546.6458333333335,26412248.520399306,2.0180602887540346,48
somatic,122148,2544.75,16871225.270833332,1.6140916436545454,48
absent,122075,2543.2291666666665,9697342.093315974,1.2244494561709203,48
interfere,121998,2541.625,11496577.109375,1.3340521423554565,48
earlier,121972,2541.0833333333335,7546958.201388888,1.0811029804013528,48
canada,121799,2537.4791666666665,6455171.041232639,1.0012704328771456,48
focal,121708,2535.5833333333335,9100434.909722222,1.1897430744495099,48
accessible,121512,2531.5,6548725.041666667,1.0108819603278518,48
blind,121492,2531.0833333333335,10855638.451388888,1.3017309813459188,48
contraction,121477,2530.7708333333335,25840924.551649306,2.0086358207874255,48
patch,121459,2530.3958333333335,7614529.489149305,1.0905185882851633,48
uniform,121411,2529.3958333333335,5463565.072482638,0.9241048747329809,48
passive,121362,2528.375,10841631.526041666,1.302284387276773,48
unable,121325,2527.6041666666665,8220144.280815971,1.1343071185444522,48
eventually,121299,2527.0625,6756907.641927083,1.0286272095486986,48
historical,121283,2526.7291666666665,8514812.030815972,1.154858669681633,48
fire,121127,2523.4791666666665,16706120.707899304,1.6197130595640887,48
farmer,121105,2523.0208333333335,31522604.645399306,2.225308418664093,48
adoption,120803,2516.7291666666665,13185957.947482638,1.4428439440065899,48
el,120786,2516.375,8356927.859375,1.1488093583499326,48
em,120765,2515.9375,10020767.43359375,1.2582027879043718,48
opinion,120751,2515.6458333333335,18380530.353732638,1.7042351582611355,48
heatmap,120731,2515.2291666666665,25144442.259982634,1.993624870823225,48
away,120720,2515.0,10631536.375,1.296462696859781,48
thin,120593,2512.3541666666665,6980017.228732641,1.0515922708515317,48
african,120351,2507.3125,10099528.08984375,1.2674828009282442,48
master,120310,2506.4583333333335,11643383.748263888,1.3613792168508814,48
consecutive,120008,2500.1666666666665,6174199.388888889,0.9938511956721929,48
reflection,119971,2499.3958333333335,25098290.69748264,2.004412170660854,48
foot,119947,2498.8958333333335,9465749.634982638,1.2312021175978987,48
november,119786,2495.5416666666665,8209323.873263891,1.1481241957573753,48
instability,119638,2492.4583333333335,6196806.498263888,0.998748317325096,48
incomplete,119539,2490.3958333333335,6915995.864149305,1.0559879960598872,48
bed,119339,2486.2291666666665,11038723.051649308,1.3363439806794584,48
survive,119329,2486.0208333333335,13603018.10373264,1.4835865049499082,48
cn,119303,2485.4791666666665,8430634.082899308,1.1682075070087765,48
behind,119195,2483.2291666666665,9576504.176649306,1.2461969976399137,48
kingdom,119195,2483.2291666666665,7990321.134982639,1.1383224903640972,48
jiang,119125,2481.7708333333335,11128525.051649304,1.3441790663974056,48
delta,118992,2479.0,8611605.458333334,1.18376510965746,48
speaker,118983,2478.8125,86599525.65234375,3.754171246478035,48
interesting,118937,2477.8541666666665,9403229.582899306,1.2375500649994586,48
aggressive,118885,2476.7708333333335,25402581.50998264,2.0349469976188077,48
sl,118813,2475.2708333333335,12588190.32248264,1.4333720303416932,48
slight,118747,2473.8958333333335,5839727.093315971,0.9768207281421732,48
acceptable,118684,2472.5833333333335,21591556.07638889,1.8792780176368866,48
collaborative,118569,2470.1875,16628229.860677084,1.6507947915971664,48
toxin,118552,2469.8333333333335,29471448.847222228,2.1980273686555183,48
cb,118540,2469.5833333333335,12063551.076388888,1.4064163227269046,48
hl,118359,2465.8125,9205488.735677084,1.2304483142952396,48
transduction,118345,2465.5208333333335,23357822.374565974,1.9602321107541953,48
cooperation,118202,2462.5416666666665,12976070.039930554,1.462810277401732,48
narrow,118125,2460.9375,5485151.93359375,0.9516861448591948,48
business,118072,2459.8333333333335,43830084.43055556,2.6914137775190277,48
annotate,117993,2458.1875,26557020.40234375,2.0964024939294723,48
priority,117812,2454.4166666666665,11170955.243055554,1.361748371416321,48
feasibility,117746,2453.0416666666665,6179246.956597223,1.013357884969937,48
quickly,117738,2452.875,7923016.901041667,1.1475453944504024,48
private,117607,2450.1458333333335,22108423.70789931,1.9190529381800323,48
rd,117550,2448.9583333333335,8519765.373263888,1.1918796955267095,48
proportional,117450,2446.875,6557222.526041667,1.0465215537666734,48
replacement,117442,2446.7083333333335,7353894.581597221,1.1083489107830942,48
epidemiological,117439,2446.6458333333335,17816753.812065974,1.725214828645663,48
labor,117399,2445.8125,17735877.485677082,1.7218811822170361,48
insert,117375,2445.3125,10373167.173177084,1.3171077967394786,48
leverage,117264,2443.0,5265524.708333333,0.9392849430171346,48
proximal,117249,2442.6875,7518021.673177083,1.1224936082295667,48
mammalian,117210,2441.875,14707553.859375,1.5705320197879264,48
socioeconomic,117195,2441.5625,30846274.204427082,2.2747491501528745,48
biotechnology,117132,2440.25,18295698.770833332,1.7528315398443526,48
comment,117074,2439.0416666666665,15656137.748263886,1.6222698518100886,48
inherent,117025,2438.0208333333335,5533056.395399306,0.9648174195631813,48
acc,117017,2437.8541666666665,9775724.124565974,1.2825276774701384,48
silence,116975,2436.9791666666665,19329189.103732638,1.804076714230278,48
viable,116921,2435.8541666666665,15151106.54123264,1.597978354689109,48
guo,116792,2433.1666666666665,11991496.430555558,1.4231963886950232,48
spearman,116788,2433.0833333333335,11835329.826388888,1.41394722159118,48
df,116745,2432.1875,18214221.985677082,1.7547217549918157,48
static,116734,2431.9583333333335,6571355.039930555,1.0540745704994445,48
stream,116665,2430.5208333333335,9638791.707899304,1.2773559922774393,48
girl,116643,2430.0625,35449442.600260414,2.4501194720444324,48
prioritize,116411,2425.2291666666665,10254958.50998264,1.3204263161009997,48
predominant,116071,2418.1458333333335,12797970.707899304,1.4794083554647481,48
persistence,115982,2416.2916666666665,17330321.248263888,1.722875719404608,48
volunteer,115949,2415.6041666666665,13027583.530815972,1.494191161718502,48
trap,115924,2415.0833333333335,10526283.743055554,1.3434002210800629,48
col,115919,2414.9791666666665,21738676.85373264,1.9306482905335731,48
meat,115627,2408.8958333333335,43314117.46831597,2.7321007755536604,48
po,115598,2408.2916666666665,9060490.581597224,1.2498755535416544,48
former,115578,2407.875,7687254.859375,1.1514675467282853,48
cdc,115544,2407.1666666666665,38020187.76388889,2.561538972273609,48
eu,115532,2406.9166666666665,7017689.284722221,1.100616485421252,48
whitney,115525,2406.7708333333335,15262622.134982638,1.6232291618137125,48
orange,115391,2403.9791666666665,11728643.895399308,1.4246008546681381,48
bead,115345,2403.0208333333335,29602295.72873264,2.264149817429129,48
ld,115271,2401.4791666666665,16117113.416232638,1.6717248861277956,48
inverse,115135,2398.6458333333335,4926219.645399305,0.9253174620341442,48
operational,114982,2395.4583333333335,10079808.914930554,1.3253711976059144,48
hb,114922,2394.2083333333335,7982333.206597221,1.1800570075456416,48
secondly,114793,2391.5208333333335,8932664.999565972,1.249730459641687,48
throughput,114650,2388.5416666666665,17980917.33159722,1.7753055079155426,48
tr,114646,2388.4583333333335,9453487.789930554,1.2872958358196007,48
substitution,114613,2387.7708333333335,15363154.13498264,1.64152518743506,48
asia,114559,2386.6458333333335,8930684.020399304,1.252144312707224,48
schedule,114420,2383.75,9653088.8125,1.3033841785369287,48
prolong,114420,2383.75,11019766.395833334,1.3925971050537622,48
pipeline,114403,2383.3958333333335,8827560.072482638,1.2465915108225352,48
gi,114303,2381.3125,8695129.298177084,1.2382879037802057,48
endpoint,114137,2377.8541666666665,15628604.499565974,1.662550648174813,48
please,114097,2377.0208333333335,7281021.145399305,1.1351758886604264,48
controlled,114026,2375.5416666666665,7065705.998263889,1.1189614612692633,48
travel,113936,2373.6666666666665,11085767.097222224,1.402694661261345,48
richness,113865,2372.1875,37082528.735677086,2.567057861976355,48
normalization,113612,2366.9166666666665,6864955.576388888,1.1069701188817402,48
exclusively,113414,2362.7916666666665,7139165.456597224,1.1308325301375564,48
receiver,113045,2355.1041666666665,9077743.593315974,1.2793189560850222,48
ear,112838,2350.7916666666665,14468217.331597224,1.6180553337359387,48
beam,112742,2348.7916666666665,31118425.664930552,2.3750038128786155,48
additive,112677,2347.4375,8889958.579427084,1.2701523926238218,48
anomaly,112646,2346.7916666666665,27950228.45659722,2.2527766893935817,48
gb,112632,2346.5,13589043.541666666,1.5709916855566162,48
complicate,112622,2346.2916666666665,5427607.164930555,0.9929381688392529,48
hot,112595,2345.7291666666665,6062938.697482638,1.049696431194477,48
ns,112563,2345.0625,13163648.641927084,1.5471546216545395,48
powerful,112540,2344.5833333333335,5838387.159722221,1.0305777740103332,48
ni,112352,2340.6666666666665,12632108.805555558,1.5184425268031392,48
hinder,112331,2340.2291666666665,6898897.509982639,1.1223581352428948,48
duplicate,112268,2338.9166666666665,8883727.82638889,1.2743328355003778,48
te,112250,2338.5416666666665,6230715.998263888,1.0673918090288008,48
margin,111955,2332.3958333333335,23175581.364149306,2.064016010365105,48
america,111886,2330.9583333333335,6530214.248263888,1.0962994712780734,48
immunological,111804,2329.25,68489791.3125,3.5530131700235503,48
prone,111677,2326.6041666666665,5988488.864149305,1.0518071569742462,48
pairwise,111594,2324.875,9648624.192708334,1.3360819233247312,48
iqr,111583,2324.6458333333335,12728638.270399308,1.5347377517501684,48
mic,111363,2320.0625,74811479.35026042,3.728073250080212,48
commitment,111197,2316.6041666666665,52758653.32248264,3.1354148984703385,48
nonetheless,111020,2312.9166666666665,6232599.743055556,1.079380662114364,48
district,110995,2312.3958333333335,22778032.114149306,2.0639345555177004,48
rodent,110859,2309.5625,11100363.454427084,1.4425765896305667,48
plat,110803,2308.3958333333335,24973392.905815974,2.1648534060343474,48
speculate,110706,2306.375,8809329.109375,1.2868902062250334,48
mount,110678,2305.7916666666665,8868117.87326389,1.291503725379408,48
moral,110641,2305.0208333333335,91845921.52039932,4.157718510113194,48
sb,110616,2304.5,7163575.416666667,1.161417073829199,48
tailor,110483,2301.7291666666665,7841373.614149306,1.2165833053039774,48
smith,110456,2301.1666666666665,12602040.388888888,1.5426676028610713,48
refine,110397,2299.9375,4954178.766927083,0.967764757104846,48
reduces,110152,2294.8333333333335,8852201.763888888,1.296505914968083,48
catalytic,110077,2293.2708333333335,17433826.155815974,1.8207109660418541,48
escape,109965,2290.9375,22358664.350260418,2.063999971624556,48
vi,109860,2288.75,8718387.145833334,1.2900891354442967,48
insertion,109771,2286.8958333333335,15606257.468315972,1.7274401145373839,48
equilibrium,109759,2286.6458333333335,4596653.603732639,0.9376094684681009,48
han,109742,2286.2916666666665,7296349.289930556,1.181465854907347,48
doctor,109730,2286.0416666666665,29098389.039930556,2.359664893088749,48
rv,109660,2284.5833333333335,24143807.868055556,2.1507794537206646,48
cultivate,109646,2284.2916666666665,26978522.49826389,2.2738275561648242,48
eligible,109482,2280.875,11763770.317708334,1.5037366446332157,48
attend,109381,2278.7708333333335,24857026.968315974,2.1878822231501207,48
valve,109290,2276.875,68101023.109375,3.624412584631306,48
efficiently,109269,2276.4375,8727676.704427084,1.2977576393682515,48
ft,109266,2276.375,21712214.817708332,2.0469548158188346,48
fever,109262,2276.2916666666665,18441183.206597224,1.8865420191773252,48
likewise,108758,2265.7916666666665,7791126.831597223,1.2319133509994085,48
uc,108678,2264.125,25081030.401041668,2.2119346258698434,48
cnn,108656,2263.6666666666665,10040787.722222224,1.3998174948803168,48
night,108585,2262.1875,9242476.194010416,1.3438957236928233,48
intellectual,108463,2259.6458333333335,10092852.10373264,1.4059393280808938,48
bioinformatics,108419,2258.7291666666665,16286450.655815974,1.786689413055328,48
driven,108392,2258.1666666666665,4747091.180555556,0.9648455416457005,48
completion,108306,2256.375,10718968.776041666,1.4509926873365702,48
camera,108253,2255.2708333333335,7156076.197482639,1.1861477101155207,48
steady,108133,2252.7708333333335,6310372.259982638,1.1150914226752047,48
apc,108031,2250.6458333333335,53204791.353732646,3.2409192723643927,48
freeze,108010,2250.2083333333335,11332076.456597222,1.4960014666492425,48
canonical,107912,2248.1666666666665,16051003.847222222,1.7820611200861267,48
prism,107854,2246.9583333333335,15536594.664930554,1.7542153166433636,48
australia,107811,2246.0625,6877641.80859375,1.1676103604293024,48
exception,107737,2244.5208333333335,8390802.541232638,1.2905597307283225,48
identified,107566,2240.9583333333335,7629053.123263888,1.2325414626353761,48
shed,107549,2240.6041666666665,8045767.530815974,1.2659559690494786,48
indicating,107543,2240.4791666666665,6912585.874565973,1.1734899102169054,48
reactivity,107499,2239.5625,21507491.454427082,2.0707691800058203,48
lb,107493,2239.4375,41841562.12109375,2.88845096184677,48
altered,107479,2239.1458333333335,7802445.582899306,1.2474782849916104,48
pubmed,107473,2239.0208333333335,9657014.770399304,1.3879164183165056,48
voice,107444,2238.4166666666665,41399227.826388896,2.874452852214559,48
finger,107305,2235.5208333333335,12106814.957899304,1.5564537881893212,48
apart,107293,2235.2708333333335,5617415.530815971,1.060322858391898,48
korea,107194,2233.2083333333335,7303822.956597221,1.2101685965169284,48
exploratory,107094,2231.125,20244831.984375,2.0166623292733368,48
knee,107057,2230.3541666666665,22303864.478732638,2.1174649338394747,48
february,107027,2229.7291666666665,7058366.739149307,1.1915163196240663,48
decide,107009,2229.3541666666665,13228018.062065972,1.6314295387704099,48
mathematical,106999,2229.1458333333335,14254919.332899304,1.693728910201086,48
subpopulation,106989,2228.9375,42544540.100260414,2.9263348929294737,48
tukey,106957,2228.2708333333335,13134786.947482636,1.626460575484681,48
helpful,106925,2227.6041666666665,7877827.364149307,1.259984516148516,48
confound,106864,2226.3333333333335,7499908.305555555,1.2300925496793478,48
perceptual,106858,2226.2083333333335,68782079.74826388,3.725390884448543,48
thing,106795,2224.8958333333335,35244301.8016493,2.668300717863822,48
feasible,106791,2224.8125,4212247.985677083,0.9224939990907994,48
realize,106776,2224.5,9210387.875,1.3642895414721745,48
inferior,106644,2221.75,11255189.145833334,1.510014821315246,48
ne,106642,2221.7083333333335,6911531.081597221,1.1833142341367069,48
oscillation,106639,2221.6458333333335,10161405.770399304,1.4348353591495906,48
prefer,106570,2220.2083333333335,12969408.62326389,1.6220579222595126,48
geographical,106564,2220.0833333333335,9664675.284722222,1.400310537909131,48
authority,106527,2219.3125,12285219.006510416,1.5793303897354816,48
personalized,106516,2219.0833333333335,9534727.451388888,1.3914914111734848,48
editorial,106481,2218.3541666666665,3982533.9370659725,0.899598782377931,48
thought,106463,2217.9791666666665,56285922.5203993,3.382536033348576,48
harm,106412,2216.9166666666665,19712120.993055556,2.002706510712265,48
indicated,106276,2214.0833333333335,22461804.784722224,2.140564711180707,48
linkage,106120,2210.8333333333335,17242580.055555556,1.8782142083859228,48
le,105965,2207.6041666666665,4745307.072482639,0.986758680381474,48
constrain,105890,2206.0416666666665,6597751.956597221,1.1643519668861722,48
maximize,105866,2205.5416666666665,4902232.164930556,1.003879696691628,48
attach,105806,2204.2916666666665,6404499.289930556,1.1480836499190836,48
hi,105671,2201.4791666666665,32380799.874565963,2.584813458797862,48
embryonic,105519,2198.3125,17568056.08984375,1.906656354910257,48
physiology,105391,2195.6458333333335,9103048.687065972,1.3741405160340774,48
wm,105349,2194.7708333333335,18691896.34331597,1.9698697080713021,48
veterinary,105330,2194.375,118584781.31770833,4.962535558945981,48
chance,105236,2192.4166666666665,12433048.784722218,1.6082950451356972,48
moisture,105125,2190.1041666666665,25993073.59331597,2.3278985337294187,48
universal,105102,2189.625,8438046.526041666,1.326634278964209,48
entity,105031,2188.1458333333335,6453802.582899305,1.1609982769937697,48
functionality,104960,2186.6666666666665,8063831.472222223,1.29863808951495,48
dye,104820,2183.75,12204874.270833334,1.599792796554316,48
nr,104575,2178.6458333333335,11193168.478732638,1.5356416566446802,48
provincial,104566,2178.4583333333335,7251778.289930555,1.236155203092655,48
blast,104565,2178.4375,23254414.954427082,2.213643112649619,48
collective,104534,2177.7916666666665,26785499.956597224,2.376476624500974,48
spain,104493,2176.9375,7733060.43359375,1.2774083230012567,48
inconsistent,104489,2176.8541666666665,9162738.082899304,1.390539406205831,48
copper,104389,2174.7708333333335,9718512.259982638,1.433462689629081,48
ae,104354,2174.0416666666665,8337175.706597224,1.3281331411873387,48
accessibility,104345,2173.8541666666665,11060198.666232638,1.529857774839006,48
feeding,104278,2172.4583333333335,9959919.789930554,1.4527017671162603,48
chip,104203,2170.8958333333335,10208468.218315972,1.471774606329229,48
activator,104142,2169.625,17057685.151041668,1.9035985728002225,48
gao,104116,2169.0833333333335,9295625.284722222,1.4056042671787672,48
inhibits,103976,2166.1666666666665,20242355.22222222,2.077010310100899,48
insurance,103901,2164.6041666666665,60820011.1141493,3.602838189076446,48
revision,103874,2164.0416666666665,5642907.248263889,1.097705493067789,48
catalyze,103777,2162.0208333333335,15047217.562065974,1.7941891483519952,48
owe,103759,2161.6458333333335,4417299.978732638,0.9722857181708636,48
operator,103721,2160.8541666666665,4214619.957899306,0.9500659464666512,48
implantation,103646,2159.2916666666665,14140718.331597222,1.7415038028171703,48
flexible,103612,2158.5833333333335,6481528.576388887,1.179423836000144,48
ge,103578,2157.875,6705868.817708333,1.2000552552884651,48
sequential,103522,2156.7083333333335,7319043.414930555,1.2543991332053752,48
cohen,103455,2155.3125,28004952.298177082,2.4553147395713806,48
abuse,103431,2154.8125,34614223.569010414,2.7303467857873893,48
burst,103397,2154.1041666666665,6512603.968315973,1.1847061255118359,48
decomposition,103353,2153.1875,8807069.485677084,1.3782685981558491,48
default,103340,2152.9166666666665,7666677.993055557,1.2861048962774932,48
hp,103304,2152.1666666666665,7732454.472222223,1.2920603079098938,48
occupational,103238,2150.7916666666665,44797500.748263896,3.111920887004464,48
utilized,103198,2149.9583333333335,4147533.6232638895,0.9472506554393387,48
geographic,103148,2148.9166666666665,9784185.618055554,1.4556024147843765,48
let,103111,2148.1458333333335,6504231.166232638,1.1872282515439272,48
saturation,103081,2147.5208333333335,5413332.457899305,1.0834152997742985,48
discipline,103025,2146.3541666666665,17664867.728732638,1.9581854041350162,48
notion,103014,2146.125,16668828.276041666,1.902381099914848,48
capillary,102980,2145.4166666666665,7769108.659722223,1.2991938248651012,48
perhaps,102870,2143.125,9865675.442708334,1.4656015296343643,48
employment,102838,2142.4583333333335,27046947.789930563,2.4274301781751477,48
retrieval,102789,2141.4375,12900147.829427084,1.6772273665295574,48
partly,102750,2140.625,5500734.276041667,1.0956446938932176,48
mf,102694,2139.4583333333335,7509777.164930555,1.2808836804042294,48
automatic,102680,2139.1666666666665,8910771.972222222,1.3954460235598116,48
tn,102504,2135.5,18978185.541666668,2.039988730932396,48
chest,102433,2134.0208333333335,16829273.145399306,1.9223569171383703,48
autonomy,102376,2132.8333333333335,60398477.84722222,3.64381296951808,48
message,102317,2131.6041666666665,25670493.864149306,2.3768980343542765,48
nation,102074,2126.5416666666665,10655790.62326389,1.5350373345287873,48
poly,102041,2125.8541666666665,16555627.332899304,1.9139886244526885,48
council,102007,2125.1458333333335,4538680.499565971,1.0024808101307212,48
epidemic,101851,2121.8958333333335,31931886.759982634,2.663104633553365,48
tam,101792,2120.6666666666665,52025810.59722223,3.401237962193646,48
satellite,101638,2117.4583333333335,23413961.539930552,2.2851913797776233,48
null,101619,2117.0625,6855546.141927083,1.236765464994222,48
talk,101618,2117.0416666666665,23315583.539930552,2.280834318812688,48
actually,101564,2115.9166666666665,11521690.659722222,1.604203819427542,48
comprehension,101547,2115.5625,53033705.74609375,3.4423111779943563,48
reserve,101457,2113.6875,4656110.923177083,1.0208710305791278,48
hit,101420,2112.9166666666665,7815435.409722223,1.3231047247236387,48
aforementioned,101417,2112.8541666666665,3999978.832899306,0.9465843595694572,48
degeneration,101339,2111.2291666666665,9705207.468315974,1.4755945238666774,48
acoustic,101336,2111.1666666666665,16142248.180555552,1.9030907128837153,48
attract,101311,2110.6458333333335,6233146.687065971,1.1828735179735141,48
ds,101236,2109.0833333333335,17499088.618055556,1.9834167451616507,48
faster,101186,2108.0416666666665,7589409.539930556,1.3068471760093445,48
ef,100973,2103.6041666666665,13259648.780815972,1.7310196105891054,48
bank,100948,2103.0833333333335,5093888.659722222,1.073169304936265,48
pf,100938,2102.875,9552123.151041666,1.469726411105464,48
guardian,100766,2099.2916666666665,9709331.581597222,1.4843006738752382,48
interactive,100722,2098.375,16548416.942708334,1.938630869315908,48
reporter,100580,2095.4166666666665,14851346.034722218,1.8391303642443992,48
investigator,100470,2093.125,6983565.067708333,1.262535001784009,48
va,100185,2087.1875,7237336.02734375,1.2889257601673831,48
dental,100151,2086.4791666666665,19904992.332899306,2.1382917218949915,48
gh,100120,2085.8333333333335,29083068.34722222,2.585475986094792,48
kernel,100072,2084.8333333333335,15777961.847222224,1.9052593809339096,48
intend,99984,2083.0,9843766.333333334,1.5062302940201673,48
simply,99959,2082.4791666666665,11304304.124565968,1.6145119027257964,48
linguistic,99958,2082.4583333333335,58297209.53993055,3.666465163992646,48
title,99746,2078.0416666666665,7175577.956597223,1.2890631459925312,48
tension,99725,2077.6041666666665,6635843.114149305,1.2398959667638436,48
desire,99659,2076.2291666666665,24111055.00998264,2.3650091170698277,48
normalized,99517,2073.2708333333335,4213965.114149305,0.9901236402202996,48
contextual,99429,2071.4375,29308977.829427082,2.61353609254617,48
sn,99373,2070.2708333333335,4452777.364149306,1.0192678526650512,48
tea,99289,2068.5208333333335,27596649.707899306,2.5396173254304957,48
carefully,99230,2067.2916666666665,4203763.331597223,0.9917846327945794,48
hear,98897,2060.3541666666665,19092085.31206597,2.120727181927471,48
curriculum,98756,2057.4166666666665,43353926.36805556,3.200309378360508,48
developed,98710,2056.4583333333335,4725282.998263889,1.0570462680930357,48
sheet,98679,2055.8125,3771983.8190104165,0.9447162988322981,48
welfare,98645,2055.1041666666665,24057386.551649302,2.386659060173772,48
sci,98640,2055.0,9372406.333333334,1.4897511460767177,48
bayesian,98563,2053.3958333333335,7824390.989149306,1.3622367604390047,48
propagation,98550,2053.125,7167102.609375,1.3039364324883298,48
mesh,98426,2050.5416666666665,4860475.414930556,1.075154252167825,48
naturally,98398,2049.9583333333335,6276812.456597221,1.2221500855026846,48
confer,98358,2049.125,15703672.901041666,1.9338917842631855,48
con,98347,2048.8958333333335,10223078.801649304,1.5605258781760125,48
speak,98251,2046.8958333333333,31615369.218315974,2.7469666515989926,48
distant,98203,2045.8958333333333,22445510.75998264,2.31569430916605,48
lr,98106,2043.875,9021719.109375,1.469570140202357,48
firm,97962,2040.875,40689258.609375,3.1255286385831194,48
oc,97944,2040.5,9451149.041666666,1.5066268638804996,48
responder,97862,2038.7916666666667,18167478.99826389,2.090617029116178,48
preventive,97710,2035.625,14680009.276041666,1.8821983531578734,48
sw,97695,2035.3125,5883073.006510417,1.191711194763571,48
applicability,97665,2034.6875,3788596.0481770835,0.9566243559212811,48
contributes,97645,2034.2708333333333,7071651.197482639,1.3072289081294295,48
avoidance,97633,2034.0208333333333,36123335.06206597,2.954870980383872,48
practitioner,97582,2032.9583333333333,15248903.039930558,1.9208383762986474,48
fu,97532,2031.9166666666667,10074114.70138889,1.5620594301960862,48
foreign,97509,2031.4375,12736910.329427084,1.756825313646644,48
weighted,97434,2029.875,3553396.8177083335,0.9286510619806696,48
manager,97350,2028.125,30322446.942708332,2.7151098414029056,48
bay,97350,2028.125,70855209.109375,4.1504116510223295,48
homologous,97333,2027.7708333333333,19862902.09331597,2.197872418022856,48
rarely,97322,2027.5416666666667,4938238.498263889,1.0960143555823356,48
mammal,97306,2027.2083333333333,8709464.331597222,1.4557853332566462,48
press,97264,2026.3333333333333,15776159.76388889,1.9601520412823565,48
france,97227,2025.5625,5992011.787760417,1.208483378171807,48
publicly,97112,2023.1666666666667,4533682.805555556,1.0524316613094515,48
your,97066,2022.2083333333333,32598254.581597213,2.823392637118057,48
felt,97009,2021.0208333333333,27457662.728732634,2.5927520880228463,48
lastly,96929,2019.3541666666667,5222165.187065973,1.1316517719736645,48
ventilation,96912,2019.0,16365233.75,2.0036635028232266,48
simultaneous,96909,2018.9375,4509889.391927083,1.0518651599399034,48
gy,96872,2018.1666666666667,51948088.93055556,3.5713117187816086,48
equip,96787,2016.3958333333333,4245711.530815973,1.0218789434492237,48
cx,96752,2015.6666666666667,16798827.388888888,2.0333904051492087,48
generalizability,96727,2015.1458333333333,8725441.66623264,1.465842228308942,48
regime,96713,2014.8541666666667,7105728.707899306,1.3230025870487978,48
arrest,96659,2013.7291666666667,11031710.864149304,1.6493786739326926,48
ki,96624,2013.0,21846389.416666668,2.321913627771617,48
comprehensively,96614,2012.7916666666667,4796007.414930555,1.0880305686981726,48
applicable,96604,2012.5833333333333,3589901.284722222,0.9414285861480316,48
export,96452,2009.4166666666667,6879903.493055555,1.3053325657657537,48
pathways,96414,2008.625,10527437.276041666,1.615334495338672,48
intense,96379,2007.8958333333333,5601658.468315971,1.1787375935526665,48
violence,96372,2007.75,33206865.0625,2.870148081214152,48
ti,96354,2007.375,6401811.776041667,1.2604422125796995,48
cg,96340,2007.0833333333333,5184277.493055556,1.134432644072158,48
treated,96283,2005.8958333333333,11000748.093315972,1.6534944201150834,48
individually,96242,2005.0416666666667,5500606.706597223,1.1697199442867223,48
conceive,96214,2004.4583333333333,5358566.206597223,1.1548544906820273,48
aware,96184,2003.8333333333333,13172841.138888888,1.8112488822236368,48
flood,96121,2002.5208333333333,21017514.707899306,2.289357609494483,48
party,96084,2001.75,21643543.5625,2.3240975138666826,48
artifact,96059,2001.2291666666667,11127360.551649308,1.6668605047725382,48
brazil,96053,2001.1041666666667,5481850.259982639,1.1700216229310547,48
parametric,95972,1999.4166666666667,4250568.326388889,1.031146074736959,48
studied,95952,1999.0,4898618.666666667,1.1071947617456668,48
outlier,95912,1998.1666666666667,4389189.555555555,1.0484807438656298,48
electric,95875,1997.3958333333333,11836244.822482638,1.7224349540440116,48
adhere,95837,1996.6041666666667,4980445.989149305,1.1177434775111574,48
altitude,95799,1995.8125,11211389.194010416,1.6776832794104688,48
counterpart,95714,1994.0416666666667,6487689.206597221,1.2773525798858898,48
survivor,95689,1993.5208333333333,9645266.416232638,1.5578883705409177,48
tf,95672,1993.1666666666667,11878367.638888888,1.729158348586716,48
varies,95663,1992.9791666666667,3308010.5203993055,0.912600457476508,48
lot,95629,1992.2708333333333,7609766.739149305,1.3846413448673196,48
cloud,95614,1991.9583333333333,8243532.498263888,1.4413731486976817,48
transmit,95601,1991.6875,5221063.298177083,1.1472505683722902,48
sand,95515,1989.8958333333333,21595955.426649306,2.335370922648371,48
rejection,95506,1989.7083333333333,34457731.45659722,2.9502167346692465,48
tl,95489,1989.3541666666667,16946356.603732638,2.069312411719988,48
timely,95430,1988.125,6549127.109375,1.2872059047781237,48
county,95413,1987.7708333333333,19887051.13498264,2.2434628447171976,48
trans,95379,1987.0625,6732207.516927083,1.3057716035360873,48
monthly,95090,1981.0416666666667,10871378.414930558,1.6643654679317466,48
coa,95087,1980.9791666666667,13750308.603732636,1.8718727172041616,48
cool,95035,1979.8958333333333,5563938.009982639,1.191375869936153,48
contributor,94948,1978.0833333333333,3859969.3263888895,0.9932243152183593,48
abbreviation,94886,1976.7916666666667,5409780.998263889,1.1766002612040003,48
strategic,94875,1976.5625,11358143.412760416,1.7050735696726764,48
paired,94745,1973.8541666666667,6879563.166232639,1.3288175904971358,48
generalize,94671,1972.3125,7620676.131510417,1.399655082018416,48
ho,94520,1969.1666666666667,11627207.388888888,1.7316305286975493,48
harmful,94520,1969.1666666666667,5726148.513888888,1.2152029867704033,48
footnote,94515,1969.0625,10493770.05859375,1.6451529119776267,48
extra,94471,1968.1458333333333,4300989.374565972,1.0537240919241313,48
dt,94469,1968.1041666666667,4546189.301649306,1.0833671856943021,48
lasso,94334,1965.2916666666667,14478081.87326389,1.9361031942586893,48
workplace,94228,1963.0833333333333,56297732.326388896,3.8221410945221197,48
consciousness,94228,1963.0833333333333,39039514.65972222,3.182830191719821,48
ea,94162,1961.7083333333333,5174016.873263889,1.159523309068639,48
decay,94100,1960.4166666666667,5381025.159722221,1.1832707397027658,48
nursing,94049,1959.3541666666667,28023890.145399302,2.7017879857721843,48
humidity,94019,1958.7291666666667,12215031.614149304,1.784320673683456,48
ontology,94007,1958.4791666666667,9806778.79123264,1.5989844249294616,48
genetically,93746,1953.0416666666667,9388494.87326389,1.568868264251002,48
fda,93685,1951.7708333333333,14173643.343315972,1.9289098302295875,48
scientist,93560,1949.1666666666667,3717219.1805555555,0.9891453391533845,48
axial,93519,1948.3125,6345658.381510417,1.2929440359285513,48
academy,93486,1947.625,6066535.109375,1.2646344756891865,48
forecast,93349,1944.7708333333333,11167387.426649304,1.7183331123978183,48
emphasis,93331,1944.3958333333333,9055626.239149306,1.5476564529744348,48
parkinson,93322,1944.2083333333333,15812127.039930554,2.045278001383348,48
bonferroni,93201,1941.6875,6579538.631510417,1.3210473549518604,48
pl,93183,1941.3125,4534423.131510417,1.0968962988157485,48
diffuse,93179,1941.2291666666667,6591129.801649306,1.3225226672721586,48
expertise,93119,1939.9791666666667,10254597.770399306,1.6506775661995972,48
evoke,93096,1939.5,14392306.291666666,1.9560295548735072,48
ps,93070,1938.9583333333333,6556674.914930555,1.32060625278671,48
dead,93066,1938.875,11080028.151041666,1.7168036227174903,48
hip,93060,1938.75,8594892.604166666,1.5121623348207602,48
thinking,93020,1937.9166666666667,46658634.86805556,3.5247710778134453,48
remarkable,92978,1937.0416666666667,5178615.289930555,1.1748106149900288,48
behaviour,92724,1931.75,9147179.1875,1.5656427542828883,48
assemble,92670,1930.625,13301126.567708334,1.8890623281670123,48
atom,92667,1930.5625,18611716.079427082,2.234649133179417,48
considerably,92642,1930.0416666666667,3777898.4565972215,1.007067209639188,48
declaration,92622,1929.625,6622641.817708333,1.3336526012310599,48
vegetable,92570,1928.5416666666667,26844655.956597224,2.686580726716766,48
gd,92538,1927.875,7661850.526041667,1.4357802199570107,48
camp,92424,1925.5,9001564.75,1.558172308663864,48
geo,92324,1923.4166666666667,17321573.576388888,2.1638158441218622,48
happen,92288,1922.6666666666667,11044629.388888886,1.7285087274525555,48
mini,92250,1921.875,4222213.526041667,1.0691655553015071,48
pellet,92186,1920.5416666666667,12260280.164930554,1.8231670511404938,48
repetition,92135,1919.4791666666667,13800056.166232638,1.9353388921462322,48
workflow,92096,1918.6666666666667,4175831.5138888895,1.0650547980232978,48
dn,92070,1918.125,16394075.067708334,2.110894624337585,48
biodiversity,92070,1918.125,22376965.526041668,2.4661738625491147,48
inadequate,91991,1916.4791666666667,6769998.874565973,1.3576574143027793,48
kd,91980,1916.25,10975268.4375,1.7288424104312985,48
compete,91872,1914.0,5838934.208333333,1.2624810192227225,48
differently,91850,1913.5416666666667,8357981.331597221,1.5108201732484472,48
specialized,91812,1912.75,4008361.7708333335,1.0467072808056754,48
fan,91783,1912.1458333333333,5819497.999565971,1.2616002028342503,48
frozen,91770,1911.875,7126791.109375,1.39632823665294,48
prim,91746,1911.375,25299981.651041668,2.631565606957726,48
modified,91723,1910.8958333333333,3232768.0933159725,0.9409147183404327,48
star,91654,1909.4583333333333,9685487.914930556,1.6298609921249947,48
promotes,91637,1909.1041666666667,12219002.759982638,1.8309996275152713,48
supportive,91583,1907.9791666666667,18058830.228732638,2.227261342531688,48
gal,91556,1907.4166666666667,14518681.368055558,1.9976436264509634,48
correctly,91516,1906.5833333333333,8881821.993055556,1.5631305108904001,48
explicit,91515,1906.5625,24730595.99609375,2.6083522713676266,48
atmosphere,91496,1906.1666666666667,6726055.597222221,1.3605651910589727,48
concurrent,91479,1905.8125,7991158.610677083,1.4832853395010421,48
hope,91413,1904.4375,17617792.412760418,2.2039869552088303,48
edu,91388,1903.9166666666667,5887967.576388888,1.2744851197941705,48
engineer,91371,1903.5625,12511730.704427084,1.8581961396206985,48
formulate,91331,1902.7291666666667,5180461.655815973,1.1962095252032852,48
trained,91321,1902.5208333333333,5538240.374565973,1.236962345780696,48
exhaustion,91308,1902.25,31139853.8125,2.933531067328144,48
weather,91284,1901.75,10502515.395833334,1.7040927882028585,48
accounting,90985,1895.5208333333333,4643737.624565973,1.1368555199386254,48
dense,90960,1895.0,3444264.2083333335,0.9793524520315001,48
suggestion,90845,1892.6041666666667,11020557.114149304,1.7540500564336887,48
shallow,90817,1892.0208333333333,27763494.603732646,2.7849099116776124,48
leg,90773,1891.1041666666667,12405112.301649304,1.8624511846918173,48
century,90716,1889.9166666666667,4497626.826388889,1.1221451955065411,48
rm,90708,1889.75,12892171.5625,1.9000222385005767,48
known,90696,1889.5,4996552.458333333,1.1830097649205333,48
battery,90625,1888.0208333333333,25137212.895399313,2.6555334692997614,48
fm,90585,1887.1875,6869381.860677083,1.3888130163711478,48
registration,90508,1885.5833333333333,5890992.451388889,1.2872073244488635,48
br,90487,1885.1458333333333,12764058.374565974,1.8951755216735922,48
nb,90483,1885.0625,7757073.141927083,1.477485370104895,48
sheep,90443,1884.2291666666667,27127601.09331597,2.76421597919382,48
detectable,90376,1882.8333333333333,10312303.347222224,1.7055559134589737,48
wet,90366,1882.625,7310528.484375,1.4361855912124273,48
threaten,90318,1881.625,6008297.484375,1.3026946785502493,48
yl,90270,1880.625,6213448.151041667,1.3254523951017092,48
circular,90263,1880.4791666666667,3952087.2078993055,1.057169763675205,48
competency,90200,1879.1666666666667,30426965.263888884,2.935377893284709,48
border,90127,1877.6458333333333,3026800.8537326395,0.9265700241370163,48
ingredient,90123,1877.5625,18227233.62109375,2.2738718088108163,48
prescription,90121,1877.5208333333333,17003144.832899306,2.1962403302165434,48
domestic,90092,1876.9166666666667,8351392.534722223,1.5396941430027726,48
writing,90058,1876.2083333333333,11355443.164930558,1.7960605896278852,48
yes,90032,1875.6666666666667,12029927.180555558,1.8491657410989268,48
conception,90003,1875.0625,5970374.725260417,1.3031219096913418,48
peg,89933,1873.6041666666667,12298927.864149308,1.8717842283711337,48
recombination,89886,1872.625,17043425.692708332,2.2045889623617314,48
precede,89871,1872.3125,7375210.71484375,1.450470430694822,48
dp,89830,1871.4583333333333,6453106.039930556,1.3573887283556165,48
excitation,89788,1870.5833333333333,5217683.201388889,1.2211296963800957,48
ameliorate,89769,1870.1875,15337153.610677084,2.0940508994503255,48
quartile,89746,1869.7083333333333,10402495.998263888,1.7250230994347682,48
zheng,89733,1869.4375,6593277.454427083,1.3735349851165755,48
perturbation,89733,1869.4375,3081964.9127604165,0.9390806564545303,48
commission,89728,1869.3333333333333,3775486.680555556,1.0394407073805754,48
hearing,89661,1867.9375,13481951.225260416,1.9656855036926533,48
smart,89607,1866.8125,6072983.944010417,1.3200803494203928,48
amp,89567,1865.9791666666667,14781043.853732636,2.0603725828347548,48
gather,89531,1865.2291666666667,5369076.343315973,1.2422745603865686,48
sustained,89499,1864.5625,5381372.412760417,1.2441409320747536,48
convergence,89301,1860.4375,4008776.6627604165,1.076194692602125,48
twenty,89161,1857.5208333333333,4228711.416232639,1.1070578880858153,48
tang,89076,1855.75,6637787.604166667,1.3883283963534623,48
story,88921,1852.5208333333333,31387534.4578993,3.0242347581394737,48
motivate,88712,1848.1666666666667,25192897.055555563,2.715800868866889,48
setup,88620,1846.25,3170223.2708333335,0.9643938150679424,48
pooled,88534,1844.4583333333333,6647124.164930556,1.3978096898428303,48
marked,88490,1843.5416666666667,5391196.748263889,1.2594752366658213,48
manually,88446,1842.625,3668744.5677083335,1.0394935013251048,48
pacific,88432,1842.3333333333333,35265521.38888889,3.2233461388133056,48
earth,88419,1842.0625,13036232.975260416,1.960070512737008,48
instrumental,88383,1841.3125,7261756.21484375,1.4635020365015825,48
needle,88381,1841.2708333333333,6047659.822482639,1.3355987484247935,48
union,88300,1839.5833333333333,2918695.7013888895,0.9286989254389014,48
wei,88283,1839.2291666666667,5408518.301649306,1.2644547913445057,48
distinction,88257,1838.6875,11961460.83984375,1.8809800431464487,48
helsinki,88195,1837.3958333333333,6388912.697482638,1.375658860129127,48
deplete,88183,1837.1458333333333,16029012.249565974,2.179263516306845,48
weekly,88081,1835.0208333333333,5681652.187065973,1.2989616304120206,48
symbol,88057,1834.5208333333333,5897106.874565971,1.3237221963920833,48
tune,88040,1834.1666666666667,3123716.3055555555,0.9636004536408791,48
readily,88008,1833.5,3149325.75,0.9678941785358849,48
crude,87969,1832.6875,8670227.881510416,1.606670569271658,48
enhances,87885,1830.9375,7589042.516927083,1.5045962438050033,48
nonlinear,87877,1830.7708333333333,3635024.7599826395,1.0414051038551821,48
analog,87836,1829.9166666666667,4865333.576388889,1.2053828224355214,48
indicative,87816,1829.5,3733874.2916666665,1.0562030868303085,48
lay,87750,1828.125,4251290.109375,1.1278581533268535,48
willingness,87717,1827.4375,27509732.954427082,2.8701239629521544,48
wood,87695,1826.9791666666667,11885765.728732638,1.8870351414789197,48
ly,87681,1826.6875,32485687.048177082,3.120195248687241,48
fly,87626,1825.5416666666667,5777709.748263889,1.3166978016242161,48
symptomatic,87617,1825.3541666666667,7970599.728732638,1.5466724812446855,48
ll,87557,1824.1041666666667,5708084.218315971,1.3097715438942956,48
verification,87489,1822.6875,3257491.21484375,0.9902147960190537,48
ensemble,87485,1822.6041666666667,2841923.2391493055,0.9249405357077055,48
shi,87429,1821.4375,6509675.704427083,1.400765391574037,48
urgent,87335,1819.4791666666667,4513639.791232639,1.1676598884046943,48
rescue,87277,1818.2708333333333,5565429.447482639,1.2974504125814903,48
spine,87196,1816.5833333333333,7309169.743055556,1.4882596202104577,48
friend,87061,1813.7708333333333,33882326.71831597,3.209254797466271,48
piece,87049,1813.5208333333333,6174160.707899306,1.3701446389923235,48
oppose,87020,1812.9166666666667,6357027.534722223,1.3907504357436193,48
pollutant,87005,1812.6041666666667,18064641.90581597,2.344831850003784,48
observer,86893,1810.2708333333333,16559692.114149308,2.2479289205561295,48
genomics,86851,1809.3958333333333,12629130.864149304,1.9640527412811342,48
debate,86786,1808.0416666666667,5980986.706597223,1.3526267873469509,48
volatile,86686,1805.9583333333333,19110044.83159722,2.4206005453747808,48
traffic,86572,1803.5833333333333,4616020.909722223,1.1912356178694758,48
fertility,86565,1803.4375,10159726.037760416,1.7674205593555286,48
turnover,86442,1800.875,7726501.776041667,1.5435044474751716,48
bootstrap,86442,1800.875,11519608.234375,1.8846698614160657,48
send,86410,1800.2083333333333,5466367.831597221,1.2987532825705503,48
lm,86308,1798.0833333333333,5467111.201388889,1.300376577243261,48
govern,86259,1797.0625,3343251.1419270835,1.017469311590275,48
explicitly,86234,1796.5416666666667,9343782.456597222,1.7014690952435123,48
atmospheric,86128,1794.3333333333333,16479794.138888888,2.2624175761667495,48
locally,86046,1792.625,8096078.317708333,1.5872593773871955,48
simulated,86030,1792.2916666666667,2957786.4982638885,0.9595657220365275,48
sg,86016,1792.0,4797927.916666667,1.222331078580267,48
triple,86005,1791.7708333333333,7643695.509982639,1.5430117257511626,48
cow,86001,1791.6875,45530240.923177086,3.766064124263231,48
mismatch,85923,1790.0625,7439824.475260417,1.5237480054252606,48
esteem,85917,1789.9375,63197214.350260414,4.441310136386409,48
preferred,85906,1789.7083333333333,3942359.9149305555,1.1094197038383355,48
era,85854,1788.625,4192804.8177083335,1.1448089767203051,48
novo,85725,1785.9375,8247853.68359375,1.6080672886012735,48
closure,85691,1785.2291666666667,5375368.843315971,1.2987039493834833,48
incident,85683,1785.0625,5122811.141927083,1.2679459654943377,48
circumstance,85660,1784.5833333333333,9665683.993055558,1.7421256034604526,48
multimodal,85617,1783.6875,4950956.298177083,1.2474575550835325,48
exploit,85613,1783.6041666666667,4129258.6974826385,1.1392986109366754,48
rc,85600,1783.3333333333333,4483405.097222223,1.1873300605655146,48
extended,85468,1780.5833333333333,3083958.993055556,0.9862613028036374,48
pod,85371,1778.5625,37873810.037760414,3.4601933493834807,48
rb,85335,1777.8125,6536363.069010417,1.438076959940852,48
actor,85269,1776.4375,13356896.329427084,2.0573247235515564,48
detrimental,85238,1775.7916666666667,5068667.039930556,1.2678120291176984,48
expenditure,85189,1774.7708333333333,22787201.301649306,2.6896960895069335,48
assignment,85189,1774.7708333333333,6951324.926649306,1.4855644968133952,48
tight,85076,1772.4166666666667,5756872.326388888,1.3537157249627099,48
render,85062,1772.125,3669882.9010416665,1.081015076952055,48
diseases,84928,1769.3333333333333,7399576.430555556,1.5374244048723051,48
gr,84914,1769.0416666666667,8473701.039930558,1.6455023495272303,48
elimination,84880,1768.3333333333333,7415850.888888888,1.5399845398161773,48
office,84811,1766.8958333333333,5947455.301649305,1.3802401191016187,48
impose,84765,1765.9375,3692657.1419270835,1.0881635240112368,48
boy,84750,1765.625,18924777.734375,2.4638650906453727,48
uncover,84641,1763.3541666666667,4868130.937065972,1.2512427585505554,48
mw,84602,1762.5416666666667,4103784.6232638885,1.1493515540542396,48
communicate,84555,1761.5625,11785969.162760416,1.9488777336557492,48
wilcoxon,84440,1759.1666666666667,6854079.388888889,1.4882215121861413,48
mediating,84377,1757.8541666666667,47669611.74956597,3.9276968884061096,48
notice,84360,1757.5,4294799.083333333,1.1791691058541833,48
client,84182,1753.7916666666667,21919433.289930556,2.6695413892342184,48
meeting,84177,1753.6875,9129065.798177084,1.7229035356379374,48
functionally,84111,1752.3125,7746509.131510417,1.5883326360489296,48
spanish,84095,1751.9791666666667,20033245.93706597,2.5547400936665725,48
tropical,84071,1751.4791666666667,13298592.66623264,2.082082174662024,48
necessitate,83946,1748.875,3232593.3177083335,1.0280559851841309,48
import,83927,1748.4791666666667,3573746.9162326385,1.081188542567323,48
supervise,83925,1748.4375,2597436.2877604165,0.9217695114497981,48
benign,83901,1747.9375,23755895.141927082,2.788430343577492,48
lens,83854,1746.9583333333333,4566652.748263888,1.2232534453173294,48
reveals,83766,1745.125,3161230.359375,1.0188295482534473,48
hundred,83682,1743.375,3210120.5677083335,1.0277082862649904,48
normality,83678,1743.2916666666667,4716295.289930555,1.245748693050904,48
analyzed,83675,1743.2291666666667,3942880.2599826385,1.1390749745117306,48
kin,83615,1741.9791666666667,5564073.187065972,1.3541084873827434,48
entropy,83559,1740.8125,3546580.15234375,1.0818147365858841,48
genetics,83553,1740.6875,7946197.548177083,1.619417649626296,48
download,83541,1740.4375,6656266.537760417,1.4823710332001219,48
serial,83526,1740.125,6952286.484375,1.5152468277342763,48
randomization,83466,1738.875,5511229.692708333,1.3500687729720235,48
augment,83461,1738.7708333333333,5193792.676649305,1.3106899163533807,48
purity,83452,1738.5833333333333,9029746.034722222,1.7283920334314111,48
stretch,83397,1737.4375,6591988.579427083,1.477743413311678,48
prepared,83388,1737.25,5291910.520833333,1.324170552956003,48
meal,83332,1736.0833333333333,14057408.159722224,2.1596434655569303,48
sma,83300,1735.4166666666667,6807070.118055556,1.5034062385481954,48
concrete,83243,1734.2291666666667,24271496.13498264,2.8408073822896487,48
psychosocial,83201,1733.3541666666667,21591170.103732638,2.680715841064195,48
hallmark,83137,1732.0208333333333,10860508.35373264,1.9027072168739991,48
transportation,82989,1728.9375,7362723.600260417,1.5694227888560028,48
lh,82959,1728.3125,14835957.83984375,2.228617437456103,48
migrate,82905,1727.1875,9876660.610677084,1.8195566396647893,48
dependency,82877,1726.6041666666667,3928671.239149306,1.1479687322090333,48
precisely,82868,1726.4166666666667,3623133.8263888895,1.1025456188688771,48
graduate,82815,1725.3125,13043407.881510416,2.0932821439471767,48
structured,82736,1723.6666666666667,6743821.722222223,1.5066062245449576,48
compression,82698,1722.875,4763708.859375,1.2668314496848643,48
rp,82665,1722.1875,4824504.444010417,1.2753985611091074,48
judge,82598,1720.7916666666667,18581463.83159722,2.5050227129954337,48
autonomous,82592,1720.6666666666667,7234094.638888889,1.5631308972126627,48
ethnicity,82588,1720.5833333333333,7243134.118055555,1.5641829646737415,48
irrigation,82508,1718.9166666666667,43861788.534722224,3.852905398989508,48
inequality,82508,1718.9166666666667,17797499.576388888,2.454283191693205,48
atlas,82458,1717.875,7943538.067708333,1.6406480666066323,48
anchor,82433,1717.3541666666667,4916590.937065972,1.291136533758967,48
shell,82385,1716.3541666666667,8100522.687065973,1.6582484983009294,48
manipulate,82378,1716.2083333333333,13495756.87326389,2.1405659680308284,48
bb,82262,1713.7916666666667,8250832.748263887,1.6760650307418945,48
withdrawal,82224,1713.0,8995078.0,1.7508345326784533,48
weigh,82090,1710.2083333333333,5171169.873263889,1.329674634454283,48
iteration,82035,1709.0625,2489772.2252604165,0.9232554157424225,48
prime,81805,1704.2708333333333,18721653.030815974,2.5388291990647778,48
histogram,81785,1703.8541666666667,5103379.499565973,1.3258564683469531,48
website,81719,1702.4791666666667,4570471.749565973,1.2557370505456884,48
shannon,81710,1702.2916666666667,26235322.581597224,3.0089102317940877,48
mirror,81663,1701.3125,5986529.673177083,1.4381476529671005,48
cheng,81636,1700.75,5104367.020833333,1.328404895429168,48
noteworthy,81527,1698.4791666666667,3456442.749565972,1.0945975196669009,48
brand,81463,1697.1458333333333,33483819.249565974,3.4095599594181505,48
thick,81461,1697.1041666666667,4567820.593315972,1.259348761325628,48
drinking,81340,1694.5833333333333,5910249.909722223,1.434630276024779,48
creativity,81255,1692.8125,65674710.944010414,4.787295414146952,48
privacy,81198,1691.625,8165835.359375,1.6892588966632804,48
unfortunately,81197,1691.6041666666667,3060582.405815972,1.0341970448104558,48
quantum,81105,1689.6875,15887113.881510416,2.358935754562791,48
droplet,81100,1689.5833333333333,5118843.909722223,1.3390793922176598,48
provision,81042,1688.375,7428631.067708333,1.614304592430908,48
delayed,81010,1687.7083333333333,3759448.8732638895,1.1488536191397856,48
automatically,80949,1686.4375,3250513.7877604165,1.0690690471400999,48
satisfy,80896,1685.3333333333333,7194295.513888889,1.5915061674118869,48
wherever,80806,1683.4583333333333,3291122.0815972225,1.0776298790630665,48
chemistry,80728,1681.8333333333333,5133500.638888889,1.3471745022524764,48
profound,80617,1679.5208333333333,4448425.332899306,1.2557921308221047,48
adaptability,80543,1677.9791666666667,10035647.72873264,1.8879310957613975,48
nano,80299,1672.8958333333333,6809196.926649305,1.5598363893438936,48
relaxation,80276,1672.4166666666667,4735196.576388888,1.3011414719154701,48
selectively,80264,1672.1666666666667,6772077.430555556,1.5562572787851787,48
yan,80247,1671.8125,4977151.819010417,1.3344517515947083,48
occlusion,80231,1671.4791666666667,16671241.041232636,2.4427723610363197,48
td,80122,1669.2083333333333,5780392.414930555,1.4403502655624476,48
proximity,80095,1668.6458333333333,3209246.270399306,1.073587272482838,48
severely,80052,1667.75,3363228.6458333335,1.0996316905246224,48
heighten,79965,1665.9375,6455867.391927083,1.5251712017507928,48
reproduce,79936,1665.3333333333333,2264981.0972222225,0.9037142199492777,48
appendix,79904,1664.6666666666667,6360063.097222223,1.5149678929059105,48
inclusive,79784,1662.1666666666667,16569167.888888886,2.4489266681481725,48
ax,79722,1660.875,3553097.1927083335,1.1349235183603648,48
programme,79717,1660.7708333333333,5667160.801649305,1.4334186763825174,48
hong,79681,1660.0208333333333,4400337.145399305,1.263657670169153,48
coding,79673,1659.8541666666667,7789962.541232639,1.6815034073080157,48
bin,79535,1656.9791666666667,5199635.145399305,1.3761614478948432,48
constituent,79489,1656.0208333333333,6491697.270399306,1.5385560893705446,48
strict,79480,1655.8333333333333,3494546.3472222225,1.1289605889156376,48
described,79440,1655.0,6358003.958333333,1.5235699519797332,48
yuan,79407,1654.3125,4407790.83984375,1.2690915069536381,48
cycling,79326,1652.625,10742815.651041666,1.9832832470124018,48
discriminate,79212,1650.25,4815114.354166667,1.3296996712987754,48
clock,79208,1650.1666666666667,5120000.347222223,1.3712201453527604,48
weaken,79155,1649.0625,3776145.9752604165,1.1783851785728914,48
lt,79082,1647.5416666666667,7247482.873263889,1.6340193384824553,48
erosion,79082,1647.5416666666667,12906702.331597224,2.18057606217244,48
neutralize,79040,1646.6666666666667,30881851.88888889,3.3747839396542547,48
percentile,78995,1645.7291666666667,3390216.8641493055,1.1188075125135548,48
greenhouse,78971,1645.2291666666667,26879461.176649306,3.15125740510973,48
whom,78891,1643.5625,5780642.037760417,1.4628567995301038,48
wallis,78877,1643.2708333333333,5749362.739149307,1.459152582315222,48
pk,78861,1642.9375,13489945.766927084,2.2355483099707776,48
bioscience,78844,1642.5833333333333,26026186.701388884,3.1058312727035418,48
preservation,78744,1640.5,2852122.5833333335,1.029456165519347,48
divergence,78740,1640.4166666666667,9199398.201388888,1.848951570699516,48
en,78715,1639.8958333333333,2320099.1766493055,0.9288316649106046,48
tan,78629,1638.1041666666667,4089550.8849826395,1.2345147782271693,48
incorporation,78588,1637.25,3144468.1458333335,1.0830751728585024,48
robot,78415,1633.6458333333333,10900758.312065974,2.021019230441623,48
radius,78398,1633.2916666666667,3582343.4149305555,1.1588303527168193,48
detector,78333,1631.9375,5537897.516927083,1.4420122014926822,48
capsule,78299,1631.2291666666667,5975886.801649305,1.498601638243501,48
refractory,78294,1631.125,12881483.151041666,2.2003698766050985,48
cad,78197,1629.1041666666667,16200058.551649304,2.470639824932514,48
trim,78182,1628.7916666666667,10306600.74826389,1.9710252494051475,48
fifth,78175,1628.6458333333333,3464976.8537326385,1.1429402215789632,48
texture,78146,1628.0416666666667,6299578.664930556,1.541665792487302,48
minority,78051,1626.0625,10539893.55859375,1.9965531601877866,48
official,78011,1625.2291666666667,6717610.676649306,1.5947507224232953,48
popular,77930,1623.5416666666667,3768841.8732638895,1.1957503574057382,48
arrangement,77887,1622.6458333333333,2917740.6037326395,1.0526878263952477,48
father,77859,1622.0625,24609487.266927082,3.058325449035318,48
merge,77830,1621.4583333333333,3284984.9565972225,1.117791748805259,48
meter,77827,1621.3958333333333,5968709.947482638,1.50678464099349,48
polar,77824,1621.3333333333333,5080135.555555556,1.3901617631018561,48
rupture,77800,1620.8333333333333,5848894.888888888,1.492102124479451,48
repeated,77788,1620.5833333333333,6059434.243055555,1.5189541692673012,48
biomedical,77747,1619.7291666666667,3250772.989149306,1.1131428949400775,48
imagery,77721,1619.1875,15480435.319010416,2.429933800418142,48
concomitant,77689,1618.5208333333333,5509183.582899305,1.4501914101999565,48
experienced,77686,1618.4583333333333,6155722.998263889,1.5329853737546868,48
responsiveness,77584,1616.3333333333333,6058492.847222221,1.5228298122292852,48
admit,77578,1616.2083333333333,6273207.081597223,1.5496994193720572,48
broadly,77569,1616.0208333333333,3939399.728732638,1.2281971069187831,48
aes,77534,1615.2916666666667,19130010.206597224,2.707738052994224,48
alternatively,77473,1614.0208333333333,4583146.937065971,1.3263946282471841,48
tolerant,77459,1613.7291666666667,36445544.65581598,3.741033299114815,48
fee,77459,1613.7291666666667,3229451.6141493055,1.1136115905820057,48
placement,77325,1610.9375,2620793.1419270835,1.0049343251640839,48
conformation,77317,1610.7708333333333,8591327.759982638,1.819685719080553,48
fr,77310,1610.625,6446868.109375,1.5764491142312052,48
randomized,77230,1608.9583333333333,4260770.706597223,1.2829191391290626,48
du,77135,1606.9791666666667,3783443.562065972,1.2104124539221208,48
consortium,77113,1606.5208333333333,9046701.666232638,1.8722281574637614,48
corroborate,76998,1604.125,3681054.1927083335,1.196046042308815,48
tap,76982,1603.7916666666667,5836229.123263889,1.5063233704212435,48
kruskal,76965,1603.4375,5575124.329427083,1.4725676047222853,48
pigment,76959,1603.3125,15805484.83984375,2.479623438108085,48
hole,76949,1603.1041666666667,3942598.5099826385,1.2385956026659837,48
inventory,76862,1601.2916666666667,14339926.664930554,2.364846855591943,48
attributable,76771,1599.3958333333333,5176943.739149306,1.4225933111118807,48
acceleration,76750,1598.9583333333333,3081124.6232638895,1.0977854884842326,48
hm,76722,1598.375,5088657.942708333,1.4113117301694929,48
au,76645,1596.7708333333333,6090179.468315971,1.5455122589800996,48
gradual,76636,1596.5833333333333,1931594.8680555557,0.8704952989095582,48
aquatic,76632,1596.5,11511590.833333334,2.1251948238654856,48
stag,76593,1595.6875,13907570.173177084,2.337102645452185,48
resemble,76584,1595.5,3455362.0416666665,1.1650645031577744,48
deterioration,76527,1594.3125,2820310.46484375,1.0533555996033135,48
rh,76486,1593.4583333333333,4467833.581597222,1.3265016125654794,48
cs,76465,1593.0208333333333,4438439.478732639,1.322493955279978,48
purple,76425,1592.1875,6590995.40234375,1.6124315761357109,48
voluntary,76420,1592.0833333333333,8718310.451388888,1.8546004845917243,48
worsen,76377,1591.1875,4310581.444010417,1.3048078748371867,48
discrete,76359,1590.8125,2972418.40234375,1.08376713212306,48
premature,76336,1590.3333333333333,4242418.180555556,1.2951455443173354,48
remarkably,76329,1590.1875,4718567.610677083,1.3660190498997922,48
newborn,76271,1588.9791666666667,10426759.228732638,2.0321533120333535,48
coherence,76215,1587.8125,6641412.15234375,1.6230466389916078,48
consultation,76203,1587.5625,8209076.74609375,1.804746989760572,48
automate,76161,1586.6875,1729072.2981770833,0.8287340369092934,48
applied,76161,1586.6875,2625622.2565104165,1.0212327227328426,48
plateau,76153,1586.5208333333333,6105153.249565973,1.5574083742070006,48
absorb,76150,1586.4583333333333,4265331.706597222,1.3018103954708762,48
empty,76107,1585.5625,4354754.287760417,1.3161290100289318,48
dominance,76046,1584.2916666666667,7699136.456597224,1.751402118308853,48
dam,75951,1582.3125,6936292.048177083,1.6644525786179212,48
designate,75946,1582.2083333333333,4654954.831597222,1.3636222158695939,48
ultra,75887,1580.9791666666667,2921191.687065972,1.0810701624559227,48
echo,75881,1580.8541666666667,4012275.5412326385,1.2670786316889993,48
ibm,75875,1580.7291666666667,3251757.0724826385,1.1407791632714548,48
synergy,75830,1579.7916666666667,3674704.1232638885,1.2134206171061956,48
ago,75781,1578.7708333333333,4130351.2599826395,1.2872840822823326,48
originally,75767,1578.4791666666667,3710628.6245659725,1.2203513641477985,48
headache,75749,1578.1041666666667,22062769.84331597,2.9764209364383145,48
ignore,75694,1576.9583333333333,6038016.373263888,1.558213363836492,48
reconstruct,75663,1576.3125,2529329.1315104165,1.0089284151296543,48
sds,75624,1575.5,7596395.916666667,1.7493849594974478,48
debris,75610,1575.2083333333333,12540358.789930554,2.248107013017841,48
compensate,75582,1574.625,2633807.4010416665,1.0306586784225624,48
japanese,75558,1574.125,8093910.901041667,1.8073405526170558,48
flat,75534,1573.625,3804428.359375,1.239491231042984,48
cure,75528,1573.5,4629620.166666667,1.3674326123703047,48
smoker,75515,1573.2291666666667,6891993.093315973,1.668708305117475,48
cage,75488,1572.6666666666667,4227763.638888889,1.307430667815509,48
compensation,75453,1571.9375,4938800.68359375,1.4137593013280514,48
asymmetry,75437,1571.6041666666667,4862611.405815973,1.4031096472009348,48
mining,75386,1570.5416666666667,8251451.581597223,1.8290084631587615,48
fp,75364,1570.0833333333333,2531586.6180555555,1.0133831811485579,48
elastic,75358,1569.9583333333333,7602248.581597223,1.7562361273241185,48
italian,75327,1569.3125,9484890.756510416,1.962486747027343,48
responses,75290,1568.5416666666667,15312080.49826389,2.494715595670206,48
something,75239,1567.4791666666667,21193391.416232638,2.93696284385353,48
discourse,75194,1566.5416666666667,15931054.664930554,2.547887881879458,48
instruct,75104,1564.6666666666667,13155977.763888888,2.318140394826654,48
profiling,75084,1564.25,7869282.5625,1.7933349243931938,48
ep,74910,1560.625,3372922.5677083335,1.1768053277368975,48
save,74842,1559.2083333333333,3111810.8732638895,1.1313642458395758,48
approximate,74808,1558.5,2133802.5416666665,0.937282066308784,48
dispersion,74780,1557.9166666666667,2669119.2013888885,1.0486722149926677,48
der,74764,1557.5833333333333,4435127.243055555,1.3520780134426167,48
somewhat,74730,1556.875,5350274.942708333,1.4857108852860608,48
tt,74716,1556.5833333333333,3983702.2013888895,1.2822451254899552,48
ambient,74552,1553.1666666666667,4602793.263888889,1.381314825494036,48
convolutional,74531,1552.7291666666667,5152450.614149305,1.461878261131129,48
personnel,74344,1548.8333333333333,8558495.305555556,1.8888350001360819,48
lf,74316,1548.25,3348453.4375,1.1819008456775495,48
disaster,74232,1546.5,12718014.5,2.306002286378489,48
geometry,74186,1545.5416666666667,4819167.414930555,1.4203824219775818,48
guangdong,74185,1545.5208333333333,3261537.0828993055,1.1685203946494218,48
outperform,74154,1544.875,2523882.4427083335,1.0283506241690488,48
zhejiang,74028,1542.25,3686178.3958333335,1.2448969296250838,48
valence,74025,1542.1875,37482366.735677086,3.969870354717028,48
delineate,74021,1542.1041666666667,3523455.8849826395,1.2172245656302678,48
anticipate,74016,1542.0,4317743.833333333,1.3475474376479621,48
passage,74015,1541.9791666666667,3514691.3953993055,1.2158082695080739,48
ss,73988,1541.4166666666667,4310163.993055556,1.346873619612672,48
pas,73936,1540.3333333333333,3292307.0138888895,1.1779733080979313,48
substitute,73815,1537.8125,2382365.4856770835,1.0036927973761345,48
coast,73770,1536.875,41905165.276041664,4.212066632446253,48
propensity,73749,1536.4375,4510443.579427083,1.3822758766880834,48
storm,73726,1535.9583333333333,8824608.539930554,1.9340526388284414,48
dissemination,73700,1535.4166666666667,6796739.493055555,1.6979467333217664,48
caution,73693,1535.2708333333333,3478562.5724826385,1.2148283282115595,48
johnson,73692,1535.25,5222547.854166667,1.4885454788954686,48
destruction,73627,1533.8958333333333,7914846.093315974,1.8341099605606896,48
scene,73609,1533.5208333333333,16428172.457899304,2.6430473665233363,48
neglect,73595,1533.2291666666667,6336621.551649306,1.6418059029325132,48
deprivation,73575,1532.8125,4676383.985677083,1.4108019422946676,48
don,73572,1532.75,5758447.520833333,1.5656020518961322,48
vast,73568,1532.6666666666667,2261593.888888889,0.9812046524321438,48
integral,73416,1529.5,1785791.8333333333,0.8737072408690939,48
ali,73375,1528.6458333333333,6743938.395399306,1.6988299947327625,48
argument,73369,1528.5208333333333,16229722.207899308,2.635628413170592,48
positivity,73362,1528.375,8515932.109375,1.9093527455558075,48
blank,73297,1527.0208333333333,5102841.937065971,1.4793164812339492,48
par,73291,1526.8958333333333,3857795.6349826385,1.286353103674901,48
specialist,73291,1526.8958333333333,4159550.3016493055,1.3357149299616176,48
diagnostics,73281,1526.6875,3180194.4231770835,1.1680910223810732,48
tertiary,73184,1524.6666666666667,4420117.513888889,1.378929308136547,48
coupling,73182,1524.625,2708687.3177083335,1.079484473998897,48
knock,73080,1522.5,7195772.125,1.7619005841191744,48
obstacle,73057,1522.0208333333333,2686630.9370659725,1.076919915967224,48
cao,72981,1520.4375,3958880.7044270835,1.3086322987583678,48
uncertain,72935,1519.4791666666667,2567500.499565972,1.054533834312119,48
ssc,72894,1518.625,14949792.484375,2.546050638458434,48
marginal,72827,1517.2291666666667,3145823.343315972,1.1690039605632405,48
tick,72758,1515.7916666666667,18194750.20659722,2.814061170600894,48
gaussian,72705,1514.6875,2528141.1315104165,1.0497300165114114,48
classic,72686,1514.2916666666667,3150709.748263888,1.1721809686089903,48
deem,72607,1512.6458333333333,3169599.6453993055,1.176968797269695,48
react,72496,1510.3333333333333,4306356.222222222,1.3739855599065733,48
wear,72486,1510.125,4954737.234375,1.4739997720663556,48
fuse,72458,1509.5416666666667,5666662.498263888,1.5769523424711123,48
repertoire,72448,1509.3333333333333,35844066.805555545,3.9666462888460945,48
chang,72445,1509.2708333333333,3535283.989149306,1.2457903825292374,48
flora,72400,1508.3333333333333,9829822.555555554,2.0786219557102834,48
soc,72399,1508.3125,7556871.923177083,1.8225510448593265,48
suspect,72398,1508.2916666666667,3383156.1649305555,1.2194828328962264,48
phone,72359,1507.4791666666667,14403344.541232638,2.517563049982112,48
visually,72324,1506.75,3212026.7291666665,1.1894559830246398,48
catalyst,72318,1506.625,36132438.151041664,3.989729614755244,48
citizen,72294,1506.125,7730585.151041667,1.8460572562043667,48
leakage,72277,1505.7708333333333,3135196.0933159725,1.1759083493555815,48
nod,72269,1505.6041666666667,25281317.57248264,3.3395584119320905,48
ill,72264,1505.5,5013588.333333333,1.4872828692356699,48
unlikely,72236,1504.9166666666667,2878225.8263888885,1.127327187600564,48
expected,72216,1504.5,3170436.3333333335,1.1834974488986503,48
ia,72177,1503.6875,3807601.96484375,1.2976817042060196,48
horse,72115,1502.3958333333333,30495807.28081597,3.675663085630382,48
vp,72099,1502.0625,10169893.975260416,2.1230988194540643,48
stimuli,72090,1501.875,16165955.567708334,2.6771142283026657,48
french,72066,1501.375,6915180.026041667,1.7515097749882755,48
mh,72063,1501.3125,3094574.5065104165,1.1717349151657148,48
luo,72019,1500.3958333333333,4116799.5724826395,1.3523030030119718,48
road,71938,1498.7083333333333,6144333.123263888,1.6539419194849148,48
burn,71913,1498.1875,2444880.90234375,1.0436687620316971,48
su,71850,1496.875,3376541.7760416665,1.2275820475753911,48
gross,71767,1495.1458333333333,3584920.7912326385,1.2663572098341478,48
bacterium,71754,1494.875,27292629.942708332,3.4947636870810617,48
optic,71749,1494.7708333333333,5190093.343315972,1.5240982668831826,48
intricate,71725,1494.2708333333333,3358110.1141493055,1.22636048028599,48
multidimensional,71507,1489.7291666666667,7478845.364149306,1.8357348643904945,48
radial,71467,1488.8958333333333,2313394.301649306,1.021552088917638,48
mat,71457,1488.6875,8583156.21484375,1.9679767651899562,48
inorganic,71404,1487.5833333333333,9498491.993055556,2.071791402663883,48
man,71401,1487.5208333333333,3547675.457899306,1.2662191718570153,48
del,71397,1487.4375,2924178.5794270835,1.1496435825278764,48
catch,71287,1485.1458333333333,29411784.874565963,3.651670551944789,48
string,71205,1483.4375,3695497.9544270835,1.2958872881039307,48
herein,71200,1483.3333333333333,2961244.2638888895,1.1601078352334446,48
es,71180,1482.9166666666667,2607299.2430555555,1.0888766704171091,48
occupy,71091,1481.0625,2392178.6002604165,1.0442955193014662,48
disadvantage,71077,1480.7708333333333,3505065.8016493055,1.2643293980003358,48
necessity,71057,1480.3541666666667,2942594.312065972,1.1587761959386595,48
disc,70972,1478.5833333333333,4254528.451388888,1.3950183156299436,48
shelf,70945,1478.0208333333333,29223086.270399306,3.6574844166435145,48
contour,70937,1477.8541666666667,4777988.499565972,1.4790776332078444,48
senior,70845,1475.9375,9080940.43359375,2.041725938631111,48
touch,70834,1475.7083333333333,10287842.914930556,2.173509948894117,48
contract,70828,1475.5833333333333,4246220.659722222,1.3964890614670322,48
pink,70755,1474.0625,3415531.1002604165,1.2537565766831644,48
penetration,70733,1473.6041666666667,2993361.9058159725,1.1740829272720534,48
gen,70709,1473.1041666666667,5402653.593315971,1.577865946324066,48
mediterranean,70677,1472.4375,13984417.037760416,2.539716929294528,48
lane,70653,1471.9375,7233000.725260417,1.82713183469475,48
rigorous,70602,1470.875,2681611.7760416665,1.1133255748046313,48
drink,70558,1469.9583333333333,7738837.123263888,1.8924866671454004,48
helix,70469,1468.1041666666667,6539681.384982639,1.7418927986500021,48
maturity,70449,1467.6875,14631543.298177084,2.6062223989056794,48
combat,70412,1466.9166666666667,3720322.659722222,1.3148761888459914,48
card,70363,1465.8958333333333,8273253.634982638,1.9621628957148753,48
california,70323,1465.0625,3155335.80859375,1.2124578253003766,48
implicit,70269,1463.9375,28907443.55859375,3.672673382197289,48
dsm,70254,1463.625,16935541.359375,2.811704803839362,48
conditional,70111,1460.6458333333333,4625665.603732638,1.4724555479747705,48
avenue,70109,1460.6041666666667,3663976.1974826395,1.3105204027373196,48
unchanged,70096,1460.3333333333333,2114181.805555556,0.9956785863749568,48
kinetic,70086,1460.125,2895100.859375,1.165310909239393,48
shandong,70084,1460.0833333333333,3279628.118055556,1.2403225998451664,48
wise,70054,1459.4583333333333,3058612.664930556,1.1983137443651337,48
explanatory,70042,1459.2083333333333,8470490.664930556,1.9945135123608844,48
asterisk,70041,1459.1875,6775427.52734375,1.783845558846991,48
ease,70039,1459.1458333333333,4382870.166232639,1.4347644373574568,48
secure,70006,1458.4583333333333,4308992.039930555,1.4232913816761523,48
immature,69936,1457.0,9099818.208333334,2.070412144113823,48
moderately,69919,1456.6458333333333,3393327.5203993055,1.2646167178489844,48
ig,69916,1456.5833333333333,20957031.118055556,3.1428926173555194,48
hormonal,69867,1455.5625,6377088.704427083,1.7349236641005392,48
juvenile,69858,1455.375,8920918.651041666,2.0522481794820706,48
dg,69702,1452.125,3380606.359375,1.2661737327707172,48
mathematics,69648,1451.0,35631428.958333336,4.113857152120148,48
entirely,69600,1450.0,2561601.5,1.1037933727606346,48
litter,69584,1449.6666666666667,8056210.222222224,1.9579303670009796,48
ob,69581,1449.6041666666667,4462150.155815973,1.4572117406749572,48
ri,69575,1449.4791666666667,5569285.457899306,1.6281250624737242,48
dramatically,69569,1449.3541666666667,3093425.4787326385,1.2135154381696986,48
shade,69557,1449.1041666666667,10202308.676649304,2.204193028290983,48
prescribe,69548,1448.9166666666667,5837119.951388889,1.6674618289089196,48
helper,69514,1448.2083333333333,28693788.99826388,3.69881753649787,48
friendly,69492,1447.75,4701692.0625,1.4977299595001825,48
plausible,69426,1446.375,3706061.984375,1.3309919620354884,48
fragmentation,69281,1443.3541666666667,2003218.6037326388,0.9805985847859237,48
corpus,69252,1442.75,6086821.104166667,1.71003179690178,48
relational,69246,1442.625,28703047.401041668,3.7137319163905307,48
customer,69155,1440.7291666666667,30934344.905815978,3.860451613597221,48
registry,69141,1440.4375,5966926.162760417,1.695824528776044,48
infrared,69032,1438.1666666666667,2369050.0555555555,1.070231920245169,48
freedom,68928,1436.0,5808630.375,1.6783496057069205,48
hotspot,68915,1435.7291666666667,2867007.530815972,1.1793477796685388,48
whilst,68891,1435.2291666666667,2246609.634982639,1.0443415498325168,48
netherlands,68822,1433.7916666666667,2419932.956597222,1.0849647170233014,48
xie,68713,1431.5208333333333,3690319.9162326395,1.34194382335405,48
intersection,68708,1431.4166666666667,1936962.7013888888,0.9722871798099509,48
homogeneous,68585,1428.8541666666667,1659711.249565972,0.9016300200208492,48
discard,68551,1428.1458333333333,3391948.7912326395,1.2895912756138854,48
listen,68499,1427.0625,23677719.016927082,3.4097845392387116,48
adulthood,68487,1426.8125,6039039.610677083,1.7223326465703288,48
digestive,68449,1426.0208333333333,4779432.728732639,1.5330711333500469,48
discriminant,68443,1425.8958333333333,8511053.093315974,2.0459916168132644,48
pad,68439,1425.8125,4724698.15234375,1.5244901270414277,48
ny,68384,1424.6666666666667,3427942.6805555555,1.2995814766435965,48
ja,68371,1424.3958333333333,41018078.94748263,4.496317428473298,48
op,68351,1423.9791666666667,3688303.812065972,1.3486824564247888,48
exp,68328,1423.5,2155358.4583333335,1.0313409988805586,48
dd,68276,1422.4166666666667,2510088.2430555555,1.1138267976744565,48
singh,68273,1422.3541666666667,6158600.853732639,1.7447502916652395,48
query,68233,1421.5208333333333,2717796.9995659725,1.1597256921543062,48
tell,68227,1421.3958333333333,15788639.82248264,2.795485994349448,48
lesson,68201,1420.8541666666667,15951615.874565974,2.810948159762532,48
kong,68195,1420.7291666666667,3439718.0724826385,1.3054195961417239,48
icc,68181,1420.4375,5147140.87109375,1.5972058712636048,48
electricity,68128,1419.3333333333333,44486316.43055555,4.699252930705939,48
bv,68106,1418.875,8421905.317708334,2.0453189428673055,48
bw,68048,1417.6666666666667,3748456.513888888,1.3656899405269503,48
weakness,67993,1416.5208333333333,3803548.5828993055,1.3768020935403238,48
cope,67922,1415.0416666666667,11484631.498263888,2.394910589472036,48
repetitive,67892,1414.4166666666667,3497668.1180555555,1.3222450017431753,48
martin,67851,1413.5625,4042418.4127604165,1.422347180883895,48
jones,67827,1413.0625,4945106.266927083,1.5737163002003338,48
portal,67823,1412.9791666666667,5807255.353732639,1.7054920643300708,48
kumar,67775,1411.9791666666667,5656819.812065973,1.684449067355682,48
ball,67763,1411.7291666666667,11590780.530815968,2.411598215761329,48
wuhan,67732,1411.0833333333333,4611958.368055556,1.5219137011065078,48
spin,67702,1410.4583333333333,4910606.789930555,1.5711126264751982,48
sst,67700,1410.4166666666667,23519543.034722224,3.438484004942694,48
reproducibility,67671,1409.8125,1960724.40234375,0.9932233479433312,48
saudi,67559,1407.4791666666667,5908511.374565973,1.7270187901698886,48
operative,67549,1407.2708333333333,6560723.489149305,1.820112282537526,48
atypical,67530,1406.875,4091526.9010416665,1.4377626358960847,48
allocate,67522,1406.7083333333333,3355609.0815972215,1.3022117818100847,48
macro,67385,1403.8541666666667,4113509.749565972,1.4447219466260535,48
nanjing,67370,1403.5416666666667,3617588.3732638885,1.3551403119637375,48
mk,67349,1403.1041666666667,3155431.6349826385,1.2660168131962595,48
microscopic,67347,1403.0625,3250270.68359375,1.2849397017525337,48
machinery,67215,1400.3125,5413375.548177083,1.6615335416387893,48
tidal,67209,1400.1875,31266070.485677082,3.99347026518735,48
rg,67199,1399.9791666666667,5374672.437065973,1.65597748449241,48
undertake,67199,1399.9791666666667,2653445.3953993055,1.1635458579912508,48
mutual,67184,1399.6666666666667,6194965.222222223,1.7782581852041732,48
renewable,67160,1399.1666666666667,28769257.097222224,3.833494756657563,48
crack,67105,1398.0208333333333,22976645.937065974,3.4287014622790988,48
overload,67099,1397.8958333333333,4094050.8849826385,1.447444124491055,48
computation,67066,1397.2083333333333,2726223.7065972225,1.1817335832956624,48
preprocessing,67029,1396.4375,2786036.12109375,1.1952860983662426,48
generalization,66954,1394.875,3658812.484375,1.3713072924896759,48
marital,66910,1393.9583333333333,13153905.706597224,2.601821928438365,48
interested,66833,1392.3541666666667,7113635.020399305,1.9155613719031939,48
photograph,66833,1392.3541666666667,3059498.0203993046,1.256247959840142,48
execution,66830,1392.2916666666667,5060284.498263889,1.6156870476641578,48
confirmation,66806,1391.7916666666667,2758684.831597222,1.1933746594574857,48
hybridization,66777,1391.1875,7309635.319010417,1.9433999550814032,48
used,66724,1390.0833333333333,1732478.2430555557,0.9468758899129077,48
attenuation,66673,1389.0208333333333,2170555.1870659725,1.0606611374197956,48
pitch,66672,1389.0,16540242.583333334,2.9279839490562916,48
deployment,66631,1388.1458333333333,4325978.749565972,1.4983286953482247,48
pace,66629,1388.1041666666667,5134006.426649306,1.6323231733365207,48
stabilization,66615,1387.8125,1956438.15234375,1.0078647750281973,48
corn,66591,1387.3125,7495663.71484375,1.9734709946945097,48
nest,66547,1386.3958333333333,10040045.030815972,2.2854966331833486,48
holistic,66498,1385.375,6180648.317708333,1.794525649247269,48
bold,66444,1384.25,6876371.0625,1.8943713626525547,48
shen,66397,1383.2708333333333,3627863.5308159725,1.376950255981173,48
lifetime,66386,1383.0416666666667,3318661.0815972225,1.3171832123463116,48
experimentally,66357,1382.4375,2597844.8294270835,1.165899450129863,48
indigenous,66333,1381.9375,3988978.80859375,1.445248284826702,48
counter,66331,1381.8958333333333,2381128.0516493055,1.116647423894875,48
toll,66326,1381.7916666666667,14996459.164930554,2.8025398421512735,48
equity,66322,1381.7083333333333,11756106.206597224,2.4815062510447032,48
cyclic,66319,1381.6458333333333,3052278.1870659725,1.2644897837166664,48
switzerland,66281,1380.8541666666667,2029594.749565972,1.0317081246861837,48
feng,66229,1379.7708333333333,3361705.551649306,1.3288405596190231,48
producer,66192,1379.0,7021284.958333333,1.921516125408319,48
incentive,66086,1376.7916666666667,8950943.87326389,2.173032332795179,48
sensation,65955,1374.0625,9926820.93359375,2.29297123516843,48
societal,65917,1373.2708333333333,7492950.447482639,1.993288834356562,48
proxy,65729,1369.3541666666667,2915666.937065972,1.2469618549261767,48
today,65722,1369.2083333333333,3433533.831597222,1.3533219685309403,48
selectivity,65718,1369.125,5751516.984375,1.7516531024592354,48
execute,65710,1368.9583333333333,2596288.0399305555,1.1770264071244463,48
heavily,65707,1368.8958333333333,1947385.7599826392,1.0194257359692953,48
compatible,65642,1367.5416666666667,3318370.831597222,1.3320541846820166,48
fate,65628,1367.25,6155300.145833333,1.8145823630862319,48
melt,65623,1367.1458333333333,13625155.499565972,2.6999510502237167,48
controversial,65576,1366.1666666666667,3182204.3888888885,1.3057509500222773,48
finance,65522,1365.0416666666667,9647491.789930554,2.2754185841486274,48
mouth,65477,1364.1041666666667,4333579.75998264,1.5260749429995362,48
talent,65445,1363.4375,4803228.954427083,1.6074275577653045,48
republic,65420,1362.9166666666667,2477408.0347222215,1.154860343526999,48
unrelated,65365,1361.7708333333333,5278945.426649305,1.6872116209603145,48
intercept,65346,1361.375,5087167.984375,1.6567625472636993,48
xl,65320,1360.8333333333333,3273296.5972222225,1.32949816063811,48
flag,65257,1359.5208333333333,5985505.666232638,1.7995526440863365,48
duplication,65254,1359.4583333333333,13984218.831597224,2.7507631923145577,48
inactive,65233,1359.0208333333333,3086756.9370659725,1.2927814208915427,48
silva,65224,1358.8333333333333,6096158.597222221,1.8170293256328425,48
interquartile,65217,1358.6875,3445631.5481770835,1.3662017512581517,48
tolerate,65203,1358.3958333333333,3951916.4474826395,1.4634488113671242,48
thorough,65141,1357.1041666666667,1692676.0516493053,0.9586801628553446,48
indian,65140,1357.0833333333333,4053562.201388888,1.483583190378566,48
collapse,65100,1356.25,3550225.7291666665,1.3892750374124359,48
clarity,65011,1354.3958333333333,5727779.989149305,1.7670447778067766,48
exponential,65001,1354.1875,4363359.235677083,1.5425231276762186,48
operating,64952,1353.1666666666667,3757705.3055555555,1.4325509201952535,48
inversion,64922,1352.5416666666667,7764351.164930553,2.0601646538894784,48
conjunction,64921,1352.5208333333333,2249872.791232639,1.1090088666371942,48
campaign,64717,1348.2708333333333,7406007.655815973,2.018435791638521,48
ox,64674,1347.375,10820270.776041666,2.4413530009034443,48
upward,64638,1346.625,2867971.234375,1.257594770269783,48
fitting,64617,1346.1875,1779088.9440104167,0.9908166061899439,48
tie,64532,1344.4166666666667,4383568.868055555,1.557327774567715,48
identifiable,64530,1344.375,3007178.2760416665,1.2899092584209038,48
poverty,64509,1343.9375,11905584.391927084,2.5674162558652953,48
cy,64440,1342.5,9942340.916666666,2.348713429476348,48
inspection,64411,1341.8958333333333,1663301.5516493053,0.9610958278037479,48
concurrently,64404,1341.75,2732012.8125,1.2318838507370475,48
lockdown,64365,1340.9375,13320100.766927084,2.7217311195613476,48
award,64343,1340.4791666666667,2136136.4578993055,1.0903211270373927,48
mountain,64307,1339.7291666666667,7542419.280815973,2.049926658016442,48
everyday,64267,1338.8958333333333,13010301.968315972,2.6939957005660227,48
differs,64262,1338.7916666666667,2287117.831597222,1.1296171298531459,48
jl,64220,1337.9166666666667,2363362.909722222,1.1490426363028667,48
causality,64184,1337.1666666666667,3515314.597222222,1.4021567175112295,48
subtle,64184,1337.1666666666667,2400122.9305555555,1.1585938030470817,48
prey,64156,1336.5833333333333,18786317.70138889,3.242834538656231,48
im,64075,1334.8958333333333,3652506.0933159725,1.4316870513682785,48
tandem,64060,1334.5833333333333,4819842.784722222,1.6450183215133263,48
seal,64033,1334.0208333333333,3822914.4370659725,1.4656648647624142,48
filtration,63981,1332.9375,3074612.8502604165,1.3154835834714724,48
roche,63969,1332.6875,4906462.33984375,1.662095258594066,48
elite,63947,1332.2291666666667,9478455.093315972,2.310946231545776,48
latitude,63943,1332.1458333333333,9079981.332899306,2.2619901378776537,48
liang,63928,1331.8333333333333,3050315.305555556,1.311361673664618,48
attractive,63906,1331.375,3133224.5677083335,1.329521497263191,48
conversation,63671,1326.4791666666667,10894800.707899304,2.4883370826946187,48
bf,63665,1326.3541666666667,2986672.812065972,1.3029697052162048,48
reform,63620,1325.4166666666667,9376745.701388888,2.3103280002911806,48
reliance,63614,1325.2916666666667,2920941.039930556,1.2895848671286512,48
compensatory,63576,1324.5,2661309.9166666665,1.2316739707983955,48
bubble,63531,1323.5625,2258897.6627604165,1.13554362654359,48
bearing,63516,1323.25,5233099.395833333,1.7287714796346372,48
unstable,63472,1322.3333333333333,1142451.8472222222,0.8083101017127884,48
struggle,63454,1321.9583333333333,6325453.039930556,1.9025148313260092,48
spray,63391,1320.6458333333333,16398905.35373264,3.066345336487633,48
pseudo,63341,1319.6041666666667,1962028.2391493053,1.0614729925885316,48
administrative,63232,1317.3333333333333,5582672.847222221,1.793599226491333,48
dash,63213,1316.9375,1574738.18359375,0.952881761900445,48
dong,63189,1316.4375,3370051.62109375,1.394498436056042,48
thoroughly,63114,1314.875,2035124.3177083333,1.0849531966441535,48
multidisciplinary,63113,1314.8541666666667,3783050.1662326385,1.4792564215609096,48
gu,63103,1314.6458333333333,8542046.60373264,2.2231675717125094,48
conservative,63050,1313.5416666666667,1796032.706597222,1.0202656542753639,48
regularly,63009,1312.6875,2386448.3815104165,1.1768325521525755,48
stack,62996,1312.4166666666667,1849067.1180555553,1.0361069833570178,48
bidirectional,62981,1312.1041666666667,2094371.0099826388,1.102956778944027,48
housing,62970,1311.875,7792800.026041667,2.127915166494068,48
jiangsu,62961,1311.6875,2593361.46484375,1.227725133933727,48
mcp,62934,1311.125,8422834.484375,2.213528075907112,48
ecology,62901,1310.4375,7455585.912760417,2.0836490722383596,48
transparency,62898,1310.375,2626669.0260416665,1.2368216467602728,48
irregular,62873,1309.8541666666667,1854633.499565972,1.0396953559072892,48
book,62780,1307.9166666666667,15928368.618055552,3.051445198982562,48
diego,62780,1307.9166666666667,6632472.659722223,1.9690541527021534,48
conscious,62759,1307.4791666666667,22031080.87456597,3.589906395809368,48
envelope,62720,1306.6666666666667,3928744.055555556,1.5169178301770188,48
photo,62672,1305.6666666666667,3187289.8055555555,1.367346111779185,48
news,62644,1305.0833333333333,9366757.243055554,2.345073121186331,48
audio,62634,1304.875,9317136.234375,2.3392266996068964,48
port,62462,1301.2916666666667,17247599.498263888,3.191462022955549,48
centrality,62439,1300.8125,2691202.1940104165,1.2611259509417359,48
permanent,62417,1300.3541666666667,1162872.0620659722,0.8292859638809322,48
digest,62416,1300.3333333333333,6473057.722222223,1.9565909674862547,48
breakdown,62400,1300.0,1752357.7083333333,1.0182819119812767,48
psa,62380,1299.5833333333333,10244033.118055554,2.462812526572651,48
sufficiently,62314,1298.2083333333333,1886668.831597222,1.0580433083609553,48
problematic,62304,1298.0,9911924.083333334,2.425516822430108,48
hk,62268,1297.25,5306720.270833333,1.7757810551751547,48
hidden,62227,1296.3958333333333,1778942.822482639,1.028829404761171,48
required,62129,1294.3541666666667,1574849.2287326388,0.9695414145299577,48
cooperative,62109,1293.9375,4653742.30859375,1.6672006320214727,48
thousand,62107,1293.8958333333333,2076186.4266493053,1.113611890401915,48
careful,61997,1291.6041666666667,1563535.0724826388,0.9681092649885029,48
familiar,61974,1291.125,11545292.442708334,2.631686657406295,48
inability,61956,1290.75,2097662.4375,1.1220847680520245,48
massive,61941,1290.4375,1723535.9127604167,1.0173565684921353,48
contemporary,61907,1289.7291666666667,3810705.5724826395,1.5135758030030197,48
dissection,61887,1289.3125,7396124.71484375,2.109327038162009,48
modest,61878,1289.125,2069418.9010416667,1.1159100141344307,48
beat,61562,1282.5416666666667,6276080.206597223,1.9533171329525945,48
join,61558,1282.4583333333333,3340066.4565972225,1.4250637407650637,48
obviously,61546,1282.2083333333333,1805003.248263889,1.0478048365509038,48
sk,61537,1282.0208333333333,2967086.1870659725,1.3436000093366514,48
pn,61446,1280.125,3631243.4427083335,1.4885907075235691,48
independence,61392,1279.0,3862323.3333333335,1.5365750228766213,48
kappa,61385,1278.8541666666667,3089210.457899306,1.374367021029676,48
alternate,61365,1278.4375,1720452.0377604167,1.025986824791396,48
abc,61333,1277.7708333333333,5021706.093315972,1.7537701540797812,48
spatially,61333,1277.7708333333333,2259156.134982639,1.1763055683326316,48
jin,61327,1277.6458333333333,2896907.1037326395,1.3321612643490501,48
imperative,61276,1276.5833333333333,1959945.8680555557,1.096662184499676,48
undergraduate,61240,1275.8333333333333,15221706.472222224,3.0580017304525575,48
scarce,61237,1275.7708333333333,1886187.0516493057,1.0765140702130684,48
progressively,61138,1273.7083333333333,1342331.623263889,0.9096198321874935,48
surprisingly,61010,1271.0416666666667,2862301.456597222,1.3310608141113995,48
physically,60987,1270.5625,3244032.1627604165,1.4175766221302124,48
flight,60935,1269.4791666666667,2954746.624565972,1.3540495104694652,48
backbone,60875,1268.2291666666667,5034984.634982639,1.7692994314006147,48
inconsistency,60873,1268.1875,2354098.02734375,1.2098424078506045,48
fd,60746,1265.5416666666667,2331584.5399305555,1.2065605879001375,48
shorten,60744,1265.5,1778348.6666666667,1.0537711572363082,48
illustration,60742,1265.4583333333333,1617381.2899305557,1.0049821713587554,48
multifaceted,60724,1265.0833333333333,2859894.9097222225,1.3367675765638967,48
mine,60701,1264.6041666666667,6652935.364149307,2.039633064272547,48
drift,60662,1263.7916666666667,3228832.706597222,1.4218287269160093,48
epidemiology,60630,1263.125,4763572.192708333,1.7279057300854548,48
desired,60621,1262.9375,1881070.80859375,1.0859772143983857,48
submission,60583,1262.1458333333333,1654910.082899306,1.019242825435695,48
apparatus,60568,1261.8333333333333,2280592.805555556,1.1968008230072338,48
kv,60561,1261.6875,3527962.33984375,1.4887102202354996,48
simplify,60490,1260.2083333333333,1158565.1649305557,0.8541180227024907,48
cigarette,60488,1260.1666666666667,7600894.305555555,2.187783582864947,48
santa,60473,1259.8541666666667,3034130.7078993055,1.3826009988872978,48
billion,60411,1258.5625,2432202.99609375,1.2391535406947691,48
ee,60403,1258.3958333333333,1799554.4058159722,1.0660196716642245,48
steel,60368,1257.6666666666667,10100087.180555554,2.526952106359186,48
npc,60319,1256.6458333333333,9077778.687065974,2.3976009372764273,48
sharp,60283,1255.8958333333333,1172798.4266493057,0.862299367907745,48
ref,60264,1255.5,2516034.3333333335,1.2634020129440366,48
taiwan,60251,1255.2291666666667,2268318.4266493055,1.199855615392097,48
terrestrial,60234,1254.875,7350634.776041667,2.1605382290290054,48
grass,60213,1254.4375,11717035.912760416,2.728725517840417,48
dish,60199,1254.1458333333333,3925515.7912326395,1.5797935077753065,48
counteract,60178,1253.7083333333333,3020531.5815972225,1.3862615507751805,48
mexico,60119,1252.4791666666667,2712228.749565972,1.314899762402448,48
aggression,60052,1251.0833333333333,19281272.534722224,3.5097938455070845,48
eligibility,59999,1249.9791666666667,3172691.3537326385,1.4249877726363975,48
advice,59954,1249.0416666666667,3241229.289930556,1.4413782062584208,48
suit,59926,1248.4583333333333,1636443.498263889,1.0246521482194209,48
wider,59914,1248.2083333333333,1822504.2899305553,1.0815514948991423,48
scanner,59886,1247.625,3650545.9010416665,1.5314218462639273,48
ship,59882,1247.5416666666667,29444517.414930556,4.3495783754779564,48
strictly,59852,1246.9166666666667,1707760.6180555553,1.0480356774388584,48
ward,59785,1245.5208333333333,3287094.9162326385,1.455643837564866,48
workload,59772,1245.25,6570332.395833333,2.058434822531965,48
snow,59767,1245.1458333333333,16083544.54123264,3.2208512156242355,48
generalized,59760,1245.0,1796445.75,1.076558667635841,48
yz,59693,1243.6041666666667,2206338.280815972,1.1944112399609335,48
traditionally,59638,1242.4583333333333,1827768.373263889,1.0881248931912844,48
dissociation,59629,1242.2708333333333,3152633.405815972,1.4292903047725705,48
ever,59615,1241.9791666666667,2792902.187065972,1.345592482445604,48
personalize,59592,1241.5,2559585.2083333335,1.2886591803086,48
ranking,59547,1240.5625,1508748.9127604167,0.9901245661375463,48
arc,59481,1239.1875,3129761.77734375,1.4276397028787835,48
scar,59469,1238.9375,2845738.2669270835,1.3615954097737237,48
suspend,59438,1238.2916666666667,4021270.039930556,1.619416906143801,48
convolution,59425,1238.0208333333333,6514298.812065971,2.0616070225414695,48
occurs,59344,1236.3333333333333,1508185.3055555557,0.9933259331902116,48
taste,59277,1234.9375,4895898.43359375,1.7917244546780426,48
commercially,59266,1234.7083333333333,2413004.1232638895,1.2580985236010747,48
federal,59179,1232.8958333333333,1920265.5516493057,1.123968812266268,48
stomach,59171,1232.7291666666667,3651122.655815972,1.5500494017575317,48
challenging,59105,1231.3541666666667,1825002.6870659722,1.0971064537792732,48
sv,59096,1231.1666666666667,1803391.0555555553,1.0907572467618818,48
bundle,59041,1230.0208333333333,2590051.0203993055,1.308403485143003,48
dissect,59034,1229.875,3184251.0677083335,1.450917363249294,48
jump,59025,1229.6875,8755401.506510416,2.4062640076683657,48
advocate,59013,1229.4375,3288896.7044270835,1.4750904832089315,48
validated,58999,1229.1458333333333,2712699.0412326385,1.3399771532629672,48
prospect,58999,1229.1458333333333,1883063.207899306,1.1164236701670216,48
serf,58985,1228.8541666666667,1953876.2078993053,1.1374915415715483,48
transformer,58928,1227.6666666666667,4140728.0555555555,1.6575166144160074,48
reside,58899,1227.0625,3221551.6002604165,1.4627357033022113,48
enriched,58889,1226.8541666666667,4018216.8328993055,1.633893488939884,48
satisfactory,58877,1226.6041666666667,3242949.6558159725,1.4681339028344667,48
mitigation,58871,1226.4791666666667,2603294.2078993055,1.3155321025125242,48
pursue,58834,1225.7083333333333,6157638.998263888,2.0245102189289113,48
cai,58824,1225.5,2165101.5416666665,1.2006759704729495,48
proficiency,58815,1225.3125,19452316.006510418,3.599471954599591,48
lethal,58755,1224.0625,4726500.850260417,1.7760953487884075,48
unexpected,58694,1222.7916666666667,2896214.9982638895,1.391755444004055,48
offset,58571,1220.2291666666667,2155559.0516493055,1.203202043596999,48
definitive,58453,1217.7708333333333,3234290.509982638,1.4768076899309155,48
thanks,58378,1216.2083333333333,1271661.2065972222,0.9272092095026081,48
strip,58375,1216.1458333333333,1934606.4995659727,1.143696165541497,48
conductance,58374,1216.125,9165222.776041666,2.4893920394844296,48
stone,58366,1215.9583333333333,2050929.164930556,1.177759557032823,48
deeply,58300,1214.5833333333333,2759433.3680555555,1.3676741496986695,48
fn,58288,1214.3333333333333,2680125.3888888895,1.3481544199729052,48
rs,58271,1213.9791666666667,2453780.6453993055,1.290347350756569,48
residence,58260,1213.75,6093823.770833333,2.033834932520393,48
interdisciplinary,58255,1213.6458333333333,2672448.3120659725,1.3469847780956414,48
supplemental,58158,1211.625,4980056.484375,1.8418273112828527,48
flowchart,58149,1211.4375,2151571.49609375,1.21081245024676,48
workshop,58070,1209.7916666666667,5057362.206597222,1.8588803678105597,48
tank,58069,1209.7708333333333,4870945.801649305,1.824330583673945,48
approximation,58061,1209.6041666666667,2281072.1141493055,1.2486083459536297,48
cfi,58049,1209.3541666666667,27844150.687065978,4.3632840093999565,48
individualized,58003,1208.3958333333333,2943716.739149306,1.4198379814301956,48
discomfort,57909,1206.4375,3086571.24609375,1.4562412370739948,48
disagree,57843,1205.0625,16617569.55859375,3.382783321656429,48
tide,57801,1204.1875,20552420.90234375,3.7647607148387987,48
peng,57797,1204.1041666666667,2329524.6349826385,1.267563119178556,48
proof,57795,1204.0625,1191979.55859375,0.9067454252886539,48
pocket,57793,1204.0208333333333,3395884.6037326395,1.5305321627777166,48
xiao,57729,1202.6875,2605686.5481770835,1.3421723517464328,48
thematic,57728,1202.6666666666667,6244813.638888888,2.0778513130557505,48
realistic,57630,1200.625,2037470.484375,1.1888807108398356,48
relies,57627,1200.5625,1448334.99609375,1.002420035655233,48
shake,57624,1200.5,7804386.833333333,2.327058115376141,48
relief,57617,1200.3541666666667,2486351.7703993055,1.313626442990287,48
proliferate,57589,1199.7708333333333,6557271.218315971,2.1343383780411056,48
working,57584,1199.6666666666667,5235719.638888889,1.9073377287251976,48
tested,57560,1199.1666666666667,4604856.013888889,1.7894867194591129,48
partition,57514,1198.2083333333333,2039613.5399305557,1.1919049062553533,48
pupil,57498,1197.875,8648813.276041666,2.455086280225336,48
attain,57450,1196.875,1863580.0260416667,1.1405786234776603,48
geological,57437,1196.6041666666667,29588756.57248264,4.545826402198104,48
whereby,57422,1196.2916666666667,2368391.3315972225,1.2864403513110247,48
opening,57353,1194.8541666666667,1607626.5828993053,1.0611522201806023,48
quantitatively,57313,1194.0208333333333,1143232.4370659722,0.895478915598698,48
neighborhood,57305,1193.8541666666667,6459285.666232639,2.1288299250217793,48
specification,57254,1192.7916666666667,1420076.8315972222,0.9990594329833775,48
balanced,57204,1191.75,1599284.3541666667,1.0611522119357089,48
conduction,57159,1190.8125,4129189.65234375,1.7064321717336206,48
distinctive,57138,1190.375,1961043.5260416667,1.176413011260671,48
cam,57129,1190.1875,2589765.90234375,1.352118856647922,48
precipitate,57123,1190.0625,2637531.7252604165,1.3646744975676715,48
influx,57107,1189.7291666666667,3891988.1558159725,1.6582028084442375,48
bag,57089,1189.3541666666667,3068502.4787326395,1.4728280301161423,48
lg,57058,1188.7083333333333,3704662.0399305555,1.6191943896386487,48
funnel,57053,1188.6041666666667,2674606.9474826385,1.3759185817857813,48
lifespan,57023,1187.9791666666667,1818548.7703993053,1.1351510408802097,48
corporation,57023,1187.9791666666667,1346992.812065972,0.976953323189818,48
integrative,57012,1187.75,2439971.8541666665,1.3151260163280505,48
manufacturing,56979,1187.0625,3202069.55859375,1.5074461098001928,48
stressful,56977,1187.0208333333333,9466273.770399308,2.591977270961251,48
neuroscience,56973,1186.9375,7733856.18359375,2.342988703991012,48
gt,56912,1185.6666666666667,3405711.0972222225,1.5564719260733033,48
morning,56906,1185.5416666666667,1794339.706597222,1.1298883003317768,48
relieve,56895,1185.3125,2935876.4231770835,1.445559663461202,48
bleed,56885,1185.1041666666667,6061426.301649305,2.077451480588969,48
rmse,56853,1184.4375,3613183.87109375,1.604844220278315,48
elsewhere,56796,1183.25,1395170.3958333333,0.9982449298182078,48
rational,56675,1180.7291666666667,3919444.3641493055,1.6767254667694986,48
contaminate,56661,1180.4375,8335751.37109375,2.4458475200903766,48
closed,56581,1178.7708333333333,956688.759982639,0.8297666092143606,48
epoch,56575,1178.6458333333333,3169925.1870659725,1.5105711329350622,48
vocabulary,56571,1178.5625,22638667.74609375,4.037130743823278,48
rationale,56545,1178.0208333333333,2351373.9370659725,1.3016909308089577,48
miller,56516,1177.4166666666667,3478975.7013888885,1.5841471438043973,48
print,56503,1177.1458333333333,5758570.916232639,2.0385768592076525,48
partnership,56493,1176.9375,5295993.350260417,1.95533113135226,48
fh,56459,1176.2291666666667,14861551.259982636,3.2774805841005907,48
gravity,56428,1175.5833333333333,4225222.826388889,1.748523157060755,48
permission,56334,1173.625,1689444.2760416667,1.1074970646007598,48
arrange,56282,1172.5416666666667,1678257.2065972222,1.1048440366018157,48
sink,56264,1172.1666666666667,8539383.763888888,2.493009300307418,48
roughly,56242,1171.7083333333333,1172539.2899305557,0.9241536505566594,48
swell,56224,1171.3333333333333,2289127.138888889,1.2916785709670562,48
slowly,56203,1170.8958333333333,1088665.2183159722,0.8911050674848071,48
stationary,56126,1169.2916666666667,4390753.62326389,1.7920357925847743,48
ve,56115,1169.0625,2354362.68359375,1.3124989146139416,48
wi,56079,1168.3125,5193194.423177083,1.9505553010899643,48
justice,56029,1167.2708333333333,10060196.114149308,2.71726246425914,48
conceptualize,55997,1166.6041666666667,8011806.489149305,2.42628438015144,48
apple,55981,1166.2708333333333,16300226.905815972,3.461763625695599,48
impede,55957,1165.7708333333333,2039714.134982639,1.2250997954256828,48
om,55955,1165.7291666666667,4007050.239149306,1.7171756880208215,48
thereafter,55952,1165.6666666666667,1930975.6805555553,1.192103668594606,48
aromatic,55949,1165.6041666666667,5663933.322482639,2.041775436760178,48
cho,55940,1165.4166666666667,2111989.2430555555,1.2469947535411003,48
bean,55859,1163.7291666666667,18763870.07248264,3.7222821468580163,48
albeit,55829,1163.1041666666667,1849865.1766493057,1.169368597327789,48
productive,55813,1162.7708333333333,2475510.0933159725,1.353125944594367,48
confusion,55790,1162.2916666666667,2384847.8315972225,1.3286641368182917,48
graphical,55789,1162.2708333333333,1453756.7391493057,1.03738157687873,48
benchmark,55708,1160.5833333333333,1315855.9097222222,0.9883888513978883,48
sudden,55690,1160.2083333333333,1840827.7899305557,1.1694202245843162,48
amongst,55667,1159.7291666666667,1656758.5308159722,1.1098723400021602,48
lamp,55654,1159.4583333333333,3928591.081597222,1.7094770192793274,48
automated,55625,1158.8541666666667,950513.9578993056,0.8412991744028414,48
military,55557,1157.4375,3825505.5377604165,1.6898449899410741,48
ala,55515,1156.5625,3082130.3294270835,1.5179462471676224,48
expectancy,55514,1156.5416666666667,7188258.331597223,2.318198147810881,48
bloom,55485,1155.9375,16098928.225260416,3.471076050558324,48
jc,55432,1154.8333333333333,2073016.513888889,1.2467577310448295,48
appraisal,55331,1152.7291666666667,17286248.9891493,3.606808630359392,48
push,55176,1149.5,1838320.5833333333,1.1795100601221438,48
qi,55173,1149.4375,3329935.2044270835,1.5875687065416653,48
guangzhou,55167,1149.3125,2128873.58984375,1.269511990115038,48
ka,55158,1149.125,4697861.192708333,1.8861786173113582,48
geometric,55152,1149.0,1388123.9583333333,1.0254018492005332,48
really,55131,1148.5625,6755053.912760417,2.26287089760256,48
deploy,55093,1147.7708333333333,2488966.4266493055,1.3745303537493774,48
reflex,55062,1147.125,4910641.109375,1.9317830578179305,48
usual,55054,1146.9583333333333,2440641.4565972225,1.3620854407165146,48
sole,55049,1146.8541666666667,2654048.707899306,1.420516385683875,48
negligible,55032,1146.5,1006799.4166666666,0.8751800688083763,48
merely,55024,1146.3333333333333,3660520.5138888885,1.669016005192166,48
theoretically,54985,1145.5208333333333,3702203.2495659715,1.6796822653931893,48
standardization,54968,1145.1666666666667,1257549.847222222,0.9792507351109561,48
village,54936,1144.5,4860191.75,1.926242252388872,48
inspire,54934,1144.4583333333333,2713026.331597222,1.4392194469885053,48
adam,54914,1144.0416666666667,2131047.7482638885,1.276011969647219,48
topology,54837,1142.4375,2386235.7044270835,1.3521479673245973,48
optimized,54831,1142.3125,1666179.1315104167,1.129993424190954,48
adequately,54793,1141.5208333333333,1901037.2078993057,1.2078457251621237,48
bright,54788,1141.4166666666667,4093418.3680555555,1.7725514803623144,48
essentially,54742,1140.4583333333333,1520027.5399305557,1.0810513049226291,48
interacts,54722,1140.0416666666667,3559240.1232638885,1.6548472778618932,48
custom,54720,1140.0,1099448.125,0.9197769465609876,48
divergent,54612,1137.75,3134466.4375,1.5560909173114768,48
conducive,54579,1137.0625,2437025.0169270835,1.3729213441330066,48
iu,54575,1136.9791666666667,4738343.353732639,1.9145237440230511,48
proactive,54555,1136.5625,11706509.954427084,3.010373599563808,48
exclusive,54527,1135.9791666666667,1757917.8953993053,1.1671560536745451,48
pls,54507,1135.5625,2617295.62109375,1.424673502784864,48
enrollment,54494,1135.2916666666667,2638889.206597222,1.4308797198282843,48
bath,54483,1135.0625,2373964.3919270835,1.3574296291880532,48
anderson,54475,1134.8958333333333,2956953.5933159725,1.515187060370392,48
unite,54426,1133.875,3089115.484375,1.550072074468803,48
von,54386,1133.0416666666667,1750843.6649305553,1.1678250954117027,48
dw,54299,1131.2291666666667,6604062.718315974,2.271721040521245,48
accomplish,54187,1128.8958333333333,1807141.8433159722,1.190809390714507,48
spatiotemporal,54179,1128.7291666666667,1736644.405815972,1.1675236949903203,48
eco,54179,1128.7291666666667,5129465.489149305,2.0065330091921747,48
tightly,54165,1128.4375,2390041.2044270835,1.3700145641922548,48
affiliate,54005,1125.1041666666667,2445734.718315972,1.3899908495660955,48
script,53998,1124.9583333333333,2987651.7899305555,1.5364858053163344,48
audience,53947,1123.8958333333333,9098864.759982638,2.683907499491177,48
expense,53929,1123.5208333333333,4442164.332899305,1.875928063759157,48
av,53925,1123.4375,2296428.7877604165,1.3488932295846017,48
pda,53910,1123.125,6279888.109375,2.2312480734725133,48
grey,53878,1122.4583333333333,1568575.498263889,1.1157900514849746,48
biologically,53804,1120.9166666666667,1783564.2013888888,1.1914369007800545,48
cone,53796,1120.75,2207100.4791666665,1.3255688960618575,48
transparent,53775,1120.3125,1361617.6315104167,1.0415698536306968,48
doc,53772,1120.25,6042084.645833333,2.1942113136178363,48
ei,53738,1119.5416666666667,13325178.331597222,3.2605904585667345,48
homogeneity,53615,1116.9791666666667,1448005.687065972,1.0773084364356433,48
influential,53600,1116.6666666666667,2833779.7638888895,1.5075075469902526,48
reject,53593,1116.5208333333333,5004521.249565971,2.003615753874015,48
kyoto,53571,1116.0625,3209595.18359375,1.605227583502291,48
sweden,53569,1116.0208333333333,1490243.8120659722,1.093846450120125,48
endurance,53545,1115.5208333333333,9221663.79123264,2.722243419637052,48
dh,53511,1114.8125,4619325.65234375,1.927913126946671,48
routinely,53486,1114.2916666666667,1685454.2482638888,1.1650903399119432,48
invite,53482,1114.2083333333333,6703818.998263888,2.3237785452060664,48
williams,53420,1112.9166666666667,3845687.0763888895,1.7620747384776279,48
sacrifice,53406,1112.625,3562717.3177083335,1.6964531417207578,48
editing,53406,1112.625,2405573.5260416665,1.393992713736979,48
jia,53393,1112.3541666666667,2524231.5203993055,1.428306809884661,48
reflective,53386,1112.2083333333333,8109697.039930556,2.5604492391398477,48
stochastic,53346,1111.375,1652646.5260416667,1.1567229818736877,48
variables,53288,1110.1666666666667,5988951.722222221,2.2043838613325937,48
consisting,53267,1109.7291666666667,1454423.655815972,1.086747035576909,48
sap,53253,1109.4375,4262896.37109375,1.8610135974519735,48
wish,53236,1109.0833333333333,3432451.8680555555,1.6704675708005887,48
preferentially,53219,1108.7291666666667,3347036.739149306,1.6500791144557783,48
logic,53209,1108.5208333333333,3189141.832899306,1.6109907900903935,48
covariance,53206,1108.4583333333333,3236523.3315972225,1.6230055253017543,48
yin,53203,1108.3958333333333,2209429.614149306,1.341050711423118,48
unless,53179,1107.8958333333333,1403870.259982639,1.0694600300540853,48
cfa,53177,1107.8541666666667,13827436.499565968,3.35651228395996,48
server,53172,1107.75,2463597.9791666665,1.4169129216080047,48
suitability,53144,1107.1666666666667,2277653.1388888885,1.3631096464879333,48
localized,53143,1107.1458333333333,1680834.791232639,1.1710021285033427,48
vo,53114,1106.5416666666667,7586408.748263887,2.489145865672049,48
regenerative,53114,1106.5416666666667,4642879.373263889,1.9472689026060017,48
gl,53074,1105.7083333333333,2974307.2065972225,1.5597404275676159,48
fair,53056,1105.3333333333333,3124961.2222222225,1.5992967294214353,48
hh,53004,1104.25,1642926.3958333333,1.1607578934670306,48
omega,52992,1104.0,4546775.708333333,1.9314465409461605,48
stratum,52964,1103.4166666666667,7263345.368055555,2.442467581147972,48
informative,52912,1102.3333333333333,2296258.5138888895,1.3746668176326153,48
increment,52770,1099.375,1188267.1927083333,0.9915421864286076,48
assimilation,52756,1099.0833333333333,9380911.451388888,2.7867107701770473,48
patent,52750,1098.9583333333333,2137272.4565972225,1.3302973252990498,48
iso,52749,1098.9375,2105810.8919270835,1.3204947849716782,48
sparse,52738,1098.7083333333333,1164964.9565972222,0.982367559101557,48
floor,52729,1098.5208333333333,1581135.9995659727,1.1446594966731378,48
louis,52725,1098.4375,2955413.4127604165,1.5650700079047126,48
trunk,52712,1098.1666666666667,1976612.5972222222,1.2802433311878358,48
mu,52703,1097.9791666666667,1564967.5203993053,1.139353693377362,48
dai,52689,1097.6875,3137318.33984375,1.6136174265020367,48
lasting,52687,1097.6458333333333,2051433.0620659722,1.3048675833169068,48
wc,52681,1097.5208333333333,3939759.707899306,1.8085149130799694,48
sphere,52664,1097.1666666666667,1250682.5138888888,1.0192974418230176,48
hill,52620,1096.25,1921406.8958333333,1.2644453572582994,48
excel,52552,1094.8333333333333,1487583.2222222222,1.11401906750432,48
rod,52530,1094.375,2076442.3177083333,1.3167210306403854,48
tax,52526,1094.2916666666667,5630733.789930556,2.168449965010847,48
desirable,52497,1093.6875,2432150.58984375,1.4259423978713923,48
intelligent,52494,1093.625,2138132.359375,1.3370537415220713,48
calculated,52494,1093.625,1053761.234375,0.9386478275630918,48
unfavorable,52464,1093.0,2140308.4583333335,1.3384989102669798,48
watch,52441,1092.5208333333333,8047517.874565974,2.5965772499838238,48
proceed,52433,1092.3541666666667,1649962.6037326388,1.1759086388862328,48
ua,52410,1091.875,3271662.0260416665,1.6565757297076202,48
lo,52344,1090.5,6388916.25,2.3178638793453534,48
naive,52224,1088.0,13254281.875,3.3461792811536117,48
overlook,52211,1087.7291666666667,1597390.6141493057,1.1619429096813372,48
circumference,52044,1084.25,4571028.895833333,1.9718666983490452,48
grateful,52028,1083.9166666666667,1392631.2013888888,1.0887349543696339,48
triangle,51975,1082.8125,1515904.9440104167,1.1370582774080495,48
truth,51912,1081.5,2869437.5416666665,1.566288878545884,48
scoring,51862,1080.4583333333333,1764809.123263889,1.229534860553646,48
saturate,51850,1080.2083333333333,2030732.7065972227,1.3192249562544722,48
damp,51836,1079.9166666666667,8032719.076388888,2.6244665727883048,48
defective,51811,1079.3958333333333,4208119.239149305,1.9004799026873649,48
varied,51765,1078.4375,1396989.9544270833,1.095977556209643,48
wake,51720,1077.5,2898225.5416666665,1.5799698913825995,48
ren,51714,1077.375,2554158.484375,1.4833957385467085,48
intermittent,51685,1076.7708333333333,1517623.4266493057,1.144086148744201,48
rearrangement,51639,1075.8125,4789548.735677083,2.034279919995095,48
super,51588,1074.75,1120944.8541666667,0.9851098692265021,48
defined,51582,1074.625,1224089.734375,1.0295553225977225,48
victim,51547,1073.8958333333333,14335605.593315974,3.5257041323640936,48
convenience,51540,1073.75,4838688.9375,2.0486165411583444,48
tim,51483,1072.5625,16707400.204427084,3.8109375251517967,48
optimum,51469,1072.2708333333333,2730277.9058159725,1.5409868559370772,48
worry,51423,1071.3125,12072337.173177084,3.2432431239133677,48
fluency,51386,1070.5416666666667,13291317.914930554,3.40549657491182,48
australian,51351,1069.8125,2034244.27734375,1.3331956361685051,48
domains,51316,1069.0833333333333,1978635.701388889,1.3157438883850456,48
nl,51189,1066.4375,1569895.5794270833,1.1748974877350502,48
properly,51069,1063.9375,985937.8502604166,0.9332728959985838,48
perfect,51059,1063.7291666666667,1213782.5308159722,1.035712872341664,48
instructor,51024,1063.0,13136765.666666666,3.409659114835502,48
converge,50995,1062.3958333333333,1465417.572482639,1.1394475496062377,48
gad,50975,1061.9791666666667,5138501.812065971,2.1345299848030335,48
surprising,50892,1060.25,2071125.6458333333,1.3573596725263275,48
reinforcement,50871,1059.8125,2842884.90234375,1.5909282771007625,48
chao,50820,1058.75,9929082.6875,2.9761933391213087,48
periodic,50774,1057.7916666666667,858170.7482638886,0.8757632408052825,48
physic,50769,1057.6875,3513177.1731770835,1.7721180712806341,48
auto,50715,1056.5625,2657539.62109375,1.5429245226690034,48
dioxide,50705,1056.3541666666667,2246976.187065972,1.419023818698569,48
swim,50605,1054.2708333333333,2828520.114149306,1.5952451903441867,48
rho,50587,1053.8958333333333,1790939.1766493057,1.2698216602293435,48
proposal,50587,1053.8958333333333,3113251.0099826385,1.6742078786232255,48
bit,50573,1053.6041666666667,1953313.155815972,1.3265036768116196,48
unaffected,50560,1053.3333333333333,1430984.0972222222,1.1356684891731887,48
digit,50549,1053.1041666666667,6376410.718315973,2.397821281996061,48
calibrate,50537,1052.8541666666667,1125240.1662326388,1.0075216632749238,48
congruent,50443,1050.8958333333333,13857666.593315976,3.542300366107687,48
mechanisms,50343,1048.8125,1569160.6106770833,1.194361633778555,48
pharmacy,50335,1048.6458333333333,8915176.812065972,2.847319122565606,48
tian,50317,1048.2708333333333,2216568.5308159725,1.4202574604273428,48
silver,50283,1047.5625,2121263.49609375,1.390328309353839,48
investigated,50237,1046.6041666666667,1133269.8641493055,1.0171481433704848,48
maker,50220,1046.25,3285851.3958333335,1.73256081646304,48
procedural,50184,1045.5,4699799.5,2.073555329027166,48
flavor,50183,1045.4791666666667,7978785.749565973,2.701798888253058,48
arabia,50166,1045.125,3011189.4427083335,1.6603544218361204,48
ak,50097,1043.6875,2555581.4231770835,1.5317023519093138,48
urbanization,50059,1042.8958333333333,9447194.468315974,2.947206018004763,48
gmbh,50054,1042.7916666666667,1753179.2482638888,1.269742361285283,48
dedicate,50031,1042.3125,1102196.71484375,1.0072368589683813,48
finite,50003,1041.7291666666667,3070867.6141493055,1.6821926198778712,48
altogether,49999,1041.6458333333333,2293622.895399306,1.4539213923218297,48
pole,49972,1041.0833333333333,948721.1180555556,0.9355861627574898,48
ding,49960,1040.8333333333333,1971229.763888889,1.3489238446705614,48
cargo,49955,1040.7291666666667,3422666.5724826385,1.777643097067817,48
closer,49935,1040.3125,1130798.08984375,1.022183146795068,48
occupation,49898,1039.5416666666667,5772317.164930556,2.3111769183565234,48
informal,49890,1039.375,6432116.234375,2.4400834280003854,48
sweet,49867,1038.8958333333333,9591791.75998264,2.98110907301402,48
angular,49865,1038.8541666666667,1854641.541232639,1.3109176342297013,48
corporate,49834,1038.2083333333333,10480145.706597222,3.1181654121718716,48
win,49827,1038.0625,4408066.30859375,2.022556008721973,48
directional,49805,1037.6041666666667,1131537.2391493055,1.0251861222012522,48
corresponds,49702,1035.4583333333333,896264.9565972224,0.9142933908797576,48
lean,49695,1035.3125,2919351.7565104165,1.6503336534920123,48
sz,49680,1035.0,2997119.5833333335,1.672675462042581,48
ui,49673,1034.8541666666667,4806571.499565972,2.1185491834616266,48
ot,49631,1033.9791666666667,3757225.645399306,1.8746571414332525,48
dashed,49627,1033.8958333333333,1095453.5933159722,1.0123255708245358,48
cruz,49618,1033.7083333333333,2221518.164930556,1.4418726929399686,48
normative,49616,1033.6666666666667,8194993.638888887,2.76945172262762,48
presumably,49614,1033.625,1811634.859375,1.3021839238324833,48
pull,49610,1033.5416666666667,1099743.9565972222,1.0146536041894794,48
unilateral,49602,1033.375,3128689.9010416665,1.7116828902255818,48
stepwise,49595,1033.2291666666667,1168540.968315972,1.0462255320365634,48
labeling,49573,1032.7708333333333,1539947.1349826392,1.2015696265245637,48
incorrect,49571,1032.7291666666667,4540186.905815973,2.0632432037484163,48
mission,49465,1030.5208333333333,3086396.1245659725,1.7047828056279801,48
driving,49425,1029.6875,1772716.1315104167,1.2930465437210077,48
bibliometric,49414,1029.4583333333333,1883981.7065972222,1.3333051825897286,48
twin,49411,1029.3958333333333,920693.4891493056,0.9321270901835708,48
asp,49385,1028.8541666666667,2425775.9162326385,1.513810520929844,48
eb,49376,1028.6666666666667,1465370.1388888888,1.1767900878159308,48
usefulness,49371,1028.5625,3444865.0794270835,1.8044939157579696,48
potency,49358,1028.2916666666667,5133321.414930556,2.203347071304367,48
tokyo,49338,1027.875,1546931.2760416667,1.2100274060537513,48
smartphone,49328,1027.6666666666667,6929760.805555556,2.561573679465762,48
posit,49269,1026.4375,7858416.454427083,2.731083698276006,48
irrespective,49264,1026.3333333333333,1531960.4722222222,1.205966782637995,48
postulate,49231,1025.6458333333333,2062016.4370659722,1.40006642653091,48
strike,49178,1024.5416666666667,4590460.914930555,2.09121421207419,48
yw,49122,1023.375,1422491.8177083333,1.1654404436180443,48
reversible,49107,1023.0625,1329853.3919270833,1.1271967206837408,48
sec,49062,1022.125,1743907.234375,1.2919856169239834,48
propagate,49041,1021.6875,1443726.9231770833,1.1760463754172525,48
fo,49014,1021.125,1844273.609375,1.3299452626398294,48
topography,49009,1021.0208333333334,3370152.687065972,1.798002059935011,48
disk,48947,1019.7291666666666,2619817.5308159725,1.587269534531572,48
wb,48915,1019.0625,2339161.2252604165,1.5008222433901075,48
encapsulate,48864,1018.0,2751030.0416666665,1.629295614292025,48
socially,48851,1017.7291666666666,8327852.197482639,2.8355302409811527,48
ascertain,48839,1017.4791666666666,1110197.0828993057,1.0355582080276675,48
invade,48814,1016.9583333333334,3919419.456597222,1.9467389249427611,48
aps,48811,1016.8958333333334,4289378.301649306,2.036670192755248,48
dust,48804,1016.75,3459480.5625,1.8293266711266745,48
hierarchy,48779,1016.2291666666666,3386922.0099826385,1.8109686940174168,48
constitutive,48775,1016.1458333333334,2896517.9162326395,1.6748737225365269,48
multiply,48760,1015.8333333333334,876753.8055555555,0.9217568425809576,48
probable,48707,1014.7291666666666,1248613.3224826392,1.1011940055883227,48
tunnel,48689,1014.3541666666666,8458004.270399304,2.867109848610601,48
google,48649,1013.5208333333334,1582341.2078993057,1.241130330421194,48
timeline,48632,1013.1666666666666,1453119.1805555553,1.1897883842690484,48
huge,48480,1010.0,916064.0833333334,0.9476360070698238,48
hyper,48480,1010.0,1346992.4583333333,1.1491089528347966,48
love,48466,1009.7083333333334,11236440.99826389,3.319849890858879,48
ye,48448,1009.3333333333334,2050364.5972222227,1.4186685173776574,48
fatal,48419,1008.7291666666666,2461244.4474826395,1.5552592620361938,48
expensive,48405,1008.4375,699344.8294270834,0.8292714179795191,48
conference,48338,1007.0416666666666,1393681.9565972222,1.1722882141353308,48
categorization,48320,1006.6666666666666,6143350.555555553,2.4621639075024166,48
king,48275,1005.7291666666666,1274929.9891493055,1.1226958655823742,48
kp,48264,1005.5,3161791.5,1.7684164204953816,48
coincide,48242,1005.0416666666666,1224392.5815972222,1.1009720094897946,48
korean,48224,1004.6666666666666,3105160.5138888895,1.7539614109960775,48
deng,48211,1004.3958333333334,1792541.197482639,1.3329985299218983,48
homogenize,48201,1004.1875,3294218.27734375,1.80742953684211,48
profit,48084,1001.75,2972409.9375,1.7210559979713358,48
permutation,48066,1001.375,1726626.609375,1.3122073622282828,48
stereotype,48045,1000.9375,18217746.30859375,4.264227480958873,48
disappear,48032,1000.6666666666666,1190463.8472222222,1.090356890182282,48
delete,48028,1000.5833333333334,2228547.7847222225,1.4919618244159065,48
inversely,48020,1000.4166666666666,1435950.6180555553,1.1978124811572874,48
confounding,48007,1000.1458333333334,1929633.9578993053,1.3889101018732817,48
bottle,48002,1000.0416666666666,3860608.1649305546,1.9647611731937535,48
redundant,47988,999.75,2743224.3125,1.6566823591691662,48
pick,47942,998.7916666666666,2036658.7482638888,1.4288420517874818,48
wait,47921,998.3541666666666,2822510.9787326385,1.682802641741235,48
reciprocal,47872,997.3333333333334,2762333.722222222,1.6664709144643395,48
fw,47842,996.7083333333334,7723694.123263891,2.788331749085116,48
rl,47811,996.0625,1619228.4752604167,1.2775193188173768,48
matching,47808,996.0,1429005.5,1.2002110247482964,48
taylor,47797,995.7708333333334,2082958.8433159722,1.4493755909330126,48
downward,47778,995.375,1407555.9427083333,1.191917245838753,48
aggravate,47769,995.1875,2168790.1940104165,1.4798028452992382,48
vacuum,47635,992.3958333333334,1854429.1141493057,1.3722087563561827,48
appreciate,47621,992.1041666666666,1645793.509982639,1.2930949007607968,48
refinement,47607,991.8125,675290.1106770834,0.828544077662625,48
cis,47606,991.7916666666666,2288203.998263889,1.5252004163864639,48
reversal,47604,991.75,1238124.8125,1.1219667960269037,48
horizon,47541,990.4375,1163402.62109375,1.0890252357485444,48
endemic,47521,990.0208333333334,3131166.395399306,1.7873464414507663,48
porous,47488,989.3333333333334,5178460.013888889,2.3001580134844626,48
pci,47432,988.1666666666666,17267363.180555556,4.205162779923815,48
fashion,47411,987.7291666666666,1681497.7391493053,1.3128353602882985,48
penetrate,47387,987.2291666666666,1394776.3016493057,1.1962840221075526,48
ah,47386,987.2083333333334,1559400.4565972222,1.264940261345828,48
territory,47256,984.5,1443456.1666666667,1.2203547043133633,48
transcribe,47253,984.4375,1878380.2044270833,1.392206325059214,48
jp,47203,983.3958333333334,1625907.072482639,1.2966402425559311,48
tongue,47168,982.6666666666666,1259371.1805555557,1.1420119565474853,48
obstruction,47139,982.0625,2875727.43359375,1.7267709444952337,48
tablet,47138,982.0416666666666,2864549.8315972225,1.723448364072942,48
subtract,47104,981.3333333333334,1214442.4305555557,1.1229797247893163,48
jb,47071,980.6458333333334,1132143.0203993057,1.0850217883515976,48
fang,47052,980.25,1655506.6041666667,1.3125885389055783,48
convergent,47030,979.7916666666666,9008277.664930554,3.0632831405450673,48
irb,47023,979.6458333333334,1578489.1870659722,1.2824832744639536,48
confine,47020,979.5833333333334,958298.7430555554,0.9993303374835106,48
monkey,46992,979.0,2917239.4166666665,1.7446300341763916,48
irrelevant,46964,978.4166666666666,5307505.868055555,2.354623095403196,48
surge,46959,978.3125,2229356.5065104165,1.5262024958332394,48
estimated,46958,978.2916666666666,1006170.3315972224,1.0253388181448093,48
trail,46934,977.7916666666666,2080871.4982638888,1.4752862653482797,48
dynamically,46932,977.75,825421.0208333334,0.9292015760764482,48
mac,46914,977.375,5713777.734375,2.4456845782692818,48
recycle,46904,977.1666666666666,1472747.347222222,1.2419253180818006,48
situate,46859,976.2291666666666,1509330.3016493053,1.2584627545237743,48
manufacture,46857,976.1875,1518403.15234375,1.262293384392742,48
yr,46850,976.0416666666666,3856255.164930556,2.011937677262018,48
supervisor,46845,975.9375,15159124.975260416,3.989468687964592,48
invest,46838,975.7916666666666,3840175.7482638895,2.008253097188068,48
valley,46818,975.375,3415096.2760416665,1.8946537589985921,48
asset,46807,975.1458333333334,3446255.0412326395,1.903724669591,48
generator,46755,974.0625,4284124.016927083,2.124927872686161,48
impossible,46734,973.625,1436458.9010416667,1.2309910221187297,48
cca,46688,972.6666666666666,2440410.7638888895,1.6060809581545343,48
sam,46685,972.6041666666666,2120015.739149306,1.4970400421810524,48
qc,46684,972.5833333333334,1699657.9930555553,1.3404602732591633,48
navigate,46620,971.25,3298447.2291666665,1.869923064160308,48
retrospectively,46586,970.5416666666666,3425601.164930556,1.9070154599974871,48
nuanced,46554,969.875,2910840.734375,1.759111861566221,48
constantly,46534,969.4583333333334,1625896.8315972222,1.315277358838235,48
repeatedly,46534,969.4583333333334,1696592.0815972222,1.3435677466347895,48
entail,46524,969.25,3241163.2708333335,1.8574393621753842,48
pakistan,46492,968.5833333333334,2144921.2847222225,1.5120588265216122,48
analytic,46444,967.5833333333334,4302338.159722221,2.1436994289054865,48
quick,46432,967.3333333333334,999209.9722222224,1.0333613798025068,48
immersion,46416,967.0,2071649.9583333333,1.488441306035348,48
temporary,46404,966.75,1163528.0625,1.1157688956326717,48
saw,46403,966.7291666666666,2568589.3641493055,1.6578396347461837,48
shapiro,46321,965.0208333333334,1082690.728732639,1.0782402003515148,48
surpass,46253,963.6041666666666,839716.822482639,0.9509720605899293,48
exacerbation,46249,963.5208333333334,3951240.0412326385,2.0630302577958535,48
wilson,46201,962.5208333333334,2237059.707899305,1.5539199752451827,48
fidelity,46156,961.5833333333334,994409.7430555555,1.0370405971391765,48
confirmatory,46155,961.5625,11973560.454427084,3.5986046575916792,48
recommended,46146,961.375,1471551.6510416667,1.261812806276215,48
algorithms,46141,961.2708333333334,717567.8224826389,0.8812227744049024,48
aged,46115,960.7291666666666,2465405.6141493055,1.6343430280206526,48
demonstration,46091,960.2291666666666,1263731.9683159722,1.170718800018221,48
synchronization,46078,959.9583333333334,3354125.7482638895,1.907819516654186,48
generic,46016,958.6666666666666,1625429.3888888888,1.3298921635458048,48
surrogate,45925,956.7708333333334,1338731.384982639,1.2093132043604364,48
kc,45896,956.1666666666666,3286676.2638888895,1.8960285156188108,48
soon,45855,955.3125,1051996.08984375,1.0736472162234918,48
vice,45848,955.1666666666666,1713151.9305555553,1.3703098576055992,48
breath,45847,955.1458333333334,2228661.3328993055,1.5629761592664952,48
priming,45831,954.8125,7366964.444010417,2.842668328922356,48
annually,45805,954.2708333333334,1242357.1141493055,1.1680234862473087,48
blend,45770,953.5416666666666,1533702.5815972222,1.2987659653351842,48
dropout,45753,953.1875,2194426.9856770835,1.5541116972402254,48
elaborate,45683,951.7291666666666,2324602.5724826395,1.6019943429401717,48
shenzhen,45617,950.3541666666666,1275243.5203993057,1.1882589103821617,48
specialize,45594,949.875,1081284.359375,1.0947211355459148,48
catalog,45581,949.6041666666666,2072550.3224826392,1.5160374533283731,48
bg,45563,949.2291666666666,1619397.968315972,1.340620082552713,48
quarter,45515,948.2291666666666,1198809.259982639,1.154680242534412,48
yao,45505,948.0208333333334,1577133.8120659727,1.3246965034689524,48
augmentation,45472,947.3333333333334,1430967.5972222222,1.2627346009344966,48
reliably,45437,946.6041666666666,1496421.6974826388,1.2922858427237145,48
scaling,45426,946.375,1169892.734375,1.142904026363749,48
resist,45425,946.3541666666666,1602072.3537326388,1.3374802091112115,48
deepen,45398,945.7916666666666,1926098.7065972222,1.4673840247872756,48
him,45392,945.6666666666666,7212598.138888887,2.839930988634814,48
scc,45389,945.6041666666666,5046676.697482639,2.375709665650084,48
continuum,45382,945.4583333333334,2335740.0399305555,1.616478224782783,48
measured,45356,944.9166666666666,899433.326388889,1.003670081460261,48
hsd,45318,944.125,2100531.1510416665,1.5350943228412652,48
instructional,45295,943.6458333333334,14950431.22873264,4.097489347443075,48
ambiguous,45278,943.2916666666666,3992897.0815972225,2.11835167425563,48
hs,45261,942.9375,1421354.4752604167,1.264352853201013,48
flash,45254,942.7916666666666,1646519.5399305557,1.3610300353819458,48
ridge,45240,942.5,3977439.0,2.116023102797725,48
us,45235,942.3958333333334,1195502.2808159722,1.1602240062421176,48
asymmetric,45208,941.8333333333334,785897.2638888889,0.9412583274075332,48
shoulder,45176,941.1666666666666,1829302.6388888888,1.4370644404497088,48
belt,45141,940.4375,5434442.287760417,2.4788346155370795,48
polarity,45079,939.1458333333334,1328756.5412326388,1.2274100408481268,48
thirty,45073,939.0208333333334,1144246.7703993055,1.1391597193570435,48
appropriately,45049,938.5208333333334,1312592.5412326388,1.2207340217084404,48
leading,45019,937.8958333333334,1260043.0099826388,1.1968454642219355,48
facet,44997,937.4375,8156083.537760417,3.0464812546255993,48
sin,44983,937.1458333333334,2362375.624565972,1.6400885543744539,48
python,44980,937.0833333333334,659416.0347222221,0.8665657858368426,48
eating,44947,936.3958333333334,6199538.572482638,2.659011469684923,48
tooth,44943,936.3125,2302515.9231770835,1.6206174086168021,48
ups,44909,935.6041666666666,993773.4891493056,1.065495343827151,48
minimally,44893,935.2708333333334,1650608.5308159722,1.3736770789169679,48
pin,44892,935.25,5652665.9375,2.542136950369707,48
convey,44868,934.75,4695770.229166667,2.3182375987043993,48
los,44858,934.5416666666666,963866.373263889,1.0505331114323313,48
underline,44815,933.6458333333334,1306199.8953993055,1.2241162380419195,48
accommodate,44810,933.5416666666666,816930.9149305555,0.9681863581710586,48
controller,44810,933.5416666666666,4007001.4149305564,2.1442530740113592,48
keyword,44800,933.3333333333334,1234934.0555555555,1.1906527160789253,48
extracted,44767,932.6458333333334,1390046.8953993057,1.2641481450175602,48
extremity,44755,932.3958333333334,2216701.6974826385,1.596810217373264,48
redundancy,44753,932.3541666666666,2390753.312065972,1.6583892237438655,48
hydraulic,44714,931.5416666666666,5953780.956597223,2.619353667473984,48
rotate,44712,931.5,872606.4583333334,1.0028277710301896,48
better,44694,931.125,1206091.359375,1.1794570096115915,48
jh,44688,931.0,1200031.25,1.1766480972349513,48
segregation,44638,929.9583333333334,2157007.998263889,1.5792918248333119,48
bypass,44629,929.7708333333334,1895238.259982639,1.4806621993731246,48
flank,44625,929.6875,2702303.33984375,1.7681945891437754,48
familial,44591,928.9791666666666,1485314.1453993057,1.3119074065685856,48
continuity,44588,928.9166666666666,1916515.5347222222,1.490319612774177,48
southeast,44566,928.4583333333334,1926021.0399305557,1.4947483922506852,48
historically,44565,928.4375,811567.1627604166,0.9703078831480089,48
scr,44562,928.375,1501650.484375,1.3199606770610859,48
thomas,44548,928.0833333333334,1376423.201388889,1.2641220847080652,48
suppose,44545,928.0208333333334,1798297.937065972,1.4450174682570316,48
jackson,44515,927.3958333333334,1862418.489149306,1.4715448288123552,48
consolidation,44404,925.0833333333334,1297207.8263888888,1.2311867231288514,48
internalize,44402,925.0416666666666,4523405.123263889,2.2991719249500404,48
aspiration,44377,924.5208333333334,2060490.4162326392,1.5526322307832006,48
jointly,44262,922.125,1339834.5260416667,1.255266058515293,48
command,44241,921.6875,1375500.58984375,1.2724674824800482,48
rear,44189,920.6041666666666,1816580.8224826388,1.4640450020635476,48
un,44167,920.1458333333334,988443.1245659721,1.0804860859236036,48
kang,44159,919.9791666666666,1604268.187065972,1.3767671436126094,48
covariate,44144,919.6666666666666,1825025.9305555557,1.4689400571646207,48
cui,44123,919.2291666666666,1608057.3849826388,1.3795167423131784,48
davis,44066,918.0416666666666,1968690.4149305553,1.5283623148985868,48
tx,44043,917.5625,1217054.99609375,1.2023182677887145,48
gf,44032,917.3333333333334,1584025.7638888888,1.3719994765326846,48
affiliation,44005,916.7708333333334,2669913.176649305,1.7823286220460126,48
navigation,43998,916.625,1471865.6927083333,1.3235562198632689,48
chongqing,43942,915.4583333333334,1292790.7065972222,1.242011246297971,48
vegetative,43941,915.4375,16580273.204427084,4.448024209268916,48
bai,43888,914.3333333333334,1467711.3055555553,1.3249996601776581,48
anatomy,43860,913.75,1293055.8541666667,1.2444608899536773,48
jun,43855,913.6458333333334,2525075.645399306,1.7392392133948933,48
sophisticated,43843,913.3958333333334,828072.1141493056,0.9962654139269913,48
cw,43824,913.0,1262139.0416666667,1.2305034138877187,48
ownership,43790,912.2916666666666,3746336.914930556,2.121630294611952,48
interpretability,43782,912.125,923283.484375,1.0534481729205094,48
profession,43764,911.75,5555232.895833333,2.5850881891944377,48
overfitting,43743,911.3125,921257.6731770834,1.053230026165325,48
slip,43723,910.8958333333334,9783067.676649304,3.4337511148054776,48
norway,43715,910.7291666666666,1357178.4058159722,1.2791728265258058,48
plain,43660,909.5833333333334,1572300.7847222222,1.378558884708547,48
fossil,43636,909.0833333333334,3777655.9513888895,2.1379990376193354,48
war,43635,909.0625,2981557.55859375,1.8994499563712215,48
exam,43588,908.0833333333334,3773845.9930555555,2.139273846049624,48
comfort,43548,907.25,3228801.8541666665,1.9805860695023825,48
iterative,43542,907.125,791051.4010416666,0.9804720456017346,48
heating,43536,907.0,2024550.4583333333,1.568761836237582,48
dip,43536,907.0,3171308.4166666665,1.9634143148579886,48
shrinkage,43509,906.4375,1733680.2877604167,1.4526020117418708,48
aesthetic,43507,906.3958333333334,7841678.030815974,3.089488642097615,48
willing,43481,905.8541666666666,5488594.874565973,2.5862607065591137,48
backward,43475,905.7291666666666,1567602.2391493053,1.3823549890529283,48
taxonomy,43475,905.7291666666666,4463416.614149305,2.33257361906097,48
collision,43463,905.4791666666666,1313588.416232639,1.2657594909734422,48
assemblage,43445,905.1041666666666,7012016.426649306,2.9256535612514187,48
sibling,43426,904.7083333333334,4105360.9982638885,2.239582603792042,48
fi,43390,903.9583333333334,1123302.3732638888,1.1724651033680142,48
github,43277,901.6041666666666,1787004.3641493057,1.4826781807197738,48
rms,43273,901.5208333333334,1383271.9995659722,1.3046019569771814,48
posse,43260,901.25,1633372.6041666667,1.418068976085217,48
shortage,43221,900.4375,2185806.5377604165,1.6419211107993594,48
membership,43212,900.25,3516708.5208333335,2.083075719666171,48
england,43212,900.25,1115727.5625,1.1733185878854675,48
khan,43183,899.6458333333334,1727930.1453993057,1.4611389492860807,48
zeng,43179,899.5625,1518574.74609375,1.369893307299993,48
settlement,43167,899.3125,4351857.923177083,2.319672768812719,48
omit,43158,899.125,1047404.859375,1.1382488466349663,48
topological,43155,899.0625,1363716.1419270833,1.2988892037716946,48
lai,43155,899.0625,2868706.2252604165,1.8838796479953357,48
sy,43142,898.7916666666666,1398840.7899305553,1.3159067260849409,48
policymakers,43130,898.5416666666666,3799984.9982638895,2.1694653608278656,48
teeth,43121,898.3541666666666,2072932.4370659722,1.602673246341486,48
ash,43076,897.4166666666666,2414433.8680555555,1.7314642393704236,48
invariance,43069,897.2708333333334,17027681.239149306,4.59890252781867,48
med,43050,896.875,2153823.609375,1.636338498293214,48
fluctuate,43014,896.125,921704.4010416666,1.0713397952324444,48
contaminant,43009,896.0208333333334,3064574.4787326385,1.953740965328389,48
nash,43002,895.875,3251066.234375,2.0126371800642957,48
outdoor,42988,895.5833333333334,4060790.659722222,2.250086934763825,48
continued,42946,894.7083333333334,840116.8315972221,1.0244443239082621,48
advantageous,42924,894.25,973468.6458333334,1.1033213831317252,48
convenient,42923,894.2291666666666,863025.5933159724,1.0388743093073523,48
bh,42901,893.7708333333334,1013344.1349826389,1.1262953757128922,48
educate,42899,893.7291666666666,3350737.4474826385,2.0481618305177465,48
periphery,42864,893.0,2255592.375,1.6818174335012306,48
bee,42859,892.8958333333334,4777067.551649306,2.4478223451135794,48
pea,42854,892.7916666666666,7129552.998263888,2.9907562774282197,48
fg,42837,892.4375,1083737.8294270833,1.1664988251125001,48
tv,42817,892.0208333333334,1195527.8953993057,1.2257583474183857,48
edition,42782,891.2916666666666,2150637.9149305555,1.64537086540818,48
apparently,42769,891.0208333333334,1089470.6453993055,1.1714396186717182,48
targeting,42757,890.7708333333334,3366144.384982638,2.059682987147552,48
symmetry,42754,890.7083333333334,1714344.664930556,1.4699872049830482,48
fractional,42741,890.4375,1221220.6627604167,1.2410624346337278,48
exactly,42702,889.625,1757225.609375,1.490070384636705,48
src,42686,889.2916666666666,2786890.1232638885,1.8772222822001463,48
extinction,42648,888.5,1542783.1666666667,1.3979608646185102,48
empirically,42596,887.4166666666666,4735437.784722223,2.4521807937288362,48
alcoholic,42590,887.2916666666666,2372860.539930556,1.7360798818610153,48
unified,42567,886.8125,908358.2356770834,1.0747235685341494,48
fight,42560,886.6666666666666,1741205.597222222,1.4882114629457401,48
straight,42558,886.625,679389.7760416666,0.9296501220407779,48
hypothetical,42557,886.6041666666666,2426903.5308159715,1.7571000406134996,48
distortion,42522,885.875,1248162.4010416667,1.261139424030434,48
xi,42510,885.625,885234.9427083334,1.062378826778443,48
pcc,42480,885.0,1671856.8333333333,1.4610203718956736,48
intensify,42478,884.9583333333334,1230984.6649305555,1.2537284991568478,48
stance,42460,884.5833333333334,3351485.8263888885,2.0695691458654104,48
ultimate,42449,884.3541666666666,856726.5203993056,1.0466340972998018,48
fed,42444,884.25,1942252.5208333333,1.5760782595331393,48
rigid,42440,884.1666666666666,782731.0555555556,1.000626832795352,48
simpson,42437,884.1041666666666,4920713.009982639,2.5090573079022787,48
yc,42402,883.375,1361179.1510416667,1.3207254294863426,48
happy,42400,883.3333333333334,12973368.88888889,4.0775731828610695,48
lda,42390,883.125,3254484.4427083335,2.0427674107388905,48
quadrant,42381,882.9375,915726.05859375,1.0838091769061842,48
someone,42349,882.2708333333334,7549825.114149306,3.1143435837071642,48
drain,42343,882.1458333333334,2711321.5828993055,1.8665951301802834,48
io,42342,882.125,1399032.8177083333,1.3408611896187836,48
archive,42340,882.0833333333334,1742301.9097222222,1.4964151279003988,48
gratitude,42327,881.8125,4975076.194010417,2.5294355461132243,48
fulfil,42325,881.7708333333334,1557004.3016493053,1.4151066661651919,48
inappropriate,42321,881.6875,1426075.83984375,1.3544301958857081,48
comparatively,42302,881.2916666666666,877286.623263889,1.0627988850750123,48
emit,42293,881.1041666666666,1019158.3849826389,1.1457598142464356,48
jz,42288,881.0,1175693.8333333333,1.230753874748733,48
justify,42256,880.3333333333334,1634657.3472222222,1.4523330447496867,48
hardware,42250,880.2083333333334,2359190.039930555,1.745002233262136,48
openness,42199,879.1458333333334,9266613.332899306,3.4625782658509343,48
freely,42176,878.6666666666666,1220704.8472222222,1.257422372904985,48
facilitator,42144,878.0,4180899.875,2.32884383805002,48
violation,42137,877.8541666666666,6845688.541232638,2.980479871833925,48
poland,42137,877.8541666666666,1352952.7912326388,1.3250093614564469,48
choi,42127,877.6458333333334,1566510.7703993057,1.426091519404172,48
tom,42124,877.5833333333334,6026216.826388888,2.7972675685177544,48
opt,42111,877.3125,897322.2565104166,1.0797417704682446,48
garcía,42095,876.9791666666666,1781341.437065972,1.5218936632220708,48
symbiotic,42083,876.7291666666666,7667843.155815974,3.158429269925966,48
disagreement,42079,876.6458333333334,1551918.6453993053,1.4210530874161615,48
mono,42045,875.9375,1841548.3502604167,1.549239079371654,48
budget,42032,875.6666666666666,2122753.638888889,1.6638377706215126,48
iq,42031,875.6458333333334,3358657.9787326385,2.0929285623776113,48
irreversible,42018,875.375,1037622.9427083334,1.1636587608594755,48
ancient,42000,875.0,1993961.1666666667,1.6138021694671472,48
ineffective,41997,874.9375,1097733.7252604167,1.197488834379636,48
vc,41950,873.9583333333334,1174200.7899305555,1.239882288755801,48
pu,41949,873.9375,1065949.7669270833,1.1813755938605817,48
clip,41937,873.6875,2065815.2981770833,1.6450898483062217,48
gps,41933,873.6041666666666,1149327.1974826388,1.2271768252671176,48
incremental,41929,873.5208333333334,1800859.707899306,1.536266899724738,48
aging,41910,873.125,1682225.5677083333,1.4854761768576856,48
iran,41831,871.4791666666666,1618202.8328993053,1.459686088858222,48
superficial,41807,870.9791666666666,1028141.5203993056,1.1641761074679902,48
hygiene,41719,869.1458333333334,4239541.041232639,2.369009320615577,48
gulf,41716,869.0833333333334,14407237.951388888,4.367460070448854,48
assistant,41675,868.2291666666666,2986725.5099826395,1.9905050536404472,48
phrase,41650,867.7083333333334,10182710.789930558,3.6775444964113086,48
deleterious,41641,867.5208333333334,1250432.5412326388,1.288991995779502,48
wherein,41641,867.5208333333334,936804.791232639,1.1156928208732417,48
dramatic,41623,867.1458333333334,905113.6245659721,1.0971333319293726,48
coherent,41614,866.9583333333334,2152235.4982638885,1.6921804358828212,48
grasp,41576,866.1666666666666,3420803.7638888895,2.1353182616793105,48
adjusted,41553,865.6875,1220586.1731770833,1.2762127418761684,48
versa,41541,865.4375,1392109.9544270833,1.3633302149867552,48
salient,41524,865.0833333333334,7696489.951388889,3.206922083980792,48
sac,41520,865.0,1200287.75,1.2665623658297034,48
canadian,41517,864.9375,1068495.43359375,1.19509274117467,48
destroy,41508,864.75,1219527.8125,1.277042303318278,48
york,41499,864.5625,810803.74609375,1.0415052872326198,48
municipal,41475,864.0625,1138482.30859375,1.2348607472012654,48
structurally,41435,863.2291666666666,1167646.384982639,1.251784482896478,48
moderator,41424,863.0,10460762.541666666,3.747752272429118,48
marketing,41402,862.5416666666666,3828545.164930556,2.268489658405583,48
mobilization,41397,862.4375,1298483.5794270833,1.3212670328558989,48
david,41372,861.9166666666666,992928.7430555556,1.156095638398629,48
var,41371,861.8958333333334,3859413.218315972,2.2793229260184926,48
added,41267,859.7291666666666,802889.572482639,1.0422364273233164,48
crt,41246,859.2916666666666,3737677.7482638895,2.249885037240033,48
prevents,41244,859.25,1649013.1875,1.4944883144285581,48
lewis,41220,858.75,1767725.4375,1.548248456274189,48
inherently,41209,858.5208333333334,972239.8745659724,1.1485128959379092,48
sharma,41196,858.25,1901461.5625,1.6066821296041267,48
quasi,41194,858.2083333333334,1285885.248263889,1.3213211290033215,48
mixing,41185,858.0208333333334,4095051.3953993055,2.358478086736238,48
sequentially,41177,857.8541666666666,926351.041232639,1.1219521418580831,48
dimensionality,41165,857.6041666666666,1139693.2808159722,1.2448215885797378,48
float,41129,856.8541666666666,5004561.707899306,2.610815073176941,48
remains,41099,856.2291666666666,889067.593315972,1.1012283228147328,48
autumn,41086,855.9583333333334,4150714.9565972215,2.3801746779547495,48
cz,41059,855.3958333333334,1066449.947482639,1.2072663843952436,48
cook,41052,855.25,1781874.3958333333,1.5607935470556653,48
noticeable,41045,855.1041666666666,597885.8849826389,0.9042533527326011,48
breathe,41016,854.5,2159653.25,1.7198079276647826,48
gg,40983,853.8125,1228357.8606770833,1.2980754788602866,48
professor,40971,853.5625,2005568.74609375,1.6591415893247523,48
pertain,40953,853.1875,1777777.1940104167,1.5627668178689385,48
jw,40926,852.625,992528.4427083334,1.1684588384605274,48
gauge,40924,852.5833333333334,917067.1180555556,1.1232171406574014,48
nj,40886,851.7916666666666,1948918.0399305553,1.6389413061973372,48
extrinsic,40855,851.1458333333334,2817213.624565972,1.9719954682183243,48
john,40851,851.0625,1643618.8919270833,1.5063958390808554,48
compile,40844,850.9166666666666,797276.9930555556,1.0493432803759368,48
familiarity,40831,850.6458333333334,7418036.353732642,3.201811053656729,48
ann,40822,850.4583333333334,762345.2899305555,1.026650964997227,48
clamp,40810,850.2083333333334,2192186.2065972225,1.7414594366494394,48
neuro,40801,850.0208333333334,1746405.312065972,1.554686945249647,48
accident,40781,849.6041666666666,2580184.7808159725,1.8906396910089949,48
injured,40766,849.2916666666666,1672550.2899305553,1.5227644512019483,48
vd,40749,848.9375,1579862.6419270833,1.4805870511108055,48
ji,40722,848.375,1122893.484375,1.2490545873083942,48
coarse,40716,848.25,1958135.4791666667,1.6496716077354316,48
raman,40713,848.1875,2091891.8190104167,1.7052094976278676,48
brazilian,40682,847.5416666666666,957485.123263889,1.1545293008435806,48
cessation,40674,847.375,1676903.109375,1.5281934646731923,48
mar,40672,847.3333333333334,1511745.9305555557,1.4510591383704674,48
finish,40648,846.8333333333334,1827329.347222222,1.5962851373069478,48
hy,40611,846.0625,1940107.7669270833,1.6463056963917426,48
ul,40565,845.1041666666666,2451259.0516493055,1.8526115284270788,48
credibility,40563,845.0625,2373620.55859375,1.8231265567299377,48
indispensable,40542,844.625,1194141.359375,1.293790441675827,48
certainly,40539,844.5625,1106741.87109375,1.2456366455002328,48
identifier,40530,844.375,1038753.9010416666,1.207038068777116,48
xz,40525,844.2708333333334,950255.7391493054,1.1546183743191598,48
contains,40494,843.625,1092178.4010416667,1.2387890295453068,48
signify,40492,843.5833333333334,714084.9097222221,1.0017213657566524,48
campus,40448,842.6666666666666,3839219.8472222234,2.325228707386918,48
exit,40425,842.1875,627288.8606770834,0.9404267989211291,48
chatgpt,40408,841.8333333333334,2813731.055555556,1.9925772791424692,48
yy,40341,840.4375,1128145.7044270833,1.2637965772595887,48
sar,40338,840.375,1924230.6510416667,1.6506516861214036,48
arrive,40337,840.3541666666666,936701.0620659724,1.1516967693279205,48
filtering,40307,839.7291666666666,970283.5308159721,1.173032627336412,48
undergone,40302,839.625,1033112.609375,1.2105659935221895,48
fb,40299,839.5625,1220787.24609375,1.3160335458164043,48
qin,40271,838.9791666666666,1403915.5203993053,1.4122751288354254,48
bodily,40268,838.9166666666666,7481901.784722221,3.2605223301717086,48
cubic,40261,838.7708333333334,1217193.3433159722,1.315335265047643,48
sensing,40247,838.4791666666666,1200353.8328993057,1.306659304781844,48
attainment,40234,838.2083333333334,3523457.581597222,2.239404515211911,48
southwest,40233,838.1875,1849346.15234375,1.6224373072295113,48
eg,40204,837.5833333333334,855369.9930555555,1.1042031417408529,48
differentiated,40138,836.2083333333334,1518295.8732638888,1.473546056653889,48
button,40090,835.2083333333334,5240837.373263889,2.740977830181729,48
concordance,40081,835.0208333333334,1395580.5620659722,1.4147514408002488,48
terminate,39981,832.9375,719808.18359375,1.0185819476172753,48
ff,39966,832.625,647655.5260416666,0.9665461406387205,48
checklist,39955,832.3958333333334,2300374.6974826395,1.822088190671905,48
fellowship,39903,831.3125,1063291.9231770833,1.240400540131452,48
modal,39816,829.5,1650319.125,1.5487009898717168,48
offline,39787,828.8958333333334,3121785.2599826385,2.1315796052564124,48
berry,39749,828.1041666666666,10391833.968315972,3.8927913793746014,48
competent,39727,827.6458333333334,1910162.9787326392,1.669900823303228,48
remember,39718,827.4583333333334,6222402.581597224,3.0146223796447744,48
multifactorial,39703,827.1458333333334,1036221.1662326389,1.2306771671694632,48
empower,39682,826.7083333333334,3348369.706597222,2.2134228379891496,48
successive,39666,826.375,855463.9427083334,1.119241189420434,48
suboptimal,39613,825.2708333333334,991802.9058159721,1.2067468993664876,48
lock,39605,825.1041666666666,1299691.4266493057,1.3816923302036026,48
pack,39572,824.4166666666666,641507.576388889,0.9715253383395479,48
uncontrolled,39530,823.5416666666666,1416074.2899305553,1.4449653800970783,48
termination,39516,823.25,709128.4791666666,1.0228942193135582,48
sharing,39504,823.0,2854298.4583333335,2.052815207084118,48
val,39479,822.4791666666666,998114.4578993056,1.2146894713096759,48
broaden,39478,822.4583333333334,1426950.7899305557,1.4524145561536181,48
launch,39473,822.3541666666666,1209689.8120659722,1.3374517221763849,48
resulting,39469,822.2708333333334,645507.2808159721,0.9770925160054249,48
xy,39436,821.5833333333334,890488.0763888889,1.1485831314158612,48
handling,39432,821.5,531592.0416666666,0.8875271914154201,48
money,39420,821.25,5280584.9375,2.7981154773532464,48
orbital,39414,821.125,933570.359375,1.1766959329248574,48
twelve,39378,820.375,783898.6927083334,1.0792388060793048,48
breakthrough,39373,820.2708333333334,1638003.1558159722,1.5602712193870376,48
disturb,39368,820.1666666666666,701066.763888889,1.0208867675606244,48
residential,39351,819.8125,3563248.0690104165,2.302546944255722,48
ij,39340,819.5833333333334,886725.2013888889,1.148950735791749,48
uniformly,39325,819.2708333333334,553299.9058159721,0.9079309153545746,48
roll,39296,818.6666666666666,687541.5555555556,1.012843553932883,48
garcia,39295,818.6458333333334,1284669.2703993053,1.384521206563164,48
insufficiency,39285,818.4375,1894624.4544270833,1.6818065872352352,48
aerosol,39256,817.8333333333334,2324138.3888888885,1.8640870290649465,48
disperse,39239,817.4791666666666,1047250.916232639,1.2518395864175569,48
compact,39213,816.9375,611161.6419270834,0.9569499244691152,48
belonging,39194,816.5416666666666,2988796.8315972225,2.117238809752287,48
curvature,39130,815.2083333333334,802472.7899305554,1.098870582427716,48
wl,39102,814.625,1353850.5260416667,1.428326931511879,48
northeast,39099,814.5625,2468390.2877604165,1.9287791463516921,48
sad,39090,814.375,5432152.942708333,2.8619468326500583,48
mindset,39037,813.2708333333334,12412933.36414931,4.332135327657221,48
indicates,39015,812.8125,791023.02734375,1.094218843069196,48
atomic,39001,812.5208333333334,1659981.8328993057,1.5856858920961154,48
conditioning,38952,811.5,1277764.125,1.3929541485249033,48
reported,38947,811.3958333333334,829862.822482639,1.1227172132714507,48
tackle,38892,810.25,752515.0208333334,1.07062787592233,48
wilk,38826,808.875,712891.0677083334,1.0438309597249655,48
reasoning,38819,808.7291666666666,5346878.405815973,2.859216542032541,48
skew,38812,808.5833333333334,1536668.9513888888,1.533081958558162,48
sentiment,38801,808.3541666666666,2776441.1870659725,2.061306429677626,48
symbolic,38793,808.1875,7882623.360677083,3.4739475646597664,48
swedish,38754,807.375,1320034.4427083333,1.4230407412598323,48
focused,38742,807.125,1913079.9010416667,1.7136643225858237,48
ordinary,38741,807.1041666666666,1252672.6766493057,1.3867213850240627,48
sen,38689,806.0208333333334,974481.6037326389,1.2247305615773365,48
nearby,38676,805.75,679925.6875,1.0233646482418133,48
corp,38662,805.4583333333334,707664.2899305555,1.0444088934304123,48
warning,38602,804.2083333333334,1303911.248263889,1.4198924400893451,48
consult,38592,804.0,1138021.2083333333,1.3268417520358275,48
predefined,38497,802.0208333333334,535759.4370659721,0.912639507460886,48
complaint,38495,801.9791666666666,1913244.2703993053,1.7247339973916376,48
underestimate,38487,801.8125,717858.65234375,1.0566876877575817,48
pave,38482,801.7083333333334,914493.9149305556,1.1928175275630664,48
chengdu,38421,800.4375,1282288.5377604167,1.4147035822063183,48
readiness,38396,799.9166666666666,3223127.0763888895,2.2443674868053534,48
resilient,38367,799.3125,1521441.8815104167,1.543160431185609,48
entrepreneurship,38349,798.9375,12954965.80859375,4.505109271798061,48
fujian,38347,798.8958333333334,914234.9266493055,1.1968473106417858,48
loc,38345,798.8541666666666,5269809.91623264,2.873624187203557,48
swiss,38340,798.75,773500.1458333334,1.1010811525631756,48
compatibility,38334,798.625,1359049.1510416667,1.4597372165409361,48
ton,38312,798.1666666666666,2427652.5555555555,1.95208929011492,48
arrival,38310,798.125,823569.859375,1.1370493321813748,48
priori,38308,798.0833333333334,1488161.3680555557,1.5285398719044876,48
polarize,38305,798.0208333333334,4574311.437065972,2.680085416543945,48
diamond,38304,798.0,922709.9583333334,1.2037317410264023,48
renewal,38227,796.3958333333334,2076426.947482639,1.8093781814954273,48
ib,38167,795.1458333333334,1618439.7495659722,1.5999318375287652,48
beverage,38144,794.6666666666666,6000637.513888889,3.0825753414064163,48
overlay,38068,793.0833333333334,776420.3263888886,1.1110398213732482,48
chicago,38044,792.5833333333334,746875.0763888889,1.0903829398391265,48
northwest,38018,792.0416666666666,2406108.956597222,1.9584370468861925,48
vt,38011,791.8958333333334,1528174.134982639,1.5610555746520383,48
discontinue,38003,791.7291666666666,1766920.905815972,1.678927374877894,48
outlet,37967,790.9791666666666,1366727.3120659722,1.4780049607293357,48
container,37955,790.7291666666666,1294177.6141493053,1.438696487555934,48
impulse,37877,789.1041666666666,2316601.5099826385,1.9288183583479326,48
unsupervised,37874,789.0416666666666,1380391.331597222,1.4890222051174251,48
uniquely,37857,788.6875,1106041.2565104167,1.3334621896190941,48
hunan,37854,788.625,894336.609375,1.1991678156120447,48
payment,37840,788.3333333333334,5174629.638888889,2.885557584098148,48
suggestive,37811,787.7291666666666,1035856.697482639,1.2920309381541648,48
exemplify,37777,787.0208333333334,759115.3120659721,1.107051047099363,48
alert,37745,786.3541666666666,968295.1453993055,1.2513698438518193,48
wine,37699,785.3958333333334,5302354.530815972,2.9318772821918615,48
psychologist,37689,785.1875,8393277.819010416,3.6897116048540086,48
linearly,37672,784.8333333333334,510331.0555555555,0.9102245791069764,48
environmentally,37645,784.2708333333334,1753059.0308159722,1.6882323036923303,48
hamper,37599,783.3125,884723.5065104166,1.2007945998562164,48
pen,37584,783.0,3398695.125,2.3544764030510033,48
cps,37539,782.0625,1633294.4752604167,1.6341457342547767,48
fell,37501,781.2708333333334,805050.2391493056,1.1484441511334713,48
cup,37475,780.7291666666666,856962.8641493055,1.1857157729800898,48
intuitive,37414,779.4583333333334,2297283.623263889,1.9445289074796135,48
thirdly,37358,778.2916666666666,1059418.0399305555,1.3224866648139662,48
decompose,37341,777.9375,875990.5169270834,1.2031090550442032,48
disclosure,37339,777.8958333333334,4080322.4266493055,2.596724023997613,48
inverted,37330,777.7083333333334,871329.248263889,1.2002574039635496,48
analogous,37319,777.4791666666666,723067.2078993055,1.093705944420947,48
straightforward,37299,777.0625,541711.6002604166,0.9471703986831159,48
withdraw,37293,776.9375,1249306.8502604167,1.4386278944926403,48
workforce,37282,776.7083333333334,5429593.539930555,3.000030672463998,48
experimenter,37260,776.25,9418417.354166666,3.953551063286149,48
wd,37229,775.6041666666666,1895012.6558159722,1.7748674462406926,48
influencing,37221,775.4375,1894095.9127604167,1.7748194681644682,48
gw,37209,775.1875,907340.3190104166,1.2287919112367738,48
appeal,37176,774.5,3319330.0,2.3523600405637404,48
synchronous,37162,774.2083333333334,1239279.4149305557,1.4378936849030695,48
detected,37144,773.8333333333334,1067261.2638888888,1.3350205173724303,48
pal,37111,773.1458333333334,3720983.5828993055,2.494982232547555,48
spontaneously,37109,773.1041666666666,1067423.3433159722,1.336381128312521,48
jm,37105,773.0208333333334,717418.3120659721,1.0957084991062283,48
sensitization,37065,772.1875,2916275.02734375,2.211523060859563,48
dissimilarity,37029,771.4375,3715511.87109375,2.498668145939508,48
html,37016,771.1666666666666,1208002.3888888888,1.4252322712936587,48
xia,37016,771.1666666666666,1110475.388888889,1.36648925098381,48
mao,37005,770.9375,1194453.43359375,1.417638308172213,48
giant,36982,770.4583333333334,905732.8732638889,1.235238753392143,48
shortcoming,36976,770.3333333333334,675796.8055555556,1.067159602320639,48
arrows,36946,769.7083333333334,879863.6649305555,1.218657044093057,48
shield,36943,769.6458333333334,801167.3953993055,1.1629758886509916,48
denmark,36920,769.1666666666666,775000.888888889,1.1445391305799821,48
grouping,36868,768.0833333333334,901703.826388889,1.2362992758584024,48
yi,36856,767.8333333333334,852000.8055555555,1.2021344438000663,48
pip,36846,767.625,1624080.109375,1.6601778427395615,48
dutch,36826,767.2083333333334,2957183.456597222,2.2414333142430087,48
coffee,36822,767.125,2968336.2760416665,2.24589999161258,48
asa,36821,767.1041666666666,3857277.7599826395,2.5602720487620467,48
probabilistic,36798,766.625,1021298.4010416666,1.318236548121605,48
curtis,36781,766.2708333333334,6683671.030815971,3.3738458634876025,48
logical,36772,766.0833333333334,2055978.6180555553,1.8716872537362228,48
rq,36722,765.0416666666666,2774747.998263889,2.177342172860758,48
rn,36720,765.0,973600.5833333334,1.2898196160497908,48
junior,36716,764.9166666666666,3467688.993055556,2.4344785152282014,48
penalty,36716,764.9166666666666,973666.2430555555,1.2900036313708696,48
lim,36700,764.5833333333334,644080.3263888889,1.0496516431863216,48
orthogonal,36667,763.8958333333334,536414.7183159721,0.9587738969257101,48
lithium,36649,763.5208333333334,2195232.0412326395,1.9405253692789857,48
particulate,36639,763.3125,2868284.0065104165,2.21875169005916,48
club,36638,763.2916666666666,3525688.539930556,2.459979290905795,48
tk,36579,762.0625,1634629.4752604167,1.677718416017618,48
descend,36572,761.9166666666666,712137.201388889,1.107578107963969,48
appetite,36516,760.75,1452006.3541666667,1.5839530241404638,48
scarcity,36508,760.5833333333334,841757.2430555555,1.206275831484056,48
cohesion,36476,759.9166666666666,3652694.57638889,2.5150157564052655,48
wire,36454,759.4583333333334,748004.4982638889,1.138801820978438,48
disseminate,36438,759.125,1271654.4427083333,1.4854952324147652,48
costa,36416,758.6666666666666,1217084.638888889,1.4541506024528514,48
disclose,36398,758.2916666666666,1254833.8315972222,1.4772596183230855,48
steep,36353,757.3541666666666,1167399.353732639,1.4266278740660445,48
latin,36350,757.2916666666666,1076422.1232638888,1.3700238565997618,48
auxiliary,36344,757.1666666666666,522513.263888889,0.9546785685744402,48
torque,36314,756.5416666666666,2502843.4149305555,2.091144230404248,48
underpin,36305,756.3541666666666,960473.1037326389,1.295738610698969,48
behave,36297,756.1875,2151680.02734375,1.9398106984846517,48
prototype,36282,755.875,644564.7760416666,1.0621437617138878,48
tracking,36278,755.7916666666666,613076.0815972222,1.035988864643736,48
spectra,36260,755.4166666666666,1365409.3680555555,1.546838157453283,48
ambiguity,36254,755.2916666666666,3424916.1649305555,2.450249332824087,48
lz,36251,755.2291666666666,918961.0099826389,1.2693161003105304,48
gill,36240,755.0,2892868.25,2.2527727069291057,48
mz,36229,754.7708333333334,1297773.884982639,1.5093307007886807,48
email,36209,754.3541666666666,2930685.4370659725,2.2693909029806543,48
diminished,36198,754.125,1222906.1510416667,1.4664026149142335,48
thompson,36194,754.0416666666666,1895313.331597222,1.8257662051176846,48
opportunistic,36107,752.2291666666666,2858881.551649306,2.2477495142855077,48
chile,36101,752.1041666666666,843227.3016493056,1.2209400362597733,48
topical,36096,752.0,2275556.75,2.0059772106880183,48
int,36082,751.7083333333334,1170999.9149305555,1.4395576672250072,48
landmark,36081,751.6875,867885.08984375,1.2393494698695986,48
sixth,36063,751.3125,822465.0065104166,1.2070856862095745,48
israel,36051,751.0625,822719.30859375,1.2076741390281915,48
daytime,36051,751.0625,960719.6002604166,1.3050352637680522,48
synergistically,36012,750.25,1659700.1041666667,1.7171522629274034,48
peri,36006,750.125,731452.0677083334,1.1401429238229366,48
acceptability,35997,749.9375,2436874.05859375,2.0815721644069507,48
occasionally,35997,749.9375,622000.9752604166,1.0516481499051713,48
austria,35982,749.625,590700.5677083334,1.0252732636040685,48
insignificant,35952,749.0,898415.0833333334,1.26548411954988,48
tailed,35945,748.8541666666666,1293369.874565972,1.5186724689022995,48
predisposition,35935,748.6458333333334,1106346.1037326388,1.4049766079288706,48
epa,35931,748.5625,1317470.37109375,1.5333537569649245,48
novelty,35930,748.5416666666666,2411179.2899305555,2.074429942956649,48
empowerment,35912,748.1666666666666,4999849.888888889,2.9886848893512945,48
enlarge,35906,748.0416666666666,703831.998263889,1.1215243686819893,48
coordinated,35862,747.125,682314.859375,1.1056028406078846,48
documentation,35858,747.0416666666666,570470.998263889,1.0110484314844363,48
shot,35856,747.0,1187995.0833333333,1.4591055850417152,48
mediated,35829,746.4375,1924538.24609375,1.8585310598863722,48
mandatory,35805,745.9375,1086918.5169270833,1.3976423542970908,48
desert,35798,745.7916666666666,2811346.9149305555,2.248224590425577,48
called,35779,745.3958333333334,700817.072482639,1.1230921087755437,48
weakly,35775,745.3125,719641.5065104166,1.138202924018704,48
goodness,35755,744.8958333333334,2315769.718315972,2.042923669973625,48
sale,35741,744.6041666666666,1624616.9474826388,1.7117881970637485,48
economically,35718,744.125,1400049.8177083333,1.5901051681595544,48
watershed,35713,744.0208333333334,3338974.3953993046,2.4559608977412295,48
wen,35696,743.6666666666666,914639.263888889,1.2860166899745846,48
predispose,35633,742.3541666666666,1004579.2703993056,1.3501466887024713,48
pit,35630,742.2916666666666,1170023.6232638888,1.4572119707325368,48
ingestion,35614,741.9583333333334,1245344.1649305553,1.504060057582707,48
drawback,35600,741.6666666666666,446739.01388888893,0.901193768457723,48
palm,35541,740.4375,1963291.0377604167,1.8923607700191354,48
imputation,35540,740.4166666666666,1220960.2430555555,1.4923633510320795,48
grip,35539,740.3958333333334,1119666.8641493055,1.4291586651172175,48
ao,35505,739.6875,469069.4231770833,0.9259132145138071,48
cereal,35434,738.2083333333334,6156814.789930556,3.361236734036909,48
vm,35425,738.0208333333334,962456.5203993056,1.329296734862893,48
unnecessary,35377,737.0208333333334,875988.1037326389,1.2698994641675945,48
foundational,35350,736.4583333333334,1072195.6649305557,1.406011402427183,48
hall,35346,736.375,1010401.2760416666,1.3650479505400177,48
den,35327,735.9791666666666,1284498.1453993053,1.5399308513263295,48
prerequisite,35323,735.8958333333334,943079.3433159724,1.3196469922903438,48
dilation,35308,735.5833333333334,1116630.9930555555,1.4365573166075127,48
police,35297,735.3541666666666,5082782.437065973,3.065873296195734,48
meng,35268,734.75,1041404.4791666666,1.3888972752063204,48
positioning,35263,734.6458333333334,407514.64539930556,0.8689476055457608,48
impression,35249,734.3541666666666,5015355.270399306,3.0496169149539103,48
worm,35248,734.3333333333334,1397906.347222222,1.6100738481501777,48
spline,35232,734.0,1437333.1666666667,1.6333628126701758,48
commit,35199,733.3125,2407803.4231770835,2.1160280761476526,48
ready,35180,732.9166666666666,764995.8680555555,1.1933695356200367,48
measurable,35163,732.5625,544615.4127604166,1.0073961357527146,48
suggesting,35139,732.0625,894584.2252604166,1.2919998321409514,48
monte,35121,731.6875,545394.96484375,1.0093224341132696,48
collaborate,35114,731.5416666666666,1266735.9982638885,1.5385229850537028,48
bk,35111,731.4791666666666,1635391.5412326388,1.748271637939534,48
conform,35110,731.4583333333334,977662.7065972224,1.351776625467605,48
meyer,35084,730.9166666666666,1315254.3680555553,1.5690508245323775,48
belongs,35080,730.8333333333334,1105926.2222222222,1.438946775986913,48
wing,35005,729.2708333333334,1264120.9474826388,1.5417198688143194,48
tilt,34987,728.8958333333334,991983.2599826389,1.3664278468405306,48
elemental,34987,728.8958333333334,1785102.2183159722,1.8330152460528697,48
sporadic,34983,728.8125,820328.15234375,1.2427334705569635,48
phd,34956,728.25,803856.9375,1.2311441017917297,48
lw,34888,726.8333333333334,821465.0972222221,1.246980670582368,48
footprint,34862,726.2916666666666,1868379.1649305553,1.8820079196590962,48
apps,34832,725.6666666666666,2174287.0555555555,2.0319885940658375,48
contradictory,34823,725.4791666666666,1038062.7495659721,1.4043871852347598,48
filling,34742,723.7916666666666,2730438.164930556,2.282982562117284,48
fulfill,34735,723.6458333333334,1227293.2703993055,1.5309045386384748,48
ancestral,34734,723.625,2351410.1927083335,2.1190960191256027,48
town,34732,723.5833333333334,1396946.451388889,1.633432996588669,48
witness,34725,723.4375,1904074.2044270833,1.907396220235769,48
advise,34685,722.6041666666666,799862.3641493056,1.2376765706131074,48
mutually,34668,722.25,1129661.4375,1.4715892321759918,48
robert,34634,721.5416666666666,894877.9149305555,1.311053697878192,48
stir,34627,721.3958333333334,2019088.0724826392,1.969717765893203,48
microsoft,34575,720.3125,589274.5065104166,1.0657071388924446,48
carlo,34572,720.25,543163.8125,1.0232509276729673,48
cambridge,34560,720.0,1014146.6666666666,1.3986784620952801,48
momentum,34552,719.8333333333334,1733772.1805555557,1.8292120826920482,48
tear,34534,719.4583333333334,2124640.664930555,2.025989067129415,48
mechanic,34509,718.9375,823963.18359375,1.2625912240599604,48
corner,34504,718.8333333333334,680032.7222222224,1.1471935529511668,48
arbitrary,34491,718.5625,647676.2877604166,1.1199907863285385,48
danger,34484,718.4166666666666,1664825.7013888888,1.7960068422904147,48
resultant,34476,718.25,482234.0625,0.9668371000168988,48
reproducible,34461,717.9375,559004.0169270834,1.0414077994502302,48
stringent,34430,717.2916666666666,692184.4982638889,1.1598855797440166,48
chan,34395,716.5625,1081148.5377604167,1.4510708112585105,48
prep,34392,716.5,2924699.625,2.3868462246474746,48
parasitic,34375,716.1458333333334,2061779.8745659722,2.0050244760452416,48
stratified,34362,715.875,872391.484375,1.304723584040407,48
involved,34351,715.6458333333334,684374.8120659721,1.1559761173324021,48
depressed,34348,715.5833333333334,3901040.7430555555,2.76013310623328,48
zealand,34343,715.4791666666666,816512.8745659724,1.262945256270857,48
arch,34339,715.3958333333334,1337863.2391493055,1.616811739803552,48
mse,34210,712.7083333333334,1329431.748263889,1.6177864223649452,48
ls,34163,711.7291666666666,678397.4474826389,1.1572503985188458,48
unhealthy,34159,711.6458333333334,2624306.478732639,2.276372683257689,48
zhong,34151,711.4791666666666,981586.791232639,1.3925223204269108,48
pulp,34127,710.9791666666666,1575812.0620659727,1.765612257340074,48
alliance,34041,709.1875,2245972.0690104165,2.1132024392717117,48
pronounce,34022,708.7916666666666,621423.4149305556,1.112180314287771,48
equality,34016,708.6666666666666,2676862.8472222225,2.3087188804518437,48
ascend,34005,708.4375,815311.0377604166,1.2745595140194637,48
walking,34000,708.3333333333334,1334790.9305555555,1.6310562693031831,48
tao,33991,708.1458333333334,748277.9578993055,1.221543035689474,48
dialogue,33988,708.0833333333334,2097089.6597222227,2.0451451058074084,48
safeguard,33971,707.7291666666666,758817.7808159724,1.2308401527610835,48
indoor,33954,707.375,1852806.9427083333,1.924267202590761,48
inheritance,33943,707.1458333333334,1617474.8745659722,1.7984972779051251,48
illumination,33921,706.6875,1341166.0481770833,1.6387543813348775,48
exploitation,33913,706.5208333333334,1213165.4995659722,1.5589602905455926,48
turkey,33813,704.4375,913367.12109375,1.3566887380035972,48
pragmatic,33740,702.9166666666666,4824652.243055556,3.12484994019483,48
minus,33731,702.7291666666666,768481.7391493056,1.2474662274501287,48
london,33722,702.5416666666666,622418.9149305556,1.1229729738278904,48
flip,33721,702.5208333333334,830828.4578993055,1.2974674580534955,48
alarm,33715,702.3958333333334,1145446.4058159722,1.5237210253434705,48
friction,33658,701.2083333333334,2338892.7899305546,2.181012169457376,48
polish,33643,700.8958333333334,1068744.2183159722,1.4749707601629147,48
duty,33639,700.8125,1630183.52734375,1.8218659146522784,48
immerse,33630,700.625,790029.4427083334,1.2686330125169656,48
dunn,33585,699.6875,1434707.83984375,1.7118969591002533,48
chosen,33551,698.9791666666666,578271.1453993055,1.0879314450292459,48
appreciation,33550,698.9583333333334,2601050.9149305555,2.3074013352580622,48
wong,33544,698.8333333333334,1160755.3472222222,1.5416888607287016,48
discriminative,33539,698.7291666666666,738254.1558159721,1.2296855736871255,48
enlargement,33537,698.6875,791680.7565104166,1.2734798300757149,48
logarithmic,33494,697.7916666666666,814049.6232638886,1.2930033831484289,48
eo,33477,697.4375,699096.5794270834,1.1988457104273473,48
observable,33450,696.875,908579.484375,1.367812531848854,48
symmetric,33438,696.625,496223.1927083333,1.0112056168234733,48
longevity,33433,696.5208333333334,822925.9578993056,1.3024056449459909,48
heritage,33420,696.25,3391927.2291666665,2.64519720386449,48
scholarship,33419,696.2291666666666,668563.5516493056,1.174408362995991,48
portugal,33402,695.875,972594.4010416666,1.4172114362959214,48
seriously,33358,694.9583333333334,652442.2482638889,1.1622840307240416,48
ada,33350,694.7916666666666,4474960.581597223,3.044668444767009,48
dim,33331,694.3958333333334,4859925.530815972,3.1747366165833326,48
consists,33321,694.1875,595233.8190104166,1.1113913438274343,48
ssa,33291,693.5625,668821.6627604166,1.1791513762728938,48
aluminum,33260,692.9166666666666,1205751.3680555553,1.5847029783901074,48
ubiquitous,33182,691.2916666666666,1004022.5399305556,1.4494739337033005,48
suspected,33174,691.125,964081.109375,1.420692813621095,48
estimator,33156,690.75,744668.9791666666,1.2492827340664079,48
kl,33152,690.6666666666666,686802.4305555556,1.199906526008124,48
recreational,33134,690.2916666666666,1804566.0399305557,1.9460489474228204,48
vl,33080,689.1666666666666,2310929.347222222,2.205814922471211,48
comparability,33022,687.9583333333334,592499.7065972221,1.1188759377357027,48
donation,32917,685.7708333333334,2939536.3849826395,2.500117442148837,48
inflation,32908,685.5833333333334,669568.2430555555,1.1935405331049773,48
norwegian,32890,685.2083333333334,1958395.1649305557,2.0423375770085075,48
pursuit,32872,684.8333333333334,2540923.3888888885,2.327613645538694,48
exists,32801,683.3541666666666,456671.93706597225,0.9889089683220607,48
delve,32791,683.1458333333334,770151.9995659721,1.284620356936275,48
excite,32729,681.8541666666666,528820.7912326389,1.06650467150852,48
nguyen,32715,681.5625,883989.5377604166,1.3794878358259628,48
radio,32704,681.3333333333334,1329657.3472222222,1.6924281180199026,48
click,32695,681.1458333333334,1396648.7495659722,1.7350160398908523,48
vigorous,32640,680.0,1007001.6666666666,1.4757275393760512,48
undergoing,32639,679.9791666666666,1013174.1870659724,1.4802887937097968,48
decode,32639,679.9791666666666,2439138.6037326385,2.2967971096407025,48
becomes,32633,679.8541666666666,460562.66623263893,0.9982253663635008,48
clark,32629,679.7708333333334,1873004.7599826383,2.0132926776004805,48
kt,32610,679.375,786338.7760416666,1.3052547569659787,48
pepper,32608,679.3333333333334,8012129.097222224,4.16668859820756,48
imagine,32599,679.1458333333334,4241502.666232638,3.0324722237979924,48
tong,32592,679.0,581600.25,1.1231623011849856,48
speaking,32562,678.375,4611281.526041667,3.165490278551375,48
simplicity,32540,677.9166666666666,328049.78472222225,0.8448771552497755,48
skeleton,32536,677.8333333333334,700018.1805555555,1.2343312880603832,48
hw,32529,677.6875,553309.46484375,1.097626476882238,48
hou,32525,677.6041666666666,838842.572482639,1.3516497358031403,48
detachment,32514,677.375,888954.484375,1.3919082165714554,48
rot,32506,677.2083333333334,6490119.289930555,3.761872274402002,48
santos,32496,677.0,784558.0416666666,1.30834979424239,48
descriptor,32490,676.875,744032.6510416666,1.2743464788236696,48
evade,32456,676.1666666666666,3310419.2638888895,2.6908391821863034,48
harmonic,32407,675.1458333333334,1363296.8328993057,1.7294086272455833,48
texas,32405,675.1041666666666,583193.2599826389,1.1311897459585973,48
unpublished,32392,674.8333333333334,891343.3888888889,1.3990266822715622,48
russian,32339,673.7291666666666,1696510.3641493057,1.9332717711647105,48
emergent,32323,673.3958333333334,908821.2391493059,1.4156921018167472,48
curative,32320,673.3333333333334,3415230.597222222,2.7446053250164786,48
accelerated,32308,673.0833333333334,431056.2847222222,0.9754345939870717,48
bite,32293,672.7708333333334,1396167.9266493057,1.7563120187316659,48
mega,32288,672.6666666666666,2974453.347222222,2.5639152979122235,48
basically,32256,672.0,565409.2916666666,1.118953908328774,48
lópez,32226,671.375,1027196.109375,1.5095987151141588,48
unusual,32216,671.1666666666666,656998.5972222224,1.2076799103754676,48
messenger,32210,671.0416666666666,930069.1649305556,1.4371699757022887,48
silicon,32189,670.6041666666666,1563079.280815972,1.8643363000092625,48
silent,32188,670.5833333333334,938633.1180555556,1.4447582445599176,48
facilitation,32180,670.4166666666666,2194706.326388889,2.2097513371949167,48
ryan,32173,670.2708333333334,5563079.822482639,3.5189032322976583,48
afterward,32167,670.1458333333334,657672.0412326389,1.2101393083466367,48
evenly,32156,669.9166666666666,579603.3263888889,1.1364351343081263,48
juice,32140,669.5833333333334,3071099.8263888885,2.617232663188614,48
destructive,32138,669.5416666666666,1464583.998263889,1.807505108355004,48
diversification,32112,669.0,1844588.4583333333,2.03012895618969,48
nn,32107,668.8958333333334,430760.92664930556,0.9812047921371969,48
wan,32096,668.6666666666666,701940.638888889,1.2529695574253137,48
afford,32053,667.7708333333334,1055603.3433159722,1.5385900953947564,48
convention,32050,667.7083333333334,2118926.956597222,2.1800738045797066,48
doubt,32025,667.1875,1738719.77734375,1.9763638248451283,48
belgium,32024,667.1666666666666,582741.8055555556,1.1442047540949642,48
gong,31997,666.6041666666666,804701.572482639,1.3457035592238213,48
müller,31960,665.8333333333334,736539.1805555555,1.288939087115653,48
utilizing,31954,665.7083333333334,464315.49826388893,1.023581897453047,48
derived,31938,665.375,614094.2760416666,1.1777443934537357,48
experiential,31935,665.3125,5206734.298177083,3.4297070399169334,48
uneven,31926,665.125,491253.0260416667,1.0537785335795824,48
civil,31918,664.9583333333334,1574194.5815972222,1.8868386927421525,48
chair,31916,664.9166666666666,939877.6180555554,1.4580366297932892,48
certainty,31908,664.75,926673.0208333334,1.4481212068836016,48
programming,31899,664.5625,460482.4127604167,1.0211056815948778,48
grand,31892,664.4166666666666,932693.8680555556,1.45354687818698,48
tradition,31890,664.375,3023158.8177083335,2.6170812114149373,48
superiority,31886,664.2916666666666,631266.7899305555,1.196045404581173,48
dive,31876,664.0833333333334,5241094.284722223,3.447374028698154,48
rain,31852,663.5833333333334,1870327.7847222227,2.0609307213317543,48
harness,31836,663.25,721474.3541666666,1.2806580695875946,48
spillover,31791,662.3125,3031799.2981770835,2.6289799403533194,48
intersect,31789,662.2708333333334,516466.9891493055,1.0851397064270754,48
booster,31787,662.2291666666666,6560490.093315971,3.867762848206824,48
premise,31762,661.7083333333334,1333731.498263889,1.7452899983357546,48
schema,31710,660.625,4864160.276041667,3.3384811904323697,48
xue,31694,660.2916666666666,827369.9149305555,1.3775711731967883,48
garden,31675,659.8958333333334,1761183.926649306,2.011068994888331,48
gently,31605,658.4375,898432.9544270834,1.4395550567727287,48
plc,31596,658.25,1286809.6458333333,1.7233214198389064,48
xc,31594,658.2083333333334,674626.5399305555,1.247867100211226,48
wealth,31590,658.125,1605601.2760416667,1.925353433520745,48
endeavor,31583,657.9791666666666,846843.6037326389,1.3985869219329332,48
preclude,31577,657.8541666666666,516289.54123263893,1.0922373762300266,48
authentic,31546,657.2083333333334,3063130.3732638885,2.663052199144863,48
confirmed,31518,656.625,1101211.234375,1.5981513384856387,48
mill,31515,656.5625,912187.5794270834,1.4546750938803368,48
apex,31514,656.5416666666666,1686388.1649305553,1.9779553310595615,48
lift,31512,656.5,559890.2916666666,1.1397687308466016,48
synonymous,31506,656.375,2189656.5677083335,2.2544259289692583,48
ict,31492,656.0833333333334,1923178.2430555557,2.113736092752029,48
unravel,31479,655.8125,895061.5690104166,1.4426027806648136,48
consequent,31470,655.625,520552.4010416667,1.1004662339489277,48
transit,31460,655.4166666666666,487801.6597222223,1.0656243994323034,48
diagonal,31459,655.3958333333334,515959.4058159722,1.0959836893455457,48
pertinent,31414,654.4583333333334,546657.8315972221,1.1297329226476476,48
schmidt,31410,654.375,1035123.0677083334,1.554781249512526,48
street,31367,653.4791666666666,2268321.9578993055,2.3047329025525,48
mip,31365,653.4375,2437150.37109375,2.3891152936915265,48
nw,31362,653.375,1175847.4427083333,1.6596364953522431,48
deviate,31362,653.375,591686.6927083334,1.177289817700855,48
bend,31360,653.3333333333334,689460.0972222221,1.27092449910039,48
zl,31357,653.2708333333334,585799.9474826389,1.1716054833070129,48
implies,31349,653.1041666666666,751412.6766493055,1.327262439236358,48
elementary,31334,652.7916666666666,3123655.706597222,2.707428385995434,48
snap,31330,652.7083333333334,578201.5399305555,1.1649853512463562,48
pyramidal,31324,652.5833333333334,3523844.159722222,2.876552925122331,48
truly,31320,652.5,679854.0,1.263651486387965,48
colour,31289,651.8541666666666,695659.9995659724,1.2795229211992427,48
cog,31281,651.6875,2901054.7565104165,2.613596694141803,48
insult,31261,651.2708333333334,960801.9474826389,1.5050651796838184,48
remark,31233,650.6875,521110.0065104167,1.1094104248773349,48
restricted,31216,650.3333333333334,480417.8055555555,1.0657946426902252,48
situational,31208,650.1666666666666,7557329.222222223,4.228238448338388,48
walker,31187,649.7291666666666,845226.6141493055,1.4149927635903254,48
met,31170,649.375,909249.6927083334,1.4684055475518336,48
invariant,31167,649.3125,1568690.6315104167,1.928922983494464,48
allen,31162,649.2083333333334,916421.9149305556,1.4745640692604356,48
marsh,31160,649.1666666666666,2710893.8472222225,2.5362966280240777,48
liao,31159,649.1458333333334,761336.9162326386,1.3441451535818802,48
jd,31124,648.4166666666666,1099327.034722222,1.6169972633000294,48
ww,31115,648.2291666666666,1642772.0516493057,1.9772431738160616,48
ideally,31091,647.7291666666666,342553.15581597225,0.9035881630349403,48
wrong,31081,647.5208333333334,2341414.624565972,2.3631180495670088,48
completeness,31068,647.25,637683.5625,1.2337596201720915,48
eleven,31034,646.5416666666666,475694.2065972223,1.066761694851453,48
viewpoint,31006,645.9583333333334,1695630.9982638883,2.0158637179951473,48
scratch,30974,645.2916666666666,1020038.4149305556,1.5651364554245986,48
kh,30952,644.8333333333334,835150.2222222224,1.4172120005754312,48
pop,30925,644.2708333333334,639165.4474826389,1.2409039695166661,48
eigenvalue,30923,644.2291666666666,1034082.3016493055,1.5784730433362628,48
ie,30919,644.1458333333334,755677.8745659721,1.3495349970879293,48
lecture,30905,643.8541666666666,2657774.7078993055,2.532045884965766,48
surprise,30860,642.9166666666666,2456412.493055556,2.43778816554263,48
fuzzy,30845,642.6041666666666,938868.7391493055,1.5078526453362124,48
communicative,30844,642.5833333333334,5286976.493055555,3.5782792715915615,48
british,30841,642.5208333333334,721174.3328993055,1.3217000815152338,48
multicollinearity,30841,642.5208333333334,1450013.3745659722,1.8741260187713784,48
usability,30841,642.5208333333334,902162.7495659724,1.4782749973391562,48
mosaic,30828,642.25,2000273.1458333333,2.202117758990353,48
terminology,30805,641.7708333333334,635699.3016493055,1.2423555126787587,48
synchronize,30802,641.7083333333334,660946.8732638889,1.2669095125885157,48
buy,30796,641.5833333333334,1959339.9513888888,2.1817341189821238,48
orchestrate,30795,641.5625,2477869.7877604165,2.4535802613778324,48
para,30793,641.5208333333334,599637.2495659721,1.2070730040323037,48
totally,30772,641.0833333333334,1003266.9513888889,1.562405527749129,48
coexist,30758,640.7916666666666,467930.8315972223,1.0675149738310408,48
complicated,30753,640.6875,334535.83984375,0.9027657521762137,48
simon,30751,640.6458333333334,1685540.728732639,2.0265233850631437,48
inherit,30729,640.1875,856923.3190104166,1.4459850091374873,48
experimentation,30721,640.0208333333334,482456.1453993055,1.0852625341979945,48
gupta,30696,639.5,989462.9583333334,1.5554613399619555,48
plug,30685,639.2708333333334,676653.1558159724,1.2867618178519464,48
undermine,30683,639.2291666666666,1439821.593315972,1.877144730169652,48
packaging,30668,638.9166666666666,1061741.4930555555,1.6127430454737963,48
pine,30653,638.6041666666666,3343660.8641493055,2.8633824789586013,48
older,30653,638.6041666666666,3837846.6974826385,3.067694188580627,48
malaysia,30652,638.5833333333334,830932.7430555555,1.4274646328052731,48
engine,30634,638.2083333333334,515313.7482638888,1.124795043745563,48
hua,30624,638.0,1381851.2916666667,1.8425105178982892,48
dotted,30599,637.4791666666666,451616.58289930556,1.054190125624545,48
bivariate,30591,637.3125,1701172.2565104167,2.0465469348576772,48
adhesive,30584,637.1666666666666,812784.263888889,1.4149288302039844,48
macroscopic,30563,636.7291666666666,491928.6141493057,1.1015299210275078,48
ecosystems,30544,636.3333333333334,2590281.1805555546,2.529232661268064,48
terrain,30527,635.9791666666666,2010142.1037326388,2.2293101369082144,48
moore,30487,635.1458333333334,967570.4162326389,1.5487019215955056,48
outflow,30463,634.6458333333334,776646.5203993054,1.3886099322989596,48
forty,30434,634.0416666666666,547295.9565972222,1.1667916725945624,48
outstanding,30425,633.8541666666666,399593.916232639,0.9972868308653852,48
costly,30395,633.2291666666666,407006.21831597225,1.00748737333268,48
ts,30393,633.1875,393918.1940104167,0.9912214403901879,48
orcid,30357,632.4375,531513.99609375,1.15276223213968,48
adversely,30318,631.625,497424.484375,1.116617083466455,48
thailand,30302,631.2916666666666,792023.4982638889,1.409739851561678,48
sure,30301,631.2708333333334,1491367.447482639,1.9345350631568476,48
intervene,30287,630.9791666666666,1133109.6453993057,1.687022784239129,48
fabricate,30270,630.625,2501847.5260416665,2.5081830901362725,48
das,30269,630.6041666666666,1413527.9891493053,1.8853646944832454,48
shorter,30250,630.2083333333334,388865.78993055556,0.9894998381251074,48
databases,30250,630.2083333333334,689271.1232638889,1.3173794985191773,48
aerial,30237,629.9375,2786124.6419270835,2.6497372320882207,48
transitional,30221,629.6041666666666,875764.0724826389,1.486366706320906,48
physiologically,30204,629.25,618767.3958333334,1.2500877132577255,48
officer,30180,628.75,2872261.8125,2.695466967779248,48
identifies,30160,628.3333333333334,497997.0555555555,1.1231125692712511,48
bn,30153,628.1875,700574.4440104166,1.3324099127898998,48
russia,30147,628.0625,463765.43359375,1.0842921766552744,48
gonzález,30141,627.9375,875343.05859375,1.4899535403683624,48
um,30140,627.9166666666666,910937.4097222221,1.5199953462195013,48
peter,30125,627.6041666666666,591705.2808159721,1.225651227269339,48
trough,30107,627.2291666666666,1352483.5516493057,1.8541281640678826,48
amendment,30086,626.7916666666666,1922584.4982638888,2.212175123958808,48
reg,30015,625.3125,4975840.006510417,3.567270919554291,48
finland,30009,625.1875,427052.65234375,1.0452746682986085,48
hao,30000,625.0,712235.7916666666,1.350305012457062,48
accessory,30000,625.0,1607430.1666666667,2.0285515094930835,48
mentor,29992,624.8333333333334,3522403.3888888885,3.003691704336842,48
purely,29989,624.7708333333334,828479.8433159724,1.4568680748668352,48
daughter,29986,624.7083333333334,999689.2482638889,1.6004982784914106,48
interruption,29972,624.4166666666666,878559.3263888889,1.501104960595788,48
rom,29958,624.125,1040108.359375,1.6340589287231626,48
sister,29941,623.7708333333334,1333746.8433159722,1.8514485093861341,48
qiu,29908,623.0833333333334,646919.4513888888,1.290859484908601,48
comprehend,29895,622.8125,1119835.4856770833,1.6991033350481606,48
marginally,29873,622.3541666666666,1352533.6037326388,1.8686864241202175,48
mainstream,29831,621.4791666666666,816873.7495659721,1.4542895898144863,48
predominance,29826,621.375,612460.2760416666,1.2594623423977116,48
interpolation,29823,621.3125,720250.3815104166,1.3659401079477367,48
fin,29820,621.25,1633500.1041666667,2.0572789456732945,48
graphic,29814,621.125,661813.7760416666,1.3097514615607206,48
jet,29796,620.75,1182121.6041666667,1.751516968241714,48
stride,29770,620.2083333333334,789621.0815972221,1.432754463543535,48
preferential,29748,619.75,654001.6041666666,1.304886900492936,48
fox,29740,619.5833333333334,820431.9097222221,1.461913056625378,48
elusive,29732,619.4166666666666,749356.0347222221,1.3975302522528892,48
found,29717,619.1041666666666,529699.2599826389,1.1755766633677291,48
seat,29709,618.9375,1384871.7252604167,1.9013320886477747,48
kw,29684,618.4166666666666,1539792.576388889,2.006549718523436,48
hop,29682,618.375,420740.984375,1.048951687523607,48
nose,29670,618.125,450093.359375,1.0853629534653273,48
bureau,29649,617.6875,599949.21484375,1.2539737114161764,48
suite,29645,617.6041666666666,633479.9058159722,1.288712984901516,48
constructive,29627,617.2291666666666,2180688.1349826395,2.39249115125463,48
fundamentally,29609,616.8541666666666,632983.3745659721,1.2897740924331758,48
humanity,29581,616.2708333333334,2610799.1141493055,2.621893906763722,48
virtually,29577,616.1875,446692.52734375,1.0846545931428457,48
calorie,29576,616.1666666666666,2357202.7638888895,2.491725923990207,48
llc,29545,615.5208333333334,945400.2912326389,1.5796654116339,48
mold,29536,615.3333333333334,1403927.8055555557,1.9255816817951283,48
unbiased,29520,615.0,558304.1666666666,1.214955352732178,48
xw,29515,614.8958333333334,527895.9266493055,1.1816057760514571,48
comfortable,29495,614.4791666666666,1486412.624565972,1.984095305321877,48
economics,29486,614.2916666666666,1226124.9982638888,1.8025725350444823,48
offs,29477,614.1041666666666,419623.09331597225,1.054842565666551,48
crown,29467,613.8958333333334,2336889.3849826385,2.4901435986863567,48
doctoral,29461,613.7708333333334,1477223.5099826388,1.9802355765202948,48
leak,29446,613.4583333333334,502193.1232638888,1.1551817266376156,48
confident,29414,612.7916666666666,2055815.2899305562,2.3398024703925344,48
specialty,29375,611.9791666666666,941645.7703993055,1.5856493071056068,48
uncommon,29371,611.8958333333334,762713.0516493056,1.4272599954966891,48
subtropical,29369,611.8541666666666,2233303.0828993055,2.442451287324831,48
provoke,29333,611.1041666666666,713070.0933159724,1.3818180655285461,48
nowadays,29329,611.0208333333334,353604.8953993055,0.9732022767323605,48
frustration,29327,610.9791666666666,4104335.8953993055,3.315851298692985,48
layout,29284,610.0833333333334,607497.2013888889,1.2775649251644239,48
lived,29269,609.7708333333334,1136350.8433159722,1.7481937852990002,48
singapore,29247,609.3125,744454.21484375,1.416051044911953,48
yh,29222,608.7916666666666,542988.2065972224,1.2103932678187725,48
confidentiality,29221,608.7708333333334,1747546.8849826392,2.1715037378056152,48
reorganization,29220,608.75,674778.6041666666,1.349403019292484,48
clue,29216,608.6666666666666,581102.7222222222,1.2524111819407497,48
regenerate,29215,608.6458333333334,968874.8120659724,1.617220282954305,48
illuminate,29213,608.6041666666666,543319.3641493056,1.2111353228722428,48
risky,29165,607.6041666666666,2922278.82248264,2.813455704875518,48
energetic,29157,607.4375,613154.0794270834,1.2890899173021195,48
quadratic,29141,607.1041666666666,475042.75998263893,1.1352803951956496,48
scanning,29140,607.0833333333334,373159.2847222222,1.006233601819036,48
qualitatively,29128,606.8333333333334,491415.4722222222,1.1551941595370703,48
spiral,29121,606.6875,358306.71484375,0.9866484241969513,48
harris,29116,606.5833333333334,805343.7430555556,1.4794495875532965,48
director,29107,606.3958333333334,1461245.7808159722,1.9934503648610256,48
realization,29094,606.125,1182876.0677083333,1.7943511007090163,48
trading,29087,605.9791666666666,2845628.9787326395,2.7837577805965457,48
stick,29081,605.8541666666666,610252.9162326389,1.2893975263646837,48
urgently,29062,605.4583333333334,602989.7065972221,1.2825393189572987,48
enjoy,29050,605.2083333333334,2889558.706597222,2.808735619196076,48
movie,29021,604.6041666666666,1461830.3641493057,1.9997575882776075,48
intent,29000,604.1666666666666,1561145.0972222222,2.0680682836124418,48
mj,28998,604.125,530833.6510416666,1.2060141822383643,48
organisation,28982,603.7916666666666,841521.3732638889,1.5193067266896065,48
vertex,28936,602.8333333333334,610812.3472222221,1.29645260699608,48
confront,28902,602.125,1958561.234375,2.324245066722915,48
kj,28897,602.0208333333334,545408.9787326389,1.226731793193986,48
concentrated,28871,601.4791666666666,489621.3745659723,1.1633478593700195,48
qualify,28870,601.4583333333334,637099.6232638889,1.327083127593056,48
overestimate,28855,601.1458333333334,519579.7912326388,1.1990748232469994,48
agenda,28854,601.125,1169575.1927083333,1.7990750635417143,48
morris,28850,601.0416666666666,794444.8315972221,1.4829526754746853,48
gift,28828,600.5833333333334,1531517.201388889,2.0605713801005496,48
dk,28822,600.4583333333334,720993.5815972221,1.4141087932540606,48
pipe,28813,600.2708333333334,1492767.9474826388,2.0353959631608,48
wa,28808,600.1666666666666,541833.3888888889,1.2264815255634762,48
regularization,28799,599.9791666666666,405958.0620659723,1.0619508450991364,48
forecasting,28746,598.875,1504840.0677083333,2.048372747853725,48
destination,28733,598.6041666666666,2305210.0308159725,2.536386978248766,48
tier,28726,598.4583333333334,563149.2065972221,1.2539430697047627,48
deserve,28725,598.4375,589798.3294270834,1.2833141091685878,48
exceptional,28713,598.1875,318356.65234375,0.9432343996752375,48
tri,28704,598.0,645131.5833333334,1.3431452111002415,48
updated,28691,597.7291666666666,314545.82248263893,0.9382909181110415,48
distributed,28662,597.125,1122212.5260416667,1.7740763307258667,48
poisson,28644,596.75,434327.6041666667,1.1043742921050237,48
spa,28605,595.9375,1561344.7252604167,2.0967598190319485,48
scopus,28603,595.8958333333334,496506.5933159722,1.1824755273471617,48
py,28573,595.2708333333334,668660.4474826386,1.3736883449688155,48
pol,28520,594.1666666666666,964190.1805555556,1.6526202436959483,48
tailored,28512,594.0,610624.75,1.3155300007410786,48
cast,28507,593.8958333333334,363771.4266493055,1.0155563202182227,48
offering,28498,593.7083333333334,447390.41493055556,1.1266011570294756,48
toolbox,28475,593.2291666666666,1088409.9266493057,1.7586270611181811,48
hatch,28459,592.8958333333334,1227510.4683159722,1.868676843879785,48
attendance,28438,592.4583333333334,2037647.8315972227,2.4093880434450425,48
unclassified,28436,592.4166666666666,4828703.243055556,3.70926609428982,48
moderation,28418,592.0416666666666,5004753.498263889,3.77867093732128,48
bottleneck,28414,591.9583333333334,714983.4565972224,1.428423076886608,48
xiong,28414,591.9583333333334,744093.4149305554,1.4572115063028748,48
ru,28402,591.7083333333334,1269862.6232638888,1.9044548652735678,48
cooperate,28390,591.4583333333334,721780.4149305556,1.4364099063920284,48
visibility,28384,591.3333333333334,797924.9722222221,1.5105971737024517,48
neo,28378,591.2083333333334,793588.7899305556,1.5068055640736417,48
transformative,28377,591.1875,869016.7356770834,1.5768443536025945,48
alters,28369,591.0208333333334,631117.2287326389,1.3441639020457412,48
intentional,28366,590.9583333333334,3420473.7899305555,3.1295815462131844,48
drill,28311,589.8125,1492449.0690104167,2.071265575827626,48
lei,28306,589.7083333333334,487349.4149305555,1.1838126039454682,48
msa,28300,589.5833333333334,1154186.0347222222,1.8221860161386871,48
prof,28280,589.1666666666666,521721.638888889,1.2259739922581425,48
excellence,28273,589.0208333333334,540604.6037326389,1.2482719572464052,48
interrupt,28272,589.0,444378.0833333333,1.1317774091262185,48
deteriorate,28270,588.9583333333334,324992.4565972222,0.9679480945329113,48
ut,28268,588.9166666666666,1112708.8263888888,1.7911704724103132,48
occasion,28254,588.625,1146623.9010416667,1.8191637430022511,48
substantiate,28241,588.3541666666666,512367.39539930556,1.2166114776701744,48
wolf,28237,588.2708333333334,1061069.072482639,1.7510337286555695,48
pile,28201,587.5208333333334,2644457.4578993055,2.7678657470513643,48
guinea,28192,587.3333333333334,682786.3888888889,1.406882339990154,48
bell,28173,586.9375,575434.55859375,1.292427268216,48
fairly,28163,586.7291666666666,648721.4474826389,1.3727499938166299,48
quarantine,28152,586.5,2370656.125,2.6252233871790134,48
zou,28140,586.25,588445.5208333334,1.3084895994125378,48
afterwards,28096,585.3333333333334,421817.5555555555,1.109581145636019,48
embody,28076,584.9166666666666,2688138.7847222225,2.8030564701757736,48
appointment,28043,584.2291666666666,1372568.6766493055,2.0053205631335107,48
collateral,28010,583.5416666666666,2003887.081597222,2.4258545139338548,48
nationwide,28002,583.375,1247850.6510416667,1.9148444090336663,48
unveil,27980,582.9166666666666,598716.951388889,1.3274076140487416,48
ramp,27969,582.6875,479456.0481770833,1.1883344817484585,48
thrive,27950,582.2916666666666,1294615.581597222,1.9540237590925413,48
diverge,27943,582.1458333333334,689355.7078993055,1.426231074596111,48
mobilize,27935,581.9791666666666,572137.5203993056,1.2996989749027033,48
wrist,27924,581.75,956626.8958333334,1.681260081480302,48
infancy,27907,581.3958333333334,844510.0308159724,1.580630985136543,48
ancestor,27902,581.2916666666666,1812249.456597222,2.315873813921318,48
nominal,27891,581.0625,491788.8919270833,1.2068867218968635,48
temporally,27886,580.9583333333334,572235.4565972221,1.3020941756357338,48
shared,27885,580.9375,981459.6419270834,1.7053236361147175,48
tw,27877,580.7708333333334,447544.5933159722,1.1518962375439585,48
factorial,27876,580.75,2191697.8958333335,2.5491836648945534,48
whisker,27872,580.6666666666666,588378.1805555556,1.3209956379201429,48
hereafter,27859,580.3958333333334,644358.4474826389,1.3830550834248747,48
jg,27842,580.0416666666666,457518.41493055556,1.1661249775070608,48
exhaust,27841,580.0208333333334,1637455.978732639,2.2061814249066756,48
instal,27838,579.9583333333334,723029.1649305555,1.4661591491019925,48
reshape,27829,579.7708333333334,654432.1766493055,1.395326873658158,48
starting,27809,579.3541666666666,357349.89539930556,1.0318170380005829,48
popularity,27786,578.875,814380.5260416666,1.5589381889862828,48
attraction,27772,578.5833333333334,1230677.5763888888,1.917371309711177,48
escalate,27754,578.2083333333334,453332.2482638888,1.1644583528535384,48
settle,27752,578.1666666666666,792667.1388888889,1.5398994990055073,48
expressive,27748,578.0833333333334,5035885.451388889,3.8819279725807183,48
receptive,27731,577.7291666666666,1472538.3224826388,2.100433854419624,48
rig,27723,577.5625,4592944.49609375,3.7106211101479576,48
arithmetic,27710,577.2916666666666,2347444.8732638895,2.6540091309737908,48
proven,27694,576.9583333333334,442018.62326388893,1.1523272531185007,48
swallow,27685,576.7708333333334,1426119.343315972,2.0704971869316613,48
florida,27682,576.7083333333334,1343101.9565972222,2.009547443610552,48
mistake,27677,576.6041666666666,1995102.9891493057,2.4496547686105274,48
marry,27659,576.2291666666666,2385506.343315972,2.680371866776568,48
obtained,27655,576.1458333333334,435282.3328993055,1.1451255238571847,48
petri,27643,575.8958333333334,2200889.1349826395,2.576055092977549,48
durable,27620,575.4166666666666,2136607.7430555555,2.540270484171999,48
baker,27608,575.1666666666666,727156.8888888889,1.482587562640153,48
martínez,27608,575.1666666666666,795527.6805555556,1.5507219666453582,48
merit,27597,574.9375,351264.9752604167,1.030853115836975,48
disciplinary,27593,574.8541666666666,1352850.0412326388,2.023331980787484,48
invert,27591,574.8125,407696.02734375,1.110815768176563,48
microbiology,27582,574.625,3133412.109375,3.08052148401826,48
gpa,27582,574.625,847900.109375,1.6024623292005642,48
oxford,27577,574.5208333333334,609819.5828993056,1.3592361034239029,48
peel,27575,574.4791666666666,2902313.8745659725,2.965499842196735,48
cheese,27533,573.6041666666666,5366327.19748264,4.038557560572181,48
subordinate,27528,573.5,7988085.666666667,4.928195577176312,48
unprecedented,27522,573.375,412767.234375,1.1205051439781468,48
chow,27517,573.2708333333334,856027.9474826389,1.6139278854160286,48
violent,27482,572.5416666666666,3310197.7482638895,3.1777510548442702,48
enforcement,27477,572.4375,1609593.74609375,2.2163077322492204,48
rubber,27469,572.2708333333334,1210164.6974826388,1.922297618309799,48
quiet,27469,572.2708333333334,1411580.8641493057,2.0761143446640005,48
jr,27468,572.25,341688.8958333333,1.021479443811195,48
jiao,27467,572.2291666666666,509813.4266493057,1.2477731737983297,48
nigeria,27462,572.125,1166399.0677083333,1.8876986119875925,48
chapter,27444,571.75,708242.0208333334,1.4719215777407217,48
criteria,27440,571.6666666666666,554247.9305555556,1.3022943922108068,48
actionable,27430,571.4583333333334,570692.6232638889,1.3219546573450733,48
pleasure,27430,571.4583333333334,4805094.623263889,3.8358922727646214,48
accountability,27405,570.9375,1019362.4752604166,1.768380641884147,48
tu,27401,570.8541666666666,569829.291232639,1.322352405389259,48
pérez,27371,570.2291666666666,868680.134982639,1.6344834135647173,48
paramount,27340,569.5833333333334,289886.9513888888,0.9452725808020949,48
hangzhou,27335,569.4791666666666,512456.45789930556,1.2570444772997376,48
stably,27328,569.3333333333334,885925.1805555554,1.653224799032583,48
multilevel,27325,569.2708333333334,2436401.0724826385,2.7419242828842996,48
dwell,27321,569.1875,692375.27734375,1.4618924465116498,48
dom,27314,569.0416666666666,2769173.1649305555,2.924361040897713,48
maritime,27301,568.7708333333334,7107224.093315973,4.687191387054835,48
garner,27299,568.7291666666666,455556.57248263893,1.186767534717373,48
generated,27288,568.5,246811.0,0.8738799734296241,48
ass,27250,567.7083333333334,474196.9149305555,1.2129812644264162,48
shadow,27248,567.6666666666666,456248.84722222225,1.1898918690200484,48
linearity,27238,567.4583333333334,260549.08159722222,0.8995199404315961,48
flap,27233,567.3541666666666,1802180.7703993057,2.366164460405242,48
fv,27220,567.0833333333334,1614289.8680555557,2.24049447344663,48
simplified,27210,566.875,226283.06770833334,0.839148310464022,48
multifunctional,27194,566.5416666666666,831218.6649305556,1.6092584102850318,48
granular,27159,565.8125,396302.8606770833,1.1126051501408234,48
interior,27155,565.7291666666666,480756.28081597225,1.2256145656408979,48
son,27135,565.3125,693591.9231770834,1.4732058171176103,48
journey,27135,565.3125,1117421.83984375,1.8699069213249477,48
aligns,27132,565.25,471615.1875,1.214935774017722,48
published,27123,565.0625,351629.55859375,1.049412423150868,48
borderline,27111,564.8125,1192062.6106770833,1.9330595519956302,48
tech,27083,564.2291666666666,494116.38498263893,1.245830891352271,48
vortex,27076,564.0833333333334,1148565.4097222222,1.8999168673268265,48
dilemma,27058,563.7083333333334,2176892.289930555,2.6173633420357567,48
portable,27032,563.1666666666666,485331.01388888893,1.2370352662538207,48
elbow,26990,562.2916666666666,667882.6649305556,1.4534109856959385,48
continent,26989,562.2708333333334,507138.5724826388,1.266536662855508,48
intriguingly,26986,562.2083333333334,921659.2899305556,1.7076069897141122,48
egypt,26985,562.1875,568873.77734375,1.341611500727667,48
intrusion,26962,561.7083333333334,1864578.373263889,2.4309691882796987,48
everyone,26944,561.3333333333334,1647518.4722222222,2.2866216645522304,48
discern,26919,560.8125,346086.27734375,1.0489976242776606,48
anonymous,26918,560.7916666666666,1411780.8732638888,2.1187616108039533,48
transcribed,26892,560.25,947480.9375,1.7374142345360177,48
obligation,26869,559.7708333333334,1904919.093315972,2.4656305442980035,48
succession,26858,559.5416666666666,1741594.081597222,2.3585280081672604,48
vif,26857,559.5208333333334,911641.2495659724,1.706458465031543,48
fischer,26854,559.4583333333334,631084.8315972221,1.4199600430000332,48
compositional,26809,558.5208333333334,885421.916232639,1.6847511304504794,48
encoder,26789,558.1041666666666,559379.2599826389,1.340102184605556,48
sell,26776,557.8333333333334,591793.8055555555,1.3790523272717565,48
hide,26745,557.1875,1455102.02734375,2.1649374746108814,48
realm,26744,557.1666666666666,564280.2638888889,1.348224777168042,48
markov,26725,556.7708333333334,397925.7599826388,1.1329860189216665,48
counting,26719,556.6458333333334,637333.0620659721,1.434181980522214,48
dedicated,26718,556.625,260038.52604166666,0.9161279638030934,48
token,26692,556.0833333333334,1738903.6180555557,2.3713621121019055,48
climb,26690,556.0416666666666,784710.8315972224,1.5931163224555205,48
characterise,26628,554.75,289767.3958333333,0.9703478501002775,48
hamilton,26603,554.2291666666666,656901.4683159721,1.4623816848326379,48
heatmaps,26602,554.2083333333334,1049590.6649305555,1.8485743725682706,48
skip,26591,553.9791666666666,405862.47873263893,1.1499951772723975,48
horn,26587,553.8958333333334,463706.2599826388,1.2294004881882876,48
unexplored,26578,553.7083333333334,485313.1649305555,1.258142915601898,48
qian,26578,553.7083333333334,451426.5815972222,1.2134237874989868,48
inevitably,26557,553.2708333333334,368168.4058159722,1.096694037484971,48
wp,26537,552.8541666666666,864678.374565972,1.681964060275288,48
seminal,26523,552.5625,555346.9127604166,1.3486547087698937,48
ol,26514,552.375,563422.234375,1.3588858495012033,48
circulatory,26505,552.1875,798538.4856770834,1.618308647273953,48
financially,26474,551.5416666666666,402189.9982638888,1.1498397178232656,48
electromagnetic,26457,551.1875,754452.9856770834,1.57585673013657,48
truncate,26455,551.1458333333334,585968.6245659721,1.3888989601925525,48
court,26450,551.0416666666666,923915.0815972224,1.7443418048536385,48
maybe,26444,550.9166666666666,645874.3680555554,1.4587743342164352,48
developer,26406,550.125,475096.734375,1.2529381731852234,48
documented,26402,550.0416666666666,334009.74826388893,1.05071270023488,48
decipher,26382,549.625,786440.234375,1.6134903910067409,48
steadily,26371,549.3958333333334,280713.0724826389,0.9643750312470863,48
cooling,26365,549.2708333333334,706223.4058159721,1.5299756367263877,48
robinson,26335,548.6458333333334,771934.4370659724,1.601393725717605,48
profoundly,26333,548.6041666666666,572741.6974826389,1.37949553583916,48
forensic,26313,548.1875,3394921.6106770835,3.361133380840527,48
fingerprint,26270,547.2916666666666,878865.5399305555,1.7129409139761622,48
cape,26269,547.2708333333334,629980.9891493055,1.4503119281624866,48
definite,26268,547.25,489107.7291666667,1.277957740127702,48
adj,26268,547.25,624797.1458333334,1.444387589566615,48
encoding,26261,547.1041666666666,1544621.343315972,2.2716477734895535,48
skilled,26251,546.8958333333334,1637869.3433159722,2.3401032105973063,48
advisory,26251,546.8958333333334,595603.4266493054,1.4111525966539618,48
fabrication,26244,546.75,1929184.3541666667,2.5403764253572905,48
behavioural,26229,546.4375,871344.12109375,1.708261515294084,48
jy,26209,546.0208333333334,450887.5203993055,1.2297728310971123,48
painful,26194,545.7083333333334,823514.248263889,1.6629338472979158,48
allows,26191,545.6458333333334,250832.06206597222,0.9178689550854899,48
agglomeration,26186,545.5416666666666,3133405.7065972225,3.244743632548549,48
door,26182,545.4583333333334,667010.623263889,1.4972861049077952,48
quantile,26154,544.875,528629.6510416666,1.334378013773111,48
didn,26131,544.3958333333334,774805.1141493056,1.6168936176617326,48
interconnected,26127,544.3125,226727.08984375,0.8747891723407407,48
affair,26125,544.2708333333334,532797.9058159721,1.341115533707307,48
singular,26110,543.9583333333334,782320.7065972221,1.6260233514555886,48
modular,26075,543.2291666666666,327148.25998263893,1.052905095988417,48
obscure,26064,543.0,285103.9583333333,0.9833356714995135,48
rodríguez,26031,542.3125,668691.5065104166,1.5078678749699594,48
pause,26003,541.7291666666666,1238079.7808159722,2.053960545438488,48
fifty,25984,541.3333333333334,395192.6388888888,1.1612872372338492,48
matched,25966,540.9583333333334,577778.9565972221,1.4051317424055736,48
vb,25955,540.7291666666666,1531800.0308159722,2.2888706018264973,48
ana,25949,540.6041666666666,1867496.655815972,2.527845506120122,48
inspect,25941,540.4375,379603.87109375,1.1400393450629953,48
chill,25918,539.9583333333334,3610407.7482638895,3.518988747548316,48
participants,25916,539.9166666666666,1540026.2430555553,2.298461993855434,48
assessed,25910,539.7916666666666,388206.49826388893,1.154264196753268,48
unpredictable,25887,539.3125,587176.1315104166,1.42083520816924,48
modifiable,25882,539.2083333333334,742269.6232638889,1.5978067385257946,48
drastically,25868,538.9166666666666,389316.5763888888,1.1577901031888533,48
relax,25860,538.75,643807.9375,1.4893298028704098,48
universidad,25859,538.7291666666666,370579.072482639,1.129977917012523,48
correspondingly,25840,538.3333333333334,307270.4305555555,1.0296962059595038,48
poc,25814,537.7916666666666,3045870.3732638895,3.2452012901275733,48
modifier,25797,537.4375,379923.7044270833,1.1468859417309647,48
aside,25781,537.1041666666666,362974.1766493055,1.1217067748003537,48
gan,25777,537.0208333333334,291323.89539930556,1.0050714116549913,48
optimism,25769,536.8541666666666,4762255.499565973,4.064901421039396,48
controversy,25767,536.8125,340949.9440104167,1.0877339696429926,48
abdomen,25756,536.5833333333334,997427.4930555555,1.8612447614313652,48
bo,25744,536.3333333333334,458000.3888888888,1.2618221130120473,48
philosophy,25735,536.1458333333334,2536894.9162326385,2.9707650357551874,48
tuning,25726,535.9583333333334,278148.0815972222,0.9840269810938789,48
shortly,25726,535.9583333333334,340544.3732638888,1.0888193404526223,48
breadth,25720,535.8333333333334,849698.5972222221,1.7202941946439183,48
wright,25708,535.5833333333334,681279.2013888889,1.5411166462661667,48
extrapolate,25707,535.5625,239230.95442708334,0.9132686006174242,48
aw,25699,535.3958333333334,420012.7391493055,1.2104761708704501,48
succeed,25666,534.7083333333334,1139757.748263889,1.9965919882919183,48
mere,25663,534.6458333333334,1332532.7703993057,2.1591000255493413,48
reasonably,25620,533.75,338532.4791666667,1.0900898172121527,48
shore,25603,533.3958333333334,4787341.739149305,4.102018326012714,48
pioneer,25602,533.375,299360.484375,1.0258044543304243,48
vf,25596,533.25,531555.6875,1.3672361117550393,48
hint,25590,533.125,418014.984375,1.2127376942112915,48
sharply,25541,532.1041666666666,312350.71831597225,1.050327157423052,48
viewer,25500,531.25,1311819.3958333333,2.15594700274892,48
prescribed,25490,531.0416666666666,535353.8315972221,1.3778180172391834,48
heuristic,25490,531.0416666666666,1986406.0815972222,2.654027508911545,48
ky,25473,530.6875,428972.9231770833,1.234173115993189,48
defensive,25467,530.5625,1388011.6627604167,2.2205471884382897,48
poorer,25458,530.375,663038.4427083334,1.535275466136931,48
ave,25456,530.3333333333334,4170995.2222222215,3.85097696858217,48
ahmed,25455,530.3125,385195.9231770833,1.17033172254862,48
az,25429,529.7708333333334,549672.6349826389,1.3994713558372673,48
arabic,25418,529.5416666666666,1864741.7899305557,2.578749839035239,48
strawberry,25407,529.3125,5855192.381510417,4.571496949691984,48
restrain,25398,529.125,672455.4010416666,1.5497921671196113,48
honey,25398,529.125,1207478.0677083333,2.0767362517518992,48
analogue,25397,529.1041666666666,623381.8433159724,1.492230432797947,48
formally,25372,528.5833333333334,388506.9930555555,1.179195884701285,48
recur,25352,528.1666666666666,414926.51388888893,1.2195921063944537,48
rough,25349,528.1041666666666,315459.34331597225,1.063535775597657,48
ham,25345,528.0208333333334,579191.9370659721,1.4413192781897148,48
pei,25329,527.6875,569328.6731770834,1.4298968906644702,48
sponsor,25310,527.2916666666666,363409.91493055556,1.143266500641121,48
scalable,25300,527.0833333333334,227919.03472222222,0.9057555725538027,48
grammar,25289,526.8541666666666,3607241.7912326385,3.60493308595474,48
depends,25276,526.5833333333334,326144.7847222222,1.084521359507714,48
berlin,25274,526.5416666666666,424488.91493055556,1.237372423675113,48
fs,25260,526.25,251237.3125,0.9524670505170675,48
sánchez,25250,526.0416666666666,633647.4565972224,1.5132256803305328,48
collected,25243,525.8958333333334,376753.80164930556,1.1671564965532975,48
ahead,25221,525.4375,493551.12109375,1.337041867007241,48
fernández,25219,525.3958333333334,623931.9058159721,1.5034257106682818,48
isi,25219,525.3958333333334,991669.6141493056,1.8953825537991504,48
undergoes,25215,525.3125,421332.33984375,1.2356476924373463,48
deterministic,25205,525.1041666666666,585407.7599826389,1.457081261612528,48
participates,25204,525.0833333333334,713092.9930555555,1.6082177492889318,48
lam,25191,524.8125,615759.9856770834,1.4952078249565346,48
jk,25180,524.5833333333334,367897.86805555556,1.1562430816590568,48
bangladesh,25158,524.125,1077200.9427083333,1.980220202768583,48
dissociate,25145,523.8541666666666,569369.916232639,1.4404124143531098,48
noisy,25137,523.6875,523787.6731770833,1.381991681689239,48
religion,25108,523.0833333333334,2099438.159722222,2.770005687440011,48
analytics,25107,523.0625,402364.5169270833,1.2127080270829125,48
prevail,25095,522.8125,402141.2356770833,1.2129512360405033,48
smc,25087,522.6458333333334,414026.2703993055,1.2311372074907958,48
ascribe,25052,521.9166666666666,449417.7430555557,1.2844699295635198,48
fog,25042,521.7083333333334,990752.123263889,1.9078961517634496,48
pillar,25041,521.6875,431121.3815104167,1.2586047031624732,48
embrace,25029,521.4375,1017616.49609375,1.9345938744502642,48
hardly,25026,521.375,452742.484375,1.2905517438128007,48
folding,25025,521.3541666666666,533587.5620659721,1.4011027969480758,48
versatile,25021,521.2708333333334,501707.3641493055,1.358819630364181,48
punishment,25014,521.125,3231377.9427083335,3.4494668047025048,48
till,25013,521.1041666666666,478043.5516493057,1.326811375899321,48
elasticity,24944,519.6666666666666,319803.3472222222,1.0882198462391275,48
radar,24941,519.6041666666666,808140.1141493055,1.730098012937285,48
encouraging,24919,519.1458333333334,608674.3328993055,1.5028066961342412,48
inception,24903,518.8125,379765.3606770833,1.1878107279350327,48
martinez,24900,518.75,549537.7291666666,1.4290277017102522,48
pid,24882,518.375,1948412.6927083333,2.6927524311357556,48
segregate,24874,518.2083333333334,1068664.8315972222,1.9948781162346745,48
polynomial,24858,517.875,265467.6927083333,0.9949033456175808,48
cylinder,24834,517.375,437082.4427083333,1.2778393018079832,48
specialization,24810,516.875,523157.1510416667,1.3993635458948688,48
disposition,24784,516.3333333333334,2337814.5555555555,2.9612485842766803,48
rotational,24769,516.0208333333334,351241.8537326388,1.1485129449082232,48
boil,24741,515.4375,696930.1627604166,1.6196404648213225,48
craft,24730,515.2083333333334,2431355.2065972225,3.026504518771705,48
endure,24716,514.9166666666666,762162.7430555555,1.6954575025842133,48
devote,24715,514.8958333333334,835375.7599826389,1.7750948221825544,48
escalation,24685,514.2708333333334,918485.1141493055,1.8635633762575368,48
bic,24685,514.2708333333334,953969.072482639,1.899219905436188,48
dangerous,24683,514.2291666666666,647583.9683159721,1.5649171085906413,48
restrictive,24676,514.0833333333334,585219.7430555556,1.4880789056525512,48
campbell,24672,514.0,856426.2083333334,1.8004532767462138,48
directive,24649,513.5208333333334,456596.4578993055,1.315855504623489,48
kr,24623,512.9791666666666,422350.6453993057,1.2668840060571525,48
enables,24584,512.1666666666666,253544.4305555556,0.9831408184382857,48
rodriguez,24581,512.1041666666666,527934.3849826389,1.4188342548786588,48
paragraph,24580,512.0833333333334,454415.7430555555,1.3163944520435236,48
trainee,24579,512.0625,1225102.6419270833,2.1615399467522294,48
paul,24577,512.0208333333334,339066.2287326389,1.1372465704610213,48
algorithmic,24573,511.9375,675555.8919270834,1.6055125316811272,48
duncan,24560,511.6666666666667,1649731.0555555557,2.5102643005549057,48
crossover,24552,511.5,254622.625,0.9865131019409172,48
colored,24543,511.3125,523277.46484375,1.4147496853972596,48
nothing,24521,510.8541666666667,1337267.0412326388,2.263664867262752,48
unavailable,24506,510.5416666666667,253534.6232638889,0.9862509764130305,48
biochemistry,24492,510.25,472391.5625,1.3470014170356714,48
whenever,24491,510.2291666666667,513182.4266493055,1.4040113126635017,48
sir,24486,510.125,536725.109375,1.436148499495022,48
objectively,24483,510.0625,586331.5169270834,1.501233421680118,48
descent,24477,509.9375,203863.60026041666,0.8854272716306676,48
swing,24476,509.9166666666667,666562.2013888889,1.6011098678180256,48
affirm,24460,509.5833333333333,646300.201388889,1.577618281693413,48
biophysical,24454,509.4583333333333,362720.41493055556,1.1821629098097335,48
inclination,24452,509.4166666666667,979472.826388889,1.9427774152684605,48
coexistence,24441,509.1875,344318.4440104167,1.1523977717706675,48
scott,24439,509.1458333333333,487201.1662326388,1.3709195369586025,48
subdivide,24434,509.0416666666667,327905.87326388893,1.1249190349764457,48
protocols,24433,509.0208333333333,285078.89539930556,1.0489311337290406,48
rash,24423,508.8125,1377941.2356770833,2.307053024637694,48
governmental,24398,508.2916666666667,1042943.7482638886,2.009173553583291,48
binomial,24384,508.0,467393.5833333333,1.3457911270788576,48
pep,24360,507.5,670310.625,1.613251230774993,48
dictate,24355,507.3958333333333,383198.73914930556,1.2200149125155608,48
ireland,24348,507.25,333010.9791666667,1.137646199638566,48
rectangle,24345,507.1875,403133.27734375,1.2518600583184563,48
mod,24333,506.9375,506865.8919270833,1.40440418535267,48
efficacious,24326,506.7916666666667,636620.6649305556,1.5743848461075058,48
timepoint,24313,506.5208333333333,610090.6245659722,1.5420549964928454,48
methods,24310,506.4583333333333,322068.58159722225,1.1205479846766573,48
sick,24309,506.4375,1004725.7877604166,1.979237534391468,48
insensitive,24262,505.4583333333333,1104385.5815972222,2.079098202780305,48
saving,24252,505.25,673815.5208333334,1.6246663407828545,48
cleaning,24251,505.2291666666667,463497.67664930556,1.34752045541329,48
enormous,24244,505.0833333333333,243283.40972222225,0.9765471323426401,48
flare,24212,504.4166666666667,1918045.8680555553,2.7456177034558173,48
trip,24206,504.2916666666667,753552.2899305554,1.7213726776845708,48
mlp,24192,504.0,303982.125,1.0939399602884052,48
smear,24191,503.9791666666667,717732.6870659724,1.6810041228616912,48
ais,24186,503.875,1989557.359375,2.7993385252918936,48
pw,24184,503.8333333333333,252894.72222222225,0.9981205245836468,48
striking,24174,503.625,377879.8177083333,1.220589327240603,48
zoom,24171,503.5625,333615.7044270833,1.1470170196621996,48
chu,24167,503.4791666666667,385569.5412326388,1.2333031894964819,48
eh,24136,502.8333333333333,358936.55555555556,1.1914745923706132,48
uniformity,24132,502.75,396112.7708333333,1.2518645546152751,48
roof,24124,502.5833333333333,2381994.701388889,3.070876232309176,48
multitude,24122,502.5416666666667,286723.95659722225,1.0655158508186444,48
killing,24120,502.5,2850341.9583333335,3.359792194812102,48
qualified,24103,502.1458333333333,368517.79123263893,1.208925021366537,48
monetary,24097,502.0208333333333,1466061.1037326388,2.4118722209584487,48
seemingly,24086,501.7916666666667,546017.2899305554,1.4725828995576475,48
oliveira,24076,501.5833333333333,480772.2430555555,1.3823773067991905,48
articulate,24054,501.125,1182581.0260416667,2.170048218951457,48
violin,24038,500.7916666666667,1082795.3732638888,2.077859136336405,48
companion,24018,500.375,1128125.859375,2.122673382691172,48
confluence,23989,499.7708333333333,497665.2183159722,1.411554781448179,48
chat,23988,499.75,641979.8125,1.6032744919302497,48
qualification,23986,499.7083333333333,982793.873263889,1.9838764781766687,48
exposed,23974,499.4583333333333,298215.83159722225,1.09336730769844,48
mandate,23963,499.2291666666667,606625.0933159721,1.560128013925159,48
mer,23958,499.125,1057908.0260416667,2.0606993438067764,48
violate,23948,498.9166666666667,1249608.4097222222,2.2405722743335525,48
xx,23927,498.4791666666667,326350.54123263893,1.146027809716397,48
strategies,23927,498.4791666666667,346370.9995659722,1.1806570078559677,48
limiting,23927,498.4791666666667,504188.4995659723,1.4244573662948898,48
detach,23924,498.4166666666667,442839.99305555556,1.3351524630848908,48
vertically,23924,498.4166666666667,604514.9097222224,1.5599509826448825,48
beck,23916,498.25,1210343.6041666667,2.208040486955962,48
jung,23911,498.1458333333333,545305.7912326389,1.4823936737226846,48
metadata,23900,497.9166666666667,526604.3680555556,1.4574228189125336,48
remainder,23889,497.6875,209700.33984375,0.9201165324408066,48
antenna,23874,497.375,925700.7760416666,1.9344226192005995,48
ß,23864,497.1666666666667,397827.0138888888,1.2686596638544896,48
pdf,23836,496.5833333333333,217870.53472222225,0.9399551035953062,48
ym,23834,496.5416666666667,520348.53993055556,1.4527519682545489,48
inhabit,23777,495.3541666666667,1409987.7703993057,2.3971314647299815,48
attrition,23765,495.1041666666667,923347.5099826389,1.9408233561679287,48
rev,23759,494.9791666666667,538060.728732639,1.4819335407772545,48
friedman,23749,494.7708333333333,474258.80164930556,1.3918858175882807,48
gear,23746,494.7083333333333,3450429.081597222,3.754804474136763,48
arab,23735,494.4791666666667,553089.3328993056,1.5040062555708498,48
freezing,23723,494.2291666666667,427497.9683159722,1.3229354557753692,48
sas,23720,494.1666666666667,368223.3888888888,1.2279543954728143,48
hunt,23703,493.8125,494684.77734375,1.424302360330081,48
essence,23695,493.6458333333333,854022.3953993056,1.8720573715477882,48
bs,23682,493.375,417228.9427083333,1.3092122922336313,48
euclidean,23680,493.3333333333333,304424.0972222222,1.1184048782913885,48
closeness,23675,493.2291666666667,1957517.7183159722,2.8366392024502685,48
quote,23657,492.8541666666667,973287.9162326389,2.0017149521991473,48
gonzalez,23642,492.5416666666667,412880.3732638888,1.3045752763076004,48
siemens,23641,492.5208333333333,572221.2078993055,1.5358802976136645,48
loose,23639,492.4791666666667,302580.54123263893,1.116947175963825,48
grammatical,23639,492.4791666666667,5665778.749565974,4.833279855790441,48
usd,23638,492.4583333333333,676944.0815972222,1.6707324463498825,48
criticism,23623,492.1458333333333,2169764.874565972,2.993040025055967,48
am,23616,492.0,1193630.0833333333,2.2205971351151947,48
amplified,23613,491.9375,891552.8919270834,1.919391763350133,48
fatality,23595,491.5625,857534.62109375,1.8838533295713775,48
contradict,23590,491.4583333333333,574497.0815972224,1.5422586328878813,48
fz,23586,491.375,498790.2760416667,1.4372950580392168,48
devise,23565,490.9375,304356.7252604167,1.123738459313669,48
gn,23552,490.6666666666667,691650.9722222222,1.6949501923534551,48
mx,23535,490.3125,812058.6731770834,1.8378951822338756,48
bare,23534,490.2916666666667,474925.0399305555,1.4055879399175621,48
instantaneous,23510,489.7916666666667,325542.5399305555,1.1649102913677238,48
vol,23464,488.8333333333333,611589.013888889,1.5998122765998177,48
spacing,23445,488.4375,722541.3294270834,1.7402928953653891,48
deduce,23428,488.0833333333333,320257.82638888893,1.1594603398664116,48
predictable,23413,487.7708333333333,664253.0099826391,1.6709018419317934,48
boston,23395,487.3958333333333,310449.44748263893,1.1431774088815476,48
ordinal,23392,487.3333333333333,837568.888888889,1.8779505433643344,48
retirement,23384,487.1666666666667,2281860.5138888885,3.100751636951579,48
interconnect,23373,486.9375,175640.68359375,0.8606752961797794,48
omission,23360,486.6666666666667,813144.472222222,1.8529011716558,48
suggests,23359,486.6458333333333,351948.1453993055,1.219063508339822,48
zw,23339,486.2291666666667,311408.7183159722,1.1476894168291267,48
logistics,23339,486.2291666666667,826197.0516493055,1.8693938680147462,48
drawing,23336,486.1666666666667,1551184.597222222,2.5618079149028667,48
undetectable,23317,485.7708333333333,948366.9266493055,2.004734039934671,48
swarm,23306,485.5416666666667,860650.9149305556,1.9106758423998564,48
females,23291,485.2291666666667,471624.34331597225,1.4153088056711154,48
paris,23283,485.0625,261057.60026041666,1.0533445922201945,48
discriminatory,23281,485.0208333333333,346671.93706597225,1.2139448306906058,48
api,23278,484.9583333333333,410719.66493055556,1.3215035132006943,48
skewness,23271,484.8125,1242201.4440104167,2.2989112528463878,48
dampen,23265,484.6875,1609606.83984375,2.6175686762714747,48
shelter,23252,484.4166666666667,1020346.2013888889,2.0852335273129596,48
runner,23247,484.3125,1792487.08984375,2.7644092657214197,48
scalability,23244,484.25,188849.60416666666,0.8974048452663487,48
bandwidth,23226,483.875,481021.9010416667,1.4333400660770506,48
advent,23216,483.6666666666667,315161.68055555556,1.1607015010860293,48
representativeness,23211,483.5625,769771.4544270834,1.8143801538548274,48
cart,23210,483.5416666666667,1091586.9149305553,2.160703908093092,48
transaction,23208,483.5,1021904.1666666666,2.0907812973175726,48
dynamical,23173,482.7708333333333,537117.5933159722,1.5180765256124449,48
harsh,23143,482.1458333333333,700204.6245659721,1.735537769519317,48
scalar,23134,481.9583333333333,1197389.4565972222,2.2704305455375065,48
rip,23095,481.1458333333333,731943.3745659721,1.7781238728666318,48
james,23092,481.0833333333333,501696.7847222222,1.4723136802052994,48
rigidity,23085,480.9375,281299.1419270833,1.1027969649266798,48
rigor,23081,480.8541666666667,529315.4995659722,1.5130173982997024,48
strive,23074,480.7083333333333,1531536.7899305553,2.574435799148506,48
cosmetic,23064,480.5,410613.5416666667,1.3335927995697276,48
restraint,23040,480.0,531667.8333333334,1.5190740871254191,48
attractiveness,23034,479.875,4186912.5260416665,4.264015931647091,48
refuse,23033,479.8541666666667,667477.2078993056,1.7025855770629656,48
unfamiliar,23021,479.6041666666667,2175503.9058159725,3.075367257136394,48
schneider,23007,479.3125,550732.96484375,1.5482881188727542,48
spar,22989,478.9375,999296.3502604166,2.087220385161017,48
cgi,22981,478.7708333333333,700632.9683159721,1.7483066087236057,48
neighboring,22971,478.5625,193289.87109375,0.9186834311915937,48
alive,22971,478.5625,556434.7877604166,1.5587213085398108,48
jing,22957,478.2708333333333,398187.61414930556,1.3193802434407222,48
gpt,22956,478.25,723342.6041666666,1.7783492003829884,48
consolidate,22936,477.8333333333333,301441.8888888888,1.1490141014906923,48
lambda,22923,477.5625,571630.4127604166,1.5831696159630309,48
undoubtedly,22914,477.375,273587.9427083333,1.0956927940218146,48
shin,22908,477.25,394139.1458333333,1.3154636399104649,48
contingent,22903,477.1458333333333,1166302.166232639,2.2633640078020445,48
derivation,22886,476.7916666666667,189925.58159722222,0.9140355268330324,48
vicinity,22865,476.3541666666667,311832.3537326389,1.172278009053712,48
vote,22863,476.3125,1561084.1315104167,2.623138221747812,48
facilitates,22862,476.2916666666667,393947.4149305555,1.3177898084237893,48
everything,22862,476.2916666666667,1366841.2899305553,2.454630135610918,48
bulb,22857,476.1875,633455.2356770834,1.6713983692953558,48
inconclusive,22855,476.1458333333333,320020.2495659722,1.1880883614219016,48
interpretable,22848,476.0,242780.20833333334,1.0351414210224472,48
ben,22827,475.5625,380059.24609375,1.2963373969806202,48
heightened,22821,475.4375,577460.62109375,1.5983347923096594,48
anticipated,22819,475.3958333333333,685390.947482639,1.7414612332214723,48
census,22813,475.2708333333333,1030160.9891493056,2.135558077386933,48
else,22811,475.2291666666667,1327487.593315972,2.4244439502880604,48
universally,22795,474.8958333333333,288008.25998263893,1.1300667907787876,48
crest,22784,474.6666666666667,533307.3055555556,1.5385089672504344,48
condensation,22777,474.5208333333333,432716.2078993055,1.3862651225679103,48
visitor,22776,474.5,1173570.2916666667,2.2830653180736022,48
caloric,22752,474.0,1002787.7916666666,2.1126433031905343,48
anything,22750,473.9583333333333,1370207.1232638888,2.4697497313083505,48
edward,22733,473.6041666666667,528629.4058159722,1.535182970901685,48
ke,22713,473.1875,298025.9856770833,1.1537024183395717,48
shao,22691,472.7291666666667,394037.07248263893,1.327871786457641,48
fragile,22686,472.625,186021.94270833334,0.9125683396457148,48
washington,22685,472.6041666666667,239900.98914930553,1.0363786867571723,48
yx,22684,472.5833333333333,343085.57638888893,1.2394323545447368,48
mainland,22676,472.4166666666667,841403.6597222221,1.941677005148918,48
watson,22655,471.9791666666667,885187.6870659721,1.9934018317329159,48
mechanically,22654,471.9583333333333,308343.28993055556,1.1765586799277028,48
printing,22644,471.75,1967022.2708333333,2.9729850800538533,48
contingency,22632,471.5,1347707.7916666667,2.462159438772209,48
yb,22620,471.25,477886.4791666667,1.4669354652573374,48
suppresses,22614,471.125,1128105.5260416667,2.2544401631934106,48
automation,22609,471.0208333333333,421651.14539930556,1.3785944499004543,48
modelling,22601,470.8541666666667,263966.87456597225,1.0911596484922157,48
mercury,22599,470.8125,572408.4856770834,1.606959927226616,48
promptly,22585,470.5208333333333,330448.7495659723,1.2217242629830718,48
legend,22565,470.1041666666667,415896.88498263893,1.3718250637059548,48
grading,22563,470.0625,536852.9752604166,1.5587342424574528,48
inaccurate,22554,469.875,276715.7760416667,1.1195271265053686,48
authenticity,22540,469.5833333333333,1679908.451388889,2.7601337857469304,48
qu,22509,468.9375,425387.93359375,1.3908414322592557,48
sight,22500,468.75,892193.5625,2.0150612982129243,48
homogenous,22499,468.7291666666667,209290.61414930553,0.9760069222335593,48
hyperparameters,22491,468.5625,270286.6627604167,1.1095446401775018,48
competitiveness,22489,468.5208333333333,771280.0828993056,1.8744642037015231,48
switching,22483,468.3958333333333,694798.4474826389,1.7795754120238612,48
specified,22481,468.3541666666667,173659.27039930553,0.8897635239826184,48
kolmogorov,22473,468.1875,210880.73567708334,0.9808410635618539,48
contexts,22469,468.1041666666667,1461574.218315972,2.5826641250443587,48
improves,22437,467.4375,272177.49609375,1.1160985827544314,48
ku,22434,467.375,455041.3177083333,1.443311054697861,48
crucially,22425,467.1875,625374.15234375,1.6926951477882977,48
oneself,22416,467.0,3669419.1666666665,4.101868958891245,48
depress,22405,466.7708333333333,929041.3433159724,2.0649702997173747,48
spite,22401,466.6875,298589.33984375,1.1708762061818923,48
genuine,22395,466.5625,975572.87109375,2.1169959541605117,48
abnormally,22381,466.2708333333333,382068.8641493055,1.3256612867539457,48
intriguing,22380,466.25,347938.2708333333,1.2651215559483875,48
pinpoint,22378,466.2083333333333,304681.91493055556,1.183977109759114,48
pz,22366,465.9583333333333,422282.70659722225,1.3946157483289725,48
proposition,22351,465.6458333333333,1639934.5620659722,2.750157322022393,48
compress,22330,465.2083333333333,174366.5399305556,0.8976025736151141,48
spatio,22324,465.0833333333333,417501.9930555555,1.3893078833976484,48
hinge,22321,465.0208333333333,577925.2287326389,1.6347954363919153,48
unequal,22317,464.9375,422503.7252604167,1.398043533977404,48
sj,22306,464.7083333333333,357267.87326388893,1.2862237421463827,48
invaluable,22301,464.6041666666667,181361.03081597216,0.9166190680549337,48
averaged,22301,464.6041666666667,355089.69748263893,1.2825843478053465,48
branching,22300,464.5833333333333,815941.7847222224,1.9443120214779837,48
rao,22289,464.3541666666667,315536.64539930556,1.2096940796761964,48
elongate,22278,464.125,662948.0677083334,1.7543037524089482,48
negotiation,22253,463.6041666666667,920850.3224826389,2.0698896440523735,48
ug,22247,463.4791666666667,502251.8745659722,1.5290812599791843,48
são,22228,463.0833333333333,248639.8680555556,1.0767781458638022,48
undesirable,22224,463.0,362508.3333333333,1.3004031303596046,48
symmetrical,22218,462.875,208358.234375,0.9861468895426347,48
nelson,22212,462.75,493662.6458333333,1.518338854549401,48
connectedness,22161,461.6875,2721290.0481770835,3.573051700957678,48
dichotomous,22156,461.5833333333333,645970.201388889,1.7412299279484922,48
installation,22146,461.375,674302.484375,1.7798086850097636,48
patel,22143,461.3125,420330.5481770833,1.4054009877006464,48
binder,22138,461.2083333333333,775790.2899305556,1.9097434273715392,48
vietnam,22136,461.1666666666667,432289.6805555555,1.425704516533315,48
welch,22108,460.5833333333333,346622.99305555556,1.2782637277731967,48
presented,22107,460.5625,372792.5377604167,1.3256993133912383,48
lightweight,22106,460.5416666666667,1742811.4149305557,2.8665285365944517,48
beneath,22106,460.5416666666667,946538.0399305555,2.1125164907679843,48
nested,22071,459.8125,354409.8606770833,1.2947088747826927,48
dy,22062,459.625,286833.0260416667,1.165228060212989,48
intrinsically,22044,459.25,389720.8541666667,1.3593386266709657,48
bps,22016,458.6666666666667,358410.5138888888,1.3052484656878174,48
combinatorial,22007,458.4791666666667,697696.2912326386,1.8218541285478371,48
metallic,21991,458.1458333333333,597125.6662326389,1.6866661467662136,48
clarke,21979,457.8958333333333,603666.8433159722,1.696805134583272,48
rw,21972,457.75,314942.9791666667,1.225991933416183,48
cornerstone,21948,457.25,314078.7291666667,1.2256474002261313,48
michael,21936,457.0,216123.83333333334,1.017267408995505,48
safely,21929,456.8541666666667,238794.62456597225,1.0696327285413343,48
spawn,21921,456.6875,4170300.6315104165,4.4716165743130185,48
revolutionize,21920,456.6666666666667,466632.5972222222,1.495850615318635,48
rosa,21914,456.5416666666667,437338.91493055556,1.448533827190649,48
nut,21906,456.375,1393519.3177083333,2.5866320282350217,48
inf,21887,455.9791666666667,826026.0203993055,1.9932045207605285,48
eradicate,21862,455.4583333333333,803212.081597222,1.9677343344731018,48
incoming,21850,455.2083333333333,310666.12326388893,1.2244378470568171,48
globe,21849,455.1875,261671.44401041666,1.1237969218858035,48
inequity,21843,455.0625,1843433.30859375,2.9836142093973423,48
steer,21838,454.9583333333333,302338.2899305555,1.2085787442667957,48
kurtosis,21836,454.9166666666667,1178721.909722222,2.3865680915945826,48
presume,21829,454.7708333333333,247190.75998263888,1.0932601368803752,48
fragmented,21824,454.6666666666667,196652.3888888889,0.9753410377061342,48
void,21819,454.5625,297808.8294270833,1.200535978595636,48
ruiz,21796,454.0833333333333,451510.5347222222,1.4797841867021497,48
temporarily,21784,453.8333333333333,285887.5138888889,1.1781516696090166,48
recorded,21773,453.6041666666667,197797.1141493055,0.9804669080590157,48
golden,21759,453.3125,415415.4231770833,1.4218167083501463,48
dz,21759,453.3125,346779.58984375,1.2990595785187034,48
gs,21756,453.25,536248.3125,1.61564208182445,48
chung,21755,453.2291666666667,332461.92664930556,1.2721933128158942,48
hind,21754,453.2083333333333,601564.4982638889,1.7113672322976616,48
portuguese,21751,453.1458333333333,1061484.291232639,2.2736247840997654,48
zc,21749,453.1041666666667,413950.5933159722,1.4199602885243965,48
lopez,21743,452.9791666666667,374699.4370659722,1.3513358294129127,48
pierce,21743,452.9791666666667,395895.31206597225,1.3890310408978856,48
inefficient,21741,452.9375,279123.9752604167,1.1664343274211024,48
upload,21740,452.9166666666667,232528.8680555555,1.064682550652366,48
mate,21736,452.8333333333333,966282.5555555556,2.170769353067077,48
enforce,21719,452.4791666666667,252087.1662326389,1.1096263984012047,48
gentle,21718,452.4583333333333,283784.33159722225,1.1773771833334523,48
inevitable,21717,452.4375,243641.49609375,1.0909806173105097,48
showing,21713,452.3541666666667,252364.14539930553,1.1105426223654837,48
ross,21702,452.125,484503.734375,1.539536687231886,48
jordan,21696,452.0,395976.9166666667,1.3921835569081804,48
intimate,21694,451.9583333333333,1247467.2065972225,2.4712470871091368,48
unresolved,21693,451.9375,311596.0169270833,1.2351439341873294,48
durability,21665,451.3541666666667,519785.68706597225,1.5973301981899062,48
throat,21657,451.1875,773262.52734375,1.9489756946243932,48
seventh,21656,451.1666666666667,269747.55555555556,1.151176070965861,48
deliberate,21642,450.875,1492797.859375,2.7098443513885973,48
unconscious,21628,450.5833333333333,3344331.909722222,4.058630949482641,48
confers,21628,450.5833333333333,699184.2847222221,1.855755283112546,48
mexican,21619,450.3958333333333,435796.19748263893,1.4657076483991962,48
brightness,21618,450.375,300050.0260416667,1.2162491766209669,48
negativity,21613,450.2708333333333,1418932.4058159722,2.6454955635631277,48
labeled,21612,450.25,299565.8958333333,1.2156049594032532,48
anomalous,21606,450.125,645260.859375,1.784573857809598,48
xiang,21603,450.0625,359445.43359375,1.3321209458999943,48
nationally,21600,450.0,977146.5416666666,2.1966827309778103,48
bayes,21595,449.8958333333333,439315.3433159722,1.4732492027114092,48
darkness,21589,449.7708333333333,1426725.6766493057,2.655699609266705,48
accommodation,21587,449.7291666666667,580005.3641493056,1.6934210381762387,48
exerts,21577,449.5208333333333,775099.0828993056,1.958523501705587,48
externally,21572,449.4166666666667,386856.36805555556,1.3839668921106327,48
performs,21566,449.2916666666667,171207.53993055556,0.9209436971945849,48
vienna,21531,448.5625,239580.28776041666,1.0911955281589325,48
containing,21526,448.4583333333333,425107.7482638888,1.453876148499477,48
filtered,21512,448.1666666666667,438538.8472222223,1.4776258612847417,48
halt,21501,447.9375,311538.1002604167,1.2460577246070121,48
subtraction,21499,447.8958333333333,477841.0516493055,1.5433509956397145,48
occupancy,21483,447.5625,280040.1627604167,1.1823783518359416,48
anticipation,21478,447.4583333333333,1622825.748263889,2.8469729723367467,48
guard,21465,447.1875,1397673.1106770833,2.643705956677,48
paulo,21460,447.0833333333333,265363.53472222225,1.152211330113594,48
centroid,21457,447.0208333333333,255892.64539930553,1.1316213646028035,48
federation,21457,447.0208333333333,364093.64539930556,1.3498290975358358,48
triad,21429,446.4375,736056.3294270834,1.9217410110406548,48
adequacy,21410,446.0416666666667,735323.873263889,1.9224891752879203,48
orbit,21409,446.0208333333333,1091789.728732639,2.342687484220965,48
entrance,21383,445.4791666666667,261398.16623263888,1.1476880764906252,48
murphy,21368,445.1666666666667,409244.22222222225,1.437039284675116,48
bifurcation,21367,445.1458333333333,431765.2912326388,1.4761196141468407,48
ink,21361,445.0208333333333,471528.4370659722,1.543027272215322,48
urgency,21349,444.7708333333333,427214.3849826388,1.469557670579649,48
reuse,21322,444.2083333333333,258015.45659722222,1.1434999766922496,48
boxplots,21306,443.875,334685.9427083333,1.3033409796580833,48
sickness,21302,443.7916666666667,606679.248263889,1.755094183759953,48
compelling,21298,443.7083333333333,280088.6232638889,1.1927519880569906,48
artificially,21288,443.5,326999.75,1.2893774963401292,48
forth,21269,443.1041666666667,484119.0516493055,1.5702552462265975,48
rebound,21266,443.0416666666667,251436.37326388885,1.131799453026984,48
internally,21262,442.9583333333333,424598.9982638888,1.4710471947632646,48
forming,21250,442.7083333333333,359251.53993055556,1.3538845185940274,48
lx,21236,442.4166666666667,376323.03472222225,1.386592739630661,48
disposal,21235,442.3958333333333,420354.2808159722,1.4655367364620988,48
rec,21232,442.3333333333333,234784.9305555556,1.0954320446959647,48
assure,21201,441.6875,389479.9231770833,1.4129520672896776,48
inertia,21201,441.6875,1234963.5481770833,2.5160076705207626,48
novice,21189,441.4375,2109189.6627604165,3.2899446654778157,48
practically,21178,441.2083333333333,358095.1649305555,1.3562992511518683,48
saturated,21140,440.4166666666667,354217.2430555555,1.351360136675949,48
commence,21125,440.1041666666667,204803.55164930553,1.0282844341719413,48
torres,21120,440.0,296136.0416666667,1.236781433558064,48
employer,21107,439.7291666666667,1508566.489149305,2.793167340390767,48
yg,21054,438.625,276168.8177083333,1.1981024027571483,48
oecd,21045,438.4375,914669.5794270834,2.1813453326643195,48
administrator,21043,438.3958333333333,1338037.2808159722,2.6385643432253043,48
fifteen,21042,438.375,230362.609375,1.094864100032996,48
arena,21034,438.2083333333333,235986.37326388888,1.1085692576080524,48
positional,21013,437.7708333333333,427315.50998263893,1.4932327452851613,48
ban,21006,437.625,408240.4427083333,1.4600101982660387,48
banana,21001,437.5208333333333,2715409.4578993055,3.7663348222791426,48
annotated,20997,437.4375,746195.5794270834,1.9747418271335233,48
asr,20980,437.0833333333333,386519.0763888888,1.4223982852372254,48
bao,20942,436.2916666666667,333035.7065972222,1.3227217098213102,48
tj,20937,436.1875,445929.90234375,1.530946739052482,48
curated,20931,436.0625,402057.7252604167,1.4541039871433092,48
justification,20917,435.7708333333333,1157585.0933159722,2.468984160386394,48
parity,20914,435.7083333333333,398667.5815972222,1.4491374982354361,48
ets,20910,435.625,579023.9010416666,1.7467688961270464,48
zip,20897,435.3541666666667,983887.7287326389,2.2784004967971727,48
smirnov,20893,435.2708333333333,197605.9891493056,1.0212697886893642,48
pearl,20888,435.1666666666667,1036843.347222222,2.339919686363526,48
jj,20887,435.1458333333333,225492.49956597225,1.09126749930814,48
lifelong,20874,434.875,450811.359375,1.543949117499773,48
strikingly,20874,434.875,590174.359375,1.766549157087612,48
twist,20871,434.8125,343916.65234375,1.348728645917499,48
ols,20859,434.5625,451463.5794270833,1.5461766613214174,48
pcp,20842,434.2083333333333,316935.08159722225,1.2965432329611464,48
rio,20826,433.875,211749.19270833334,1.06058689118483,48
chronological,20787,433.0625,287634.43359375,1.2384254237199919,48
montreal,20784,433.0,665308.0,1.8837509158663814,48
massachusetts,20777,432.8541666666667,258138.37456597225,1.1737745346243766,48
wz,20764,432.5833333333333,256937.61805555553,1.1717745574377332,48
george,20738,432.0416666666667,349943.28993055556,1.3692198999599607,48
cited,20730,431.875,304679.2760416667,1.2780957560773405,48
calm,20704,431.3333333333333,961615.0555555555,2.273461507771165,48
accumulated,20703,431.3125,294032.3815104167,1.2572033685483455,48
logarithm,20682,430.875,225218.94270833334,1.101415442501476,48
underestimation,20673,430.6875,206770.88151041666,1.0558018590423885,48
toe,20670,430.625,281922.734375,1.2330077610809218,48
inclined,20665,430.5208333333333,924487.1245659724,2.233347286420191,48
presently,20664,430.5,181352.0,0.9892089087666813,48
voluntarily,20657,430.3541666666667,930526.8120659721,2.2414984017310116,48
geographically,20649,430.1875,388416.1940104167,1.4487414212710341,48
greece,20642,430.0416666666667,223798.24826388888,1.1000636266901713,48
perpetuate,20630,429.7916666666667,406695.28993055556,1.4838041478041162,48
nasa,20626,429.7083333333333,674498.0399305554,1.9112459139506968,48
examined,20610,429.375,213564.359375,1.0762858589950874,48
computationally,20606,429.2916666666667,147807.20659722222,0.895561358713389,48
hansen,20605,429.2708333333333,313132.44748263893,1.3035648901066053,48
contributing,20596,429.0833333333333,188727.5763888889,1.0124557136879384,48
assurance,20592,429.0,319056.9583333333,1.3166696293355888,48
standing,20586,428.875,220456.52604166666,1.0947898156131786,48
augmented,20585,428.8541666666667,218170.33289930553,1.0891512975266,48
maria,20581,428.7708333333333,235177.1349826389,1.1310252806625463,48
congestion,20571,428.5625,368268.37109375,1.4160156185715977,48
dv,20563,428.3958333333333,214579.2391493056,1.081305998880588,48
decoder,20540,427.9166666666667,514361.6597222222,1.6760041614139765,48
satisfied,20521,427.5208333333333,1100100.0412326388,2.453346031570809,48
redistribution,20520,427.5,183637.25,1.0024074164577368,48
arises,20520,427.5,274096.125,1.224659424016431,48
unidentified,20512,427.3333333333333,701327.0555555556,1.959717749765999,48
kelly,20483,426.7291666666667,336974.40581597225,1.3603358091559299,48
extant,20474,426.5416666666667,801838.0815972221,2.0993356342354894,48
affordable,20453,426.1041666666667,344369.67664930556,1.3771989104005418,48
simulator,20447,425.9791666666667,274743.93706597225,1.2304832297283987,48
ara,20436,425.75,468097.5625,1.6069913282155621,48
petroleum,20411,425.2291666666667,779806.634982639,2.076684004028807,48
suspicion,20410,425.2083333333333,453959.41493055556,1.584552914081982,48
supervised,20387,424.7291666666667,122592.44748263888,0.8243654319118371,48
nickel,20378,424.5416666666667,484271.53993055556,1.6391705882254917,48
smile,20369,424.3541666666667,1449342.5203993053,2.836985042086125,48
harvard,20367,424.3125,253216.92317708334,1.1859340477429596,48
occasional,20363,424.2291666666667,175746.75998263888,0.988196109455631,48
competitor,20363,424.2291666666667,939783.3016493054,2.285142766155264,48
bolster,20362,424.2083333333333,399088.74826388893,1.4892086361296697,48
weber,20347,423.8958333333333,410384.0516493055,1.51124922003668,48
equivalence,20345,423.8541666666667,1018579.8745659721,2.381118935391631,48
unexpectedly,20345,423.8541666666667,341022.83289930556,1.377765393724497,48
postgraduate,20343,423.8125,780857.7356770834,2.0850294656535793,48
flu,20337,423.6875,623739.33984375,1.864042958762609,48
being,20329,423.5208333333333,942001.7495659724,2.291664705974908,48
nacional,20322,423.375,248774.31770833334,1.1780875387475689,48
ingest,20312,423.1666666666667,385785.2638888888,1.4677813555862724,48
oversight,20311,423.1458333333333,263935.45789930556,1.2141121367396799,48
collaborator,20309,423.1041666666667,182006.34331597222,1.0083143778310917,48
argentina,20305,423.0208333333333,252778.7287326389,1.188525506067171,48
predictability,20301,422.9375,673108.1002604166,1.9398413591561883,48
underrepresented,20301,422.9375,310672.3919270833,1.3178777833317477,48
colombia,20292,422.75,226147.14583333334,1.1248948777548724,48
ks,20291,422.7291666666667,315725.03081597225,1.3292060020175698,48
hurdle,20287,422.6458333333333,268065.52039930556,1.2250219956448376,48
spell,20284,422.5833333333333,1916510.0347222218,3.275994653172533,48
solitary,20273,422.3541666666667,412832.85373263893,1.521284158343409,48
chief,20271,422.3125,221855.92317708334,1.1153253615450074,48
tape,20271,422.3125,200930.83984375,1.061425124699162,48
postdoctoral,20263,422.1458333333333,222890.5412326389,1.118364344040205,48
asl,20249,421.8541666666667,376042.0412326388,1.4536366285127373,48
numerically,20236,421.5833333333333,188713.7013888889,1.0304294988942895,48
thesis,20235,421.5625,651345.4127604166,1.9144485884792362,48
friendship,20234,421.5416666666667,2096433.414930556,3.434788722936177,48
nlp,20229,421.4375,422022.1627604167,1.5414677832571828,48
supplier,20220,421.25,356206.5208333333,1.416808060217212,48
bid,20205,420.9375,380697.55859375,1.4657922746544463,48
jensen,20204,420.9166666666667,328345.4513888888,1.3613486960392767,48
displace,20203,420.8958333333333,126472.13498263892,0.8449340235844092,48
invalid,20197,420.7708333333333,987961.0933159721,2.36224148901471,48
unpleasant,20193,420.6875,2076504.7981770833,3.4253650453076983,48
gratefully,20178,420.375,165452.234375,0.9676079723144657,48
traits,20173,420.2708333333333,1352982.697482639,2.767686339495991,48
perfectly,20166,420.125,257171.69270833334,1.2070716674586368,48
correlated,20165,420.1041666666667,290097.05164930556,1.2820786512150322,48
rim,20121,419.1875,476703.3606770833,1.6470841316792348,48
northeastern,20114,419.0416666666667,677234.123263889,1.96386761187771,48
sq,20111,418.9791666666667,211574.68706597222,1.09784094702809,48
accountable,20109,418.9375,217753.39192708334,1.1138667181573274,48
exhaustive,20104,418.8333333333333,209716.01388888885,1.0933886440575924,48
kk,20098,418.7083333333333,236654.66493055553,1.1618389459011729,48
rep,20092,418.5833333333333,788897.7847222224,2.121917214662879,48
adapted,20065,418.0208333333333,475162.60373263893,1.6490096609783391,48
conductive,20056,417.8333333333333,439466.2222222222,1.5865715656140653,48
enthusiasm,20047,417.6458333333333,1451400.3120659722,2.8845990294891135,48
warn,20046,417.625,341191.5260416667,1.3986615289917788,48
internationally,20016,417.0,301037.4166666667,1.3157524405652319,48
multiplication,19997,416.6041666666667,359411.82248263893,1.4390390199353595,48
czech,19996,416.5833333333333,251068.28472222225,1.2028017105544402,48
outlook,19991,416.4791666666667,303800.8328993055,1.32343067998132,48
prominence,19988,416.4166666666667,402269.78472222225,1.5231076630348004,48
phenomenological,19983,416.3125,2088108.5065104167,3.471019714030709,48
commerce,19973,416.1041666666667,1717777.009982639,3.149788031075639,48
bracket,19969,416.0208333333333,227401.3953993056,1.14625563334674,48
enact,19962,415.875,1112520.2760416667,2.5362447062415803,48
donate,19958,415.7916666666667,436227.3315972222,1.5884759921216423,48
cutting,19952,415.6666666666667,1199442.8888888888,2.6347813958807045,48
disproportionately,19945,415.5208333333333,465656.74956597225,1.6422533176230456,48
caribbean,19941,415.4375,1252510.37109375,2.693921703585629,48
wrap,19929,415.1875,156753.56901041666,0.9535960623713651,48
guan,19925,415.1041666666667,358260.00998263893,1.4419230161313097,48
ix,19918,414.9583333333333,285326.45659722225,1.2872607604245678,48
synthesized,19916,414.9166666666667,646744.9513888888,1.9382314820004152,48
nomenclature,19914,414.875,317718.9427083333,1.358639663115639,48
reputation,19905,414.6875,1358620.2565104167,2.8107880481449317,48
mel,19876,414.0833333333333,387673.61805555556,1.5036452026418214,48
worsening,19867,413.8958333333333,408309.8849826388,1.5438457004941957,48
inductive,19802,412.5416666666667,504515.28993055556,1.7217470497660883,48
newman,19796,412.4166666666667,363234.15972222225,1.4613597260570819,48
ahmad,19792,412.3333333333333,411196.8472222222,1.5551648909287314,48
bz,19782,412.125,224434.27604166666,1.1495176179605753,48
apa,19770,411.875,421626.9010416667,1.576517239657009,48
upgrade,19766,411.7916666666667,473204.58159722225,1.670501680116069,48
recognise,19766,411.7916666666667,201669.74826388888,1.0905430753280656,48
disappearance,19751,411.4791666666667,197103.74956597222,1.0789457071536934,48
urge,19726,410.9583333333333,768908.4149305555,2.1337302560875355,48
league,19719,410.8125,1187643.2356770833,2.6527684891268573,48
locality,19719,410.8125,503885.5690104167,1.727914745044886,48
renew,19715,410.7291666666667,237220.61414930553,1.1858251825885573,48
unwanted,19712,410.6666666666667,263222.68055555556,1.24931570834859,48
involves,19705,410.5208333333333,250299.33289930553,1.2186939193570479,48
spark,19697,410.3541666666667,259176.68706597222,1.240620975318347,48
phillips,19683,410.0625,400079.93359375,1.5424934538793829,48
jf,19682,410.0416666666667,233541.49826388888,1.1785663603558143,48
intended,19674,409.875,488867.1927083333,1.7058624793793191,48
roy,19650,409.375,257445.56770833334,1.2394282545081625,48
confinement,19644,409.25,514848.0625,1.7532782823189916,48
smell,19644,409.25,565740.2708333334,1.8378914564779538,48
circumvent,19640,409.1666666666667,289750.72222222225,1.3155641116467032,48
vicious,19637,409.1041666666667,344362.55164930556,1.4344124823988385,48
outward,19631,408.9791666666667,233888.72873263888,1.1825062940151458,48
hayes,19625,408.8541666666667,2357838.749565972,3.7556803538805266,48
flush,19614,408.625,301413.9010416667,1.3435588851804123,48
hv,19613,408.6041666666667,246931.82248263888,1.2161460677465976,48
xin,19607,408.4791666666667,269567.83289930556,1.2710543526176141,48
wheel,19599,408.3125,225608.92317708334,1.1632832125566521,48
mrc,19598,408.2916666666667,502600.4565972222,1.7363646013284104,48
alleviation,19595,408.2291666666667,327294.6766493055,1.4014107365577362,48
zy,19581,407.9375,318121.9752604167,1.382621179085159,48
embodiment,19569,407.6875,1715226.6731770833,3.2124277215577504,48
credible,19562,407.5416666666667,283208.37326388893,1.3058131191437239,48
yearly,19560,407.5,219828.5,1.1505735477917158,48
defend,19560,407.5,537079.2083333334,1.7984217943744836,48
abrupt,19558,407.4583333333333,203268.70659722225,1.1065016285517661,48
amend,19555,407.3958333333333,1418765.4058159722,2.9237397500548834,48
primitive,19545,407.1875,283191.0690104167,1.3069089708826716,48
injected,19539,407.0625,363311.3919270833,1.4807386497683097,48
cooper,19534,406.9583333333333,418423.1649305555,1.5894904175505342,48
odd,19531,406.8958333333333,508811.8433159724,1.7530542789428896,48
discount,19528,406.8333333333333,597969.2638888889,1.9007408202075748,48
dummy,19519,406.6458333333333,741868.6870659725,2.1181035770142103,48
compel,19514,406.5416666666667,267599.87326388893,1.2724416859876426,48
anonymized,19509,406.4375,299000.62109375,1.3453716561713902,48
paradox,19506,406.375,489638.234375,1.7219109154593366,48
snapshot,19503,406.3125,124992.29817708333,0.870124592285662,48
unity,19501,406.2708333333333,518572.822482639,1.7725121926760887,48
timer,19490,406.0416666666667,995386.5399305555,2.4571138511451753,48
columbia,19456,405.3333333333333,284010.7638888889,1.3147860264524796,48
bootstrapping,19454,405.2916666666667,1191752.5399305555,2.693552029503512,48
remnant,19443,405.0625,246635.43359375,1.2260429846355891,48
crowd,19432,404.8333333333333,611687.1805555556,1.9319168261034878,48
performing,19420,404.5833333333333,191187.65972222225,1.0807417783924829,48
decisive,19419,404.5625,284804.7877604167,1.3191312795152559,48
std,19416,404.5,147440.83333333334,0.9492713256570591,48
hughes,19407,404.3125,397116.46484375,1.558625503978518,48
fry,19377,403.6875,473754.6731770833,1.7050277495269044,48
architectural,19373,403.6041666666667,290655.19748263893,1.3357752907775784,48
inflection,19371,403.5625,296411.62109375,1.3490772215869655,48
sweep,19368,403.5,192166.875,1.0864149289150609,48
harmony,19364,403.4166666666667,1620440.5347222227,3.155460242318308,48
uplift,19359,403.3125,4198574.21484375,5.080532509420146,48
hat,19358,403.2916666666667,304779.66493055556,1.3689063733538052,48
perturb,19342,402.9583333333333,194664.49826388888,1.0949221355391296,48
enclose,19336,402.8333333333333,272882.6388888889,1.2967688004869065,48
philippine,19301,402.1041666666667,358536.1349826388,1.4891138154993073,48
advertisement,19299,402.0625,1232912.55859375,2.761675005896322,48
performer,19292,401.9166666666667,2197211.951388889,3.688076836329635,48
procedures,19280,401.6666666666667,277352.6388888889,1.3111439006443297,48
intermediary,19268,401.4166666666667,537209.1597222221,1.8258971226949479,48
reminder,19260,401.25,675984.3958333334,2.049053463482019,48
vii,19256,401.1666666666667,256605.47222222225,1.262723075287365,48
xing,19242,400.875,308795.8177083333,1.3862026728181618,48
nov,19236,400.75,1867375.3541666667,3.409905004579201,48
subsystem,19224,400.5,350876.375,1.4790216911411467,48
paralysis,19223,400.4791666666667,452713.791232639,1.680087628428344,48
sized,19222,400.4583333333333,156989.4982638889,0.9894138039481782,48
factory,19218,400.375,318978.2760416667,1.4106315779199767,48
refined,19211,400.2291666666667,163781.00998263888,1.0111673495092548,48
blur,19203,400.0625,271757.8502604167,1.3030563730903102,48
sim,19202,400.0416666666667,197613.45659722222,1.1112276250810806,48
certification,19196,399.9166666666667,300639.07638888893,1.3710497388573,48
humid,19192,399.8333333333333,597806.8472222221,1.9337549791883324,48
alexander,19169,399.3541666666667,206193.47873263888,1.1370491630865143,48
elucidation,19168,399.3333333333333,384981.5138888888,1.5537615665806481,48
nz,19151,398.9791666666667,463269.8953993055,1.7059520528649463,48
russell,19146,398.875,611510.9427083334,1.960493014862986,48
mildly,19138,398.7083333333333,189345.6232638889,1.0913707815017708,48
generalizable,19137,398.6875,320398.8815104167,1.4197532652149318,48
hunter,19136,398.6666666666667,320302.88888888893,1.4196147494462101,48
rigorously,19135,398.6458333333333,179059.6453993056,1.0614795480718437,48
forced,19127,398.4791666666667,328877.08289930556,1.439166977543478,48
kindly,19114,398.2083333333333,572791.5399305556,1.9005878698569734,48
deeper,19100,397.9166666666667,250536.03472222216,1.2578908842637764,48
consultant,19068,397.25,305024.0208333333,1.39028268816074,48
vg,19068,397.25,211899.64583333334,1.1587805834311702,48
writer,19065,397.1875,696749.4440104166,2.1015645944562333,48
corona,19033,396.5208333333333,344435.62456597225,1.480089649704827,48
deprive,19030,396.4583333333333,223101.4982638889,1.1913892922627043,48
vit,19018,396.2083333333333,588277.7899305556,1.935831802867033,48
moran,19012,396.0833333333333,597696.2430555556,1.951882609751856,48
shaped,19003,395.8958333333333,129587.2183159722,0.9092852637331339,48
moreno,18994,395.7083333333333,368154.95659722225,1.5333458766559578,48
hourly,18990,395.625,537166.2760416666,1.8525530028219115,48
truncated,18990,395.625,407892.734375,1.6143186248654855,48
niu,18986,395.5416666666667,374065.6649305555,1.546257019333035,48
regularity,18983,395.4791666666667,780314.5412326389,2.2336300292033324,48
throw,18982,395.4583333333333,1111769.4565972222,2.6662854185967477,48
shuttle,18971,395.2291666666667,318698.5099826389,1.4283710185802543,48
dice,18956,394.9166666666667,443155.99305555556,1.685671137582655,48
danish,18956,394.9166666666667,187688.57638888888,1.0970172519797883,48
inspiration,18942,394.625,419504.984375,1.641284876520424,48
centric,18925,394.2708333333333,136201.3224826389,0.9360434560825623,48
zhengzhou,18920,394.1666666666667,280616.68055555556,1.3439306132982725,48
counterbalance,18919,394.1458333333333,1114016.0412326388,2.6778656375874466,48
unbalanced,18916,394.0833333333333,207743.65972222222,1.1565803809169362,48
paucity,18894,393.625,197663.81770833334,1.1294861657264461,48
abandon,18886,393.4583333333333,298055.7482638889,1.3875543491585403,48
densely,18884,393.4166666666667,160775.90972222222,1.0191960537443219,48
demonstrated,18880,393.3333333333333,190363.3055555556,1.1092536492757126,48
concert,18874,393.2083333333333,443023.1232638888,1.6927408850185972,48
grind,18871,393.1458333333333,427486.33289930556,1.6630581695624762,48
trainer,18868,393.0833333333333,624072.2013888889,2.009707201390067,48
moon,18841,392.5208333333333,307048.95789930556,1.4116957319315995,48
davy,18837,392.4375,279109.0794270833,1.3462213745592648,48
displayed,18830,392.2916666666667,256573.41493055553,1.2912095950329296,48
misuse,18823,392.1458333333333,583981.6245659722,1.9487314138063607,48
developing,18818,392.0416666666667,177784.78993055553,1.0755115400082516,48
instituto,18818,392.0416666666667,278625.45659722225,1.346412607972185,48
weighting,18807,391.8125,178361.15234375,1.0778835588174331,48
election,18801,391.6875,3491943.7565104165,4.770829631565018,48
inward,18798,391.625,368580.0677083333,1.5502277789114975,48
tremendous,18791,391.4791666666667,152423.54123263888,0.9972805945867532,48
mitchell,18787,391.3958333333333,414857.8224826388,1.6456347280012322,48
sic,18764,390.9166666666667,233932.95138888885,1.2372615398689784,48
ram,18743,390.4791666666667,255569.7912326389,1.2946634613419872,48
ub,18742,390.4583333333333,315396.2065972222,1.4383134333214607,48
hazardous,18741,390.4375,373468.49609375,1.565220268668143,48
dormant,18735,390.3125,727179.2981770834,2.184782926501832,48
clarification,18732,390.25,281211.8958333333,1.358857552133713,48
inhabitant,18717,389.9375,370819.0169270833,1.5616582366435485,48
holder,18713,389.8541666666667,129654.3745659722,0.9236159135854329,48
pleasant,18712,389.8333333333333,2073929.7222222218,3.694179946127278,48
gómez,18708,389.75,347191.8125,1.5118148734287113,48
stressed,18708,389.75,668358.5208333334,2.097580421561374,48
designer,18705,389.6875,435507.4231770833,1.6934848110768415,48
shah,18685,389.2708333333333,287722.53081597225,1.3779551143402304,48
regress,18680,389.1666666666667,329284.26388888893,1.4745172372827924,48
superimpose,18678,389.125,164219.94270833334,1.0414149657411935,48
rectangular,18663,388.8125,188089.31901041666,1.115428786396824,48
culminate,18660,388.75,264836.9375,1.3237893308729913,48
frank,18649,388.5208333333333,288282.6245659722,1.381958247428247,48
virtue,18629,388.1041666666667,1313433.0933159722,2.95294713411266,48
singleton,18625,388.0208333333333,486866.56206597225,1.7982494249601817,48
nexus,18613,387.7708333333333,724452.3849826389,2.1949760368076623,48
hernández,18611,387.7291666666667,336602.9891493055,1.4963407814884737,48
alternation,18609,387.6875,293365.58984375,1.3970848641113218,48
prc,18604,387.5833333333333,373912.4513888888,1.5776834518784413,48
forget,18601,387.5208333333333,815769.7078993056,2.3307126423804165,48
rk,18597,387.4375,228154.24609375,1.2328567693952954,48
preserved,18597,387.4375,355678.87109375,1.5393145688222636,48
streamline,18585,387.1875,111605.94401041667,0.8628242340370715,48
assimilate,18575,386.9791666666667,778764.6453993056,2.2804236085236025,48
congruence,18564,386.75,2029062.4791666667,3.6831328805903416,48
türkiye,18558,386.625,309334.1927083333,1.4385469183193316,48
northwestern,18542,386.2916666666667,565152.7065972222,1.946110816887328,48
shall,18541,386.2708333333333,221751.86414930553,1.219106714281474,48
sanchez,18538,386.2083333333333,254500.5399305556,1.3062392025738452,48
deer,18533,386.1041666666667,1268687.9266493053,2.917245073614839,48
hunger,18517,385.7708333333333,653383.1766493055,2.095340391207316,48
crush,18511,385.6458333333333,326175.56206597225,1.4809386454115978,48
theorem,18507,385.5625,773875.62109375,2.281606761511241,48
assert,18505,385.5208333333333,737452.3745659724,2.227507305878806,48
incompatible,18500,385.4166666666667,651255.9097222221,2.0938489455704117,48
jose,18498,385.375,548617.5677083334,1.9219908573219802,48
robustly,18490,385.2083333333333,247526.41493055553,1.291561533842976,48
abovementioned,18464,384.6666666666667,153711.80555555556,1.0192226301528957,48
perez,18459,384.5625,270570.9544270833,1.3526133028668477,48
cautious,18443,384.2291666666667,281688.88498263893,1.3813207204551785,48
hungary,18418,383.7083333333333,235895.4149305556,1.2657808430503907,48
distinctly,18416,383.6666666666667,203017.05555555553,1.1743895914246143,48
corridor,18415,383.6458333333333,509165.85373263893,1.8599409211710967,48
klein,18409,383.5208333333333,416973.5412326388,1.6837022359936973,48
persistently,18406,383.4583333333333,290043.66493055556,1.404473378831366,48
epstein,18394,383.2083333333333,651037.0815972224,2.1055614374894254,48
pq,18372,382.75,316610.0625,1.4701009470973638,48
drag,18371,382.7291666666667,408435.1558159722,1.6698213076454622,48
incompletely,18365,382.6041666666667,457764.7808159722,1.7683632985946618,48
amazon,18362,382.5416666666667,293380.3732638889,1.4159136961518817,48
yue,18331,381.8958333333333,237353.34331597225,1.2757123406389397,48
spirit,18321,381.6875,921187.5065104166,2.514583620358747,48
kid,18307,381.3958333333333,490805.5724826388,1.8368715947700318,48
expanded,18307,381.3958333333333,385584.5308159722,1.6281104242191007,48
lan,18305,381.3541666666667,243512.77039930553,1.2939943347839715,48
sunlight,18297,381.1875,440887.6940104167,1.7419084976824117,48
sweat,18292,381.0833333333333,258663.24305555553,1.3345885785986864,48
amplifier,18292,381.0833333333333,403502.70138888893,1.6668759017073222,48
legitimacy,18290,381.0416666666667,824255.1649305555,2.3826396818335596,48
nighttime,18289,381.0208333333333,240939.81206597225,1.288266047682917,48
pervasive,18256,380.3333333333333,497488.5972222223,1.854501443616455,48
comprises,18217,379.5208333333333,185320.6662326389,1.1342957515732797,48
fellow,18216,379.5,341506.8333333333,1.5398836889865373,48
madison,18192,379.0,360678.75,1.5846051679191,48
correlational,18185,378.8541666666667,1791687.3745659727,3.5331253731318535,48
earn,18184,378.8333333333333,732910.8055555556,2.2598383632902403,48
disentangle,18181,378.7708333333333,401153.88498263893,1.6721643947744833,48
ccc,18154,378.2083333333333,249000.58159722222,1.3193775408400932,48
imbalanced,18143,377.9791666666667,119284.60373263888,0.9137435679629182,48
mcdonald,18106,377.2083333333333,693505.3732638889,2.2077181929053085,48
est,18082,376.7083333333333,600544.2482638891,2.05715624471946,48
unfold,18076,376.5833333333333,418752.5763888888,1.71837383305839,48
phi,18073,376.5208333333333,469635.4995659722,1.820084065861216,48
cj,18064,376.3333333333333,429703.97222222225,1.7418549898247597,48
overestimation,18060,376.25,187358.85416666666,1.1504310698705078,48
schwartz,18056,376.1666666666667,1032869.5555555554,2.701733013142235,48
ew,18035,375.7291666666667,228492.8641493055,1.27221763557379,48
prioritization,18033,375.6875,225378.42317708334,1.26365762634239,48
evaluated,18028,375.5833333333333,142151.74305555556,1.0038522174318034,48
blindness,18012,375.25,341599.8125,1.55753606247869,48
founder,18009,375.1875,351039.8190104167,1.5791734373446782,48
milestone,17973,374.4375,182335.57942708334,1.1403978078522279,48
aq,17972,374.4166666666667,325334.5347222223,1.5233858271419043,48
collins,17943,373.8125,364303.1940104167,1.6146472962978342,48
contradiction,17942,373.7916666666667,339129.24826388893,1.557948181544712,48
certify,17939,373.7291666666667,163048.53081597222,1.0804419857469207,48
pairing,17925,373.4375,303294.74609375,1.4747367967189928,48
murray,17899,372.8958333333333,306005.05164930556,1.4834631659544268,48
lapse,17894,372.7916666666667,237228.12326388888,1.3065224930468031,48
php,17878,372.4583333333333,215098.33159722228,1.2452049124295352,48
jt,17875,372.3958333333333,161500.61414930553,1.0791511453377778,48
endorsement,17874,372.375,1428685.4010416667,3.209872538404753,48
explosive,17864,372.1666666666667,565524.8055555556,2.0206372593475654,48
sixty,17860,372.0833333333333,193229.8263888889,1.1813997229101805,48
spending,17833,371.5208333333333,875129.4578993055,2.5179840761520222,48
hay,17831,371.4791666666667,453051.4578993055,1.8119211879737438,48
hypotheses,17831,371.4791666666667,1742511.2078993057,3.5534755162101894,48
collector,17819,371.2291666666667,342236.9683159723,1.5758735621270523,48
drastic,17807,370.9791666666667,196197.68706597225,1.193981012244596,48
blame,17806,370.9583333333333,1616268.7482638892,3.4271385026364336,48
multiplicity,17806,370.9583333333333,434828.33159722225,1.7775989493637554,48
reportedly,17796,370.75,200622.0625,1.208114747301371,48
appropriateness,17788,370.5833333333333,700463.2013888889,2.2584307529528753,48
mayer,17782,370.4583333333333,835592.2482638891,2.4675038142321624,48
braun,17777,370.3541666666667,412145.4370659723,1.73343680321356,48
subsection,17771,370.2291666666667,108689.34331597223,0.8904772999667262,48
kn,17767,370.1458333333333,305416.5412326388,1.4930467700374528,48
brush,17767,370.1458333333333,141144.7912326389,1.0149848570247453,48
southwestern,17764,370.0833333333333,449684.8680555555,1.811985048313807,48
gz,17763,370.0625,239465.14192708334,1.322348946042333,48
bench,17763,370.0625,229375.72526041666,1.2941918153874374,48
thread,17739,369.5625,90768.87109375,0.8152307839317493,48
utilise,17737,369.5208333333333,88276.74956597223,0.8040521881706096,48
gk,17726,369.2916666666667,301315.41493055556,1.4864187245041245,48
engineered,17721,369.1875,735274.40234375,2.322617720635084,48
minimization,17720,369.1666666666667,129239.13888888888,0.9738107123443988,48
quit,17713,369.0208333333333,1034916.7703993056,2.756778207723473,48
bending,17706,368.875,537649.5677083334,1.9877896636153858,48
applies,17697,368.6875,193767.46484375,1.1939386603120696,48
creep,17696,368.6666666666667,1327426.3055555557,3.1251533844616977,48
manifold,17682,368.375,236503.44270833334,1.320166124798134,48
bachelor,17652,367.75,1174314.6875,2.9467247103839975,48
overarch,17632,367.3333333333333,442858.7222222222,1.8116415035181879,48
worthy,17628,367.25,227623.64583333334,1.2991128635914024,48
advocacy,17620,367.0833333333333,585285.3263888889,2.0841028685483467,48
madrid,17619,367.0625,263402.8502604167,1.3982029589508935,48
volatility,17618,367.0416666666667,390092.78993055556,1.7016435558800775,48
starter,17617,367.0208333333333,2023064.228732638,3.8753784378936857,48
disrupts,17601,366.6875,283676.46484375,1.4524980148664544,48
thirteen,17597,366.6041666666667,154341.40581597222,1.0716274488878186,48
computed,17596,366.5833333333333,243747.74305555553,1.3467828754303477,48
simpler,17590,366.4583333333333,141898.45659722222,1.0279316395957439,48
ferreira,17589,366.4375,240856.07942708334,1.3393031641120987,48
thicker,17588,366.4166666666667,172219.53472222222,1.1325724319556223,48
blockage,17584,366.3333333333333,220639.18055555553,1.2822268895955546,48
charles,17584,366.3333333333333,220270.0138888889,1.2811537492940674,48
takahashi,17582,366.2916666666667,284027.8732638889,1.4549680029880785,48
byproduct,17578,366.2083333333333,211229.6232638889,1.2550157886542632,48
bull,17568,366.0,837020.9166666666,2.4996952793876033,48
nuance,17560,365.8333333333333,466444.888888889,1.86688211497458,48
continuation,17559,365.8125,276064.9440104167,1.4363063789032333,48
fernandez,17558,365.7916666666667,259285.53993055553,1.3920516241127476,48
technician,17552,365.6666666666667,261298.01388888888,1.3979211688334232,48
traction,17533,365.2708333333333,187854.23914930553,1.1865758485513274,48
varying,17533,365.2708333333333,127872.98914930556,0.9789813383728828,48
tanaka,17532,365.25,300051.5625,1.4997115000413155,48
remind,17509,364.7708333333333,566621.0933159722,2.0636035367560694,48
meso,17505,364.6875,189536.50651041666,1.19378346179256,48
neat,17500,364.5833333333333,383412.74305555556,1.698386230442034,48
twofold,17494,364.4583333333333,318151.78993055556,1.547637700669559,48
toolkit,17477,364.1041666666667,135784.38498263888,1.0120437004432075,48
barr,17473,364.0208333333333,674014.4370659721,2.2553209802311582,48
pereira,17472,364.0,241391.25,1.3497687782504697,48
koch,17459,363.7291666666667,328361.73914930556,1.5754264986017013,48
wg,17454,363.625,181860.31770833334,1.172776455303603,48
suffering,17452,363.5833333333333,691140.5763888891,2.2865422391486705,48
mei,17449,363.5208333333333,169966.7912326389,1.1341036090525192,48
geography,17445,363.4375,246768.74609375,1.3668326385329943,48
enlarged,17442,363.375,206961.609375,1.2519582652611545,48
spider,17421,362.9375,395083.4752604167,1.731859232904018,48
incorrectly,17417,362.8541666666667,249752.5412326389,1.3772819106844263,48
dx,17411,362.7291666666667,266647.2391493055,1.4235937332644613,48
conclusive,17404,362.5833333333333,162577.11805555556,1.112043748778358,48
castro,17401,362.5208333333333,216199.08289930553,1.2826080284526233,48
dj,17399,362.4791666666667,166912.54123263888,1.1270973635663968,48
peru,17397,362.4375,225815.45442708334,1.311123810464515,48
surroundings,17396,362.4166666666667,327685.57638888893,1.5795031676094766,48
darker,17361,361.6875,143108.71484375,1.0459225853255723,48
fun,17358,361.625,809735.7760416666,2.4883600330153675,48
endanger,17358,361.625,401951.4010416667,1.753187343382999,48
suggested,17357,361.6041666666667,134131.61414930553,1.012819721736212,48
hq,17348,361.4166666666667,276489.90972222225,1.4548943832517727,48
protected,17346,361.375,353091.7760416667,1.6443175667769598,48
revolution,17346,361.375,146009.02604166666,1.057381596468076,48
deny,17346,361.375,440207.984375,1.8359922896448067,48
disruptive,17332,361.0833333333333,484173.15972222225,1.927049685414095,48
trustworthiness,17323,360.8958333333333,1343997.634982639,3.212309515951917,48
sat,17321,360.8541666666667,242289.95789930553,1.36406788092571,48
ceiling,17302,360.4583333333333,798036.6649305559,2.478314125397352,48
curiosity,17301,360.4375,1665984.2044270833,3.581009482042043,48
neg,17274,359.875,1489741.109375,3.3915929454243594,48
convex,17269,359.7708333333333,174987.0099826389,1.16272484643286,48
restorative,17259,359.5625,1018980.9127604166,2.8074280393313225,48
infuse,17256,359.5,409880.5416666667,1.7808599044815472,48
withstand,17237,359.1041666666667,325339.63498263893,1.5883567145615722,48
unsuccessful,17207,358.4791666666667,217592.5412326389,1.301242024902807,48
ya,17197,358.2708333333333,416447.7391493055,1.80122846048252,48
unweighted,17194,358.2083333333333,773649.7899305556,2.455480677427464,48
inactivity,17183,357.9791666666667,430103.5203993057,1.8320138217853261,48
resultsthe,17179,357.8958333333333,334669.0099826388,1.6164084316492073,48
hsu,17178,357.875,242856.734375,1.3770309908730858,48
formative,17177,357.8541666666667,1457796.166232639,3.373978599444062,48
hollow,17176,357.8333333333333,235282.5138888889,1.3555452884351642,48
distort,17169,357.6875,236966.92317708334,1.3609435183425094,48
predominate,17163,357.5625,275713.74609375,1.468511136617819,48
frost,17154,357.375,972514.3177083334,2.759458287528152,48
incur,17146,357.2083333333333,216821.5399305556,1.3035558119102026,48
zm,17126,356.7916666666667,1026279.0815972221,2.8393441541338027,48
maneuver,17087,355.9791666666667,495020.5203993055,1.9764554022173177,48
overly,17081,355.8541666666667,359258.37456597225,1.6843463315305784,48
scholarly,17072,355.6666666666667,362197.7222222222,1.692114288347428,48
cole,17071,355.6458333333333,314863.7703993055,1.5777697341711756,48
eventual,17071,355.6458333333333,118189.68706597225,0.9666562570221149,48
generates,17065,355.5208333333333,136262.37456597225,1.0383001606164823,48
morgan,17057,355.3541666666667,330967.52039930556,1.6189419477529599,48
ty,17048,355.1666666666667,405820.93055555556,1.7936389315254357,48
ito,17046,355.125,265458.4427083333,1.4508316608433192,48
sandwich,17029,354.7708333333333,193417.8016493056,1.2396535068906358,48
pat,17026,354.7083333333333,306325.5815972222,1.560343591834708,48
fourteen,17024,354.6666666666667,149669.01388888888,1.0908011205177905,48
timeframe,17024,354.6666666666667,123844.43055555555,0.9922425962572327,48
dress,17023,354.6458333333333,260284.1453993056,1.438563363250573,48
ling,17023,354.6458333333333,191234.4787326389,1.2330714330044381,48
selected,17023,354.6458333333333,108102.02039930558,0.9270903139290663,48
zh,17019,354.5625,358302.7044270833,1.688232444052013,48
tracker,17013,354.4375,315133.0794270833,1.583825503998517,48
lima,17008,354.3333333333333,149078.59722222225,1.0896716173002627,48
coordinator,17001,354.1875,396544.6106770833,1.777922376748511,48
cease,17000,354.1666666666667,128719.5972222222,1.0130121448118636,48
formerly,16977,353.6875,224127.67317708334,1.3385297553495359,48
dec,16976,353.6666666666667,228340.22222222225,1.351129824225578,48
asynchronous,16973,353.6041666666667,311071.44748263893,1.5772941812858932,48
hui,16960,353.3333333333333,148597.68055555556,1.0909915949260836,48
tower,16959,353.3125,220975.88151041666,1.3304955756725165,48
endow,16952,353.1666666666667,255467.8055555556,1.4311606357631057,48
prominently,16937,352.8541666666667,179005.66623263885,1.199052334611902,48
hx,16920,352.5,203756.08333333334,1.280548909432155,48
textual,16913,352.3541666666667,505638.93706597225,2.018091454256773,48
infinite,16911,352.3125,178936.13151041666,1.2006625640513764,48
prefecture,16910,352.2916666666667,634601.8315972222,2.2612484927937437,48
yt,16903,352.1458333333333,194888.62456597225,1.253633795065913,48
exponentially,16898,352.0416666666667,163384.20659722225,1.1481826191233304,48
coin,16892,351.9166666666667,370908.86805555556,1.7305883393242325,48
pie,16892,351.9166666666667,327082.7847222223,1.6251333694434025,48
aggregated,16889,351.8541666666667,107352.4995659722,0.9312008894323235,48
miao,16883,351.7291666666667,223203.57248263888,1.3432046531260657,48
conceptually,16880,351.6666666666667,822858.347222222,2.5794750684334233,48
southeastern,16877,351.6041666666667,528805.2391493056,2.068206323423193,48
upcoming,16872,351.5,411185.5416666667,1.8242887852076268,48
academia,16870,351.4583333333333,343618.4149305555,1.6678783443633975,48
jacob,16867,351.3958333333333,241411.82248263885,1.3982430192303905,48
dan,16864,351.3333333333333,207209.26388888888,1.2956426264335354,48
peace,16853,351.1041666666667,872789.259982639,2.660839710250495,48
plethora,16853,351.1041666666667,188371.09331597216,1.236149922073097,48
parker,16837,350.7708333333333,353577.71831597225,1.695192295760828,48
paint,16827,350.5625,352487.3294270833,1.6935822676660608,48
rai,16815,350.3125,676205.58984375,2.3473818592160995,48
outreach,16814,350.2916666666667,766469.123263889,2.499295034912439,48
cyber,16813,350.2708333333333,775025.7391493056,2.5133564603086405,48
rome,16812,350.25,158479.27083333334,1.1366011423771556,48
transformed,16805,350.1041666666667,417031.55164930556,1.8445361772105595,48
coupled,16790,349.7916666666667,233812.20659722216,1.3823694629578094,48
resume,16790,349.7916666666667,153693.87326388888,1.120775990855131,48
certificate,16783,349.6458333333333,281452.77039930556,1.5173103026946677,48
andrew,16782,349.625,190106.19270833334,1.2470838433436446,48
daniel,16780,349.5833333333333,166864.03472222222,1.168505204643664,48
barcelona,16744,348.8333333333333,178810.34722222225,1.212211348009784,48
constriction,16731,348.5625,285624.4127604167,1.5332642173565287,48
kf,16731,348.5625,195241.99609375,1.267669255807693,48
intentionally,16729,348.5208333333333,491857.2078993057,2.0122909604428143,48
reed,16728,348.5,260482.29166666666,1.4644896933579439,48
compliant,16721,348.3541666666667,132861.02039930553,1.0463519362362697,48
greek,16707,348.0625,549819.05859375,2.1303583350790496,48
iris,16703,347.9791666666667,304860.14539930556,1.5867082596468562,48
qa,16696,347.8333333333333,332292.68055555556,1.657254431084106,48
horizontally,16688,347.6666666666667,253913.63888888885,1.449372313651862,48
zx,16688,347.6666666666667,236154.5555555556,1.3977680531508407,48
elaboration,16686,347.625,744226.9010416666,2.481656568530355,48
romania,16681,347.5208333333333,254904.70789930553,1.4528075339241537,48
standpoint,16680,347.5,247771.58333333334,1.432421856795671,48
adaptable,16678,347.4583333333333,153474.20659722225,1.1274958871271923,48
concentric,16674,347.375,479723.4427083333,1.993870331017105,48
remotely,16662,347.125,254279.859375,1.452680438778622,48
nielsen,16652,346.9166666666667,310009.6597222222,1.6049534784589843,48
approved,16633,346.5208333333333,353068.8745659722,1.7147482427324552,48
prune,16633,346.5208333333333,528906.791232639,2.09874764382209,48
analogy,16629,346.4375,394114.0794270833,1.8121163508623368,48
plugin,16626,346.375,227404.65104166666,1.3767438105119898,48
decreasing,16622,346.2916666666667,137884.20659722222,1.0722973226769579,48
definitely,16619,346.2291666666667,345214.8849826389,1.696997123755876,48
faith,16613,346.1041666666667,561448.7183159722,2.164951739788275,48
gordon,16611,346.0625,253390.80859375,1.4545909722326942,48
devoid,16593,345.6875,216076.88151041666,1.344684738448,48
richardson,16591,345.6458333333333,305975.14539930556,1.6003381153109648,48
exceptionally,16587,345.5625,126457.49609375,1.0290718110289638,48
critique,16584,345.5,449496.125,1.9405057071138814,48
biased,16584,345.5,278831.375,1.528349814134955,48
heading,16574,345.2916666666667,531778.2899305555,2.111928468319488,48
unexplained,16570,345.2083333333333,188299.4149305556,1.2570229714357755,48
din,16559,344.9791666666667,965334.7703993056,2.8480401398854935,48
lang,16559,344.9791666666667,302919.52039930556,1.595404311980306,48
finnish,16557,344.9375,291976.3502604167,1.5665109189283055,48
reynolds,16551,344.8125,209392.27734375,1.327080686738959,48
oblique,16550,344.7916666666667,200377.24826388888,1.2982772394214837,48
halo,16548,344.75,419320.4791666667,1.8783164493478564,48
considers,16546,344.7083333333333,237625.74826388888,1.414148333608377,48
spreading,16545,344.6875,175247.71484375,1.2145087490393327,48
portray,16537,344.5208333333333,417927.3745659721,1.876441028802434,48
becker,16525,344.2708333333333,293130.9474826389,1.572644661783612,48
funders,16508,343.9166666666667,190675.03472222222,1.26967829150103,48
expressed,16507,343.8958333333333,296010.0099826389,1.5820721477055253,48
artistic,16506,343.875,1445849.9427083333,3.4967212085981205,48
guess,16502,343.7916666666667,743463.7065972221,2.508040474902248,48
boxplot,16492,343.5833333333333,211106.36805555553,1.3372683878130833,48
knot,16491,343.5625,265940.24609375,1.5010193084171062,48
poison,16477,343.2708333333333,335261.4891493055,1.6867663578434573,48
directed,16461,342.9375,174119.68359375,1.2167712990239599,48
disturbed,16456,342.8333333333333,122817.55555555558,1.0222266130543527,48
cma,16446,342.625,206587.359375,1.3265781008536859,48
framing,16437,342.4375,789972.24609375,2.5955213106110415,48
sato,16432,342.3333333333333,213834.6388888889,1.3507962300937255,48
toy,16428,342.25,1830341.2291666667,3.952961408027029,48
intensification,16427,342.2291666666667,217571.80164930553,1.3629636839366484,48
informational,16427,342.2291666666667,975130.3849826389,2.8854551273932016,48
planet,16422,342.125,469667.859375,2.003136803160742,48
tiny,16418,342.0416666666667,209934.4149305556,1.3395619580366716,48
impute,16414,341.9583333333333,228801.78993055553,1.398802877755975,48
partitioning,16408,341.8333333333333,495427.7222222223,2.059091956953752,48
ek,16404,341.75,150497.22916666666,1.1351564700089192,48
logistical,16383,341.3125,195593.00651041666,1.2957596960731688,48
identifying,16377,341.1875,173198.15234375,1.2197715951213177,48
ours,16374,341.125,122344.90104166667,1.0253671231422279,48
breach,16369,341.0208333333333,258217.02039930553,1.490086641753112,48
carolina,16368,341.0,155376.95833333334,1.1559496790173454,48
tangible,16363,340.8958333333333,483601.71831597225,2.0399626909222635,48
milan,16349,340.6041666666667,167784.8224826389,1.2026143451185554,48
radioactive,16347,340.5625,233054.24609375,1.4175281258726662,48
privilege,16339,340.3958333333333,407169.3641493055,1.8745771179210267,48
wald,16337,340.3541666666667,302474.27039930556,1.6158950376392631,48
triangular,16320,340.0,115876.83333333333,1.0011966600116353,48
gathering,16318,339.9583333333333,493081.2899305555,2.065539812750002,48
betweenness,16316,339.9166666666667,131446.07638888888,1.066599447281908,48
royal,16305,339.6875,90435.58984375,0.8852993023681935,48
akin,16296,339.5,200613.20833333334,1.3192891268121594,48
bury,16295,339.4791666666667,477016.4995659721,2.0344806946300995,48
optimally,16278,339.125,139716.81770833334,1.1022104795260492,48
confuse,16272,339.0,311924.0416666667,1.6474973569218379,48
cherry,16271,338.9791666666667,1148074.0203993055,3.1609085923976368,48
fiscal,16270,338.9583333333333,1161295.4149305557,3.1792526364845894,48
encouragement,16257,338.6875,766741.0481770834,2.585384785610205,48
neutrality,16253,338.6041666666667,453909.28081597225,1.9897212276937335,48
preprocessed,16238,338.2916666666667,210997.9982638889,1.357837716618067,48
unsuitable,16206,337.625,109779.734375,0.9813557933008002,48
dfg,16206,337.625,219441.609375,1.3874741248171982,48
ind,16183,337.1458333333333,487557.3328993055,2.0710712958240545,48
fk,16175,336.9791666666667,250181.43706597225,1.4843095764827308,48
kaiser,16175,336.9791666666667,504282.0620659721,2.1073356200997457,48
perspectives,16131,336.0625,170964.55859375,1.2303622307691826,48
pour,16130,336.0416666666667,236381.53993055553,1.4468171523283513,48
longitudinally,16123,335.8958333333333,188199.09331597225,1.2915289539725336,48
prejudice,16113,335.6875,1670663.71484375,3.850431046151105,48
introduces,16110,335.625,86890.06770833333,0.8782754934298147,48
nascent,16100,335.4166666666667,187545.28472222222,1.291125433128335,48
bass,16083,335.0625,555895.55859375,2.2252088448742895,48
graham,16063,334.6458333333333,353423.14539930556,1.776487155911742,48
overwhelm,16062,334.625,334452.1927083333,1.7282582535535953,48
disordered,16061,334.6041666666667,179176.28081597222,1.2650535628629032,48
scattered,16060,334.5833333333333,116799.65972222225,1.0214485239782922,48
therein,16052,334.4166666666667,207786.1180555555,1.3630768785551843,48
technically,16048,334.3333333333333,96123.22222222223,0.9273303677009291,48
permissive,16040,334.1666666666667,424536.09722222225,1.9498184923304716,48
versatility,16039,334.1458333333333,195949.70789930553,1.3247571134604716,48
paradoxical,16036,334.0833333333333,306626.4097222222,1.6574863813981449,48
beer,16036,334.0833333333333,340573.11805555556,1.746828916649334,48
mad,16031,333.9791666666667,117086.9370659722,1.0245539827073962,48
excessively,16030,333.9583333333333,168164.45659722222,1.2279334190571893,48
sphericity,16023,333.8125,658131.7356770834,2.4302660577196873,48
saint,16021,333.7708333333333,132901.46831597225,1.0922360497303862,48
bimodal,16011,333.5625,250862.74609375,1.5015536909709613,48
unstructured,16007,333.4791666666667,143263.87456597222,1.1350098713373005,48
underexplored,16005,333.4375,180124.12109375,1.2728332044700248,48
fitted,15998,333.2916666666667,99944.74826388888,0.9485397473115256,48
akaike,15992,333.1666666666667,187045.72222222222,1.2981125432337741,48
trivial,15986,333.0416666666667,223229.08159722225,1.4186550716658999,48
meticulously,15985,333.0208333333333,122768.06206597223,1.0521345857972382,48
adversarial,15984,333.0,252905.20833333334,1.5102006510085364,48
relay,15981,332.9375,162112.22526041666,1.2093309548020126,48
widen,15977,332.8541666666667,137666.08289930553,1.1147037954256105,48
obligate,15962,332.5416666666667,667192.956597222,2.4562900973621304,48
underway,15959,332.4791666666667,252345.24956597216,1.5108909832009525,48
stewart,15947,332.2291666666667,275184.3849826389,1.5789709376584193,48
hwang,15940,332.0833333333333,268929.36805555556,1.561608038821772,48
sdm,15933,331.9375,204542.43359375,1.362496485231535,48
seoul,15931,331.8958333333333,154781.71831597222,1.185381190433225,48
shrink,15930,331.875,102287.69270833333,0.9636895569592976,48
impressive,15928,331.8333333333333,136990.30555555556,1.1153852769952808,48
gibson,15923,331.7291666666667,581600.4891493054,2.298945754335687,48
abstraction,15919,331.6458333333333,343681.9370659722,1.7676806518176273,48
berg,15916,331.5833333333333,275704.0763888889,1.5835394987052847,48
dispute,15903,331.3125,324980.1315104167,1.7206422530544834,48
mueller,15881,330.8541666666667,357239.7495659722,1.806522103707199,48
spill,15872,330.6666666666667,854384.3472222221,2.7953502024201655,48
authorization,15861,330.4375,257864.95442708334,1.5367627802890635,48
lessen,15861,330.4375,154031.70442708334,1.1877245485414498,48
graded,15844,330.0833333333333,145677.28472222225,1.1563047845535743,48
running,15840,330.0,232543.04166666666,1.4612944488284765,48
remedy,15831,329.8125,368099.90234375,1.8395675482428617,48
cube,15828,329.75,143866.27083333334,1.1502564811032159,48
tall,15823,329.6458333333333,545057.603732639,2.239616253256049,48
relaxed,15817,329.5208333333333,233867.20789930553,1.467580011819503,48
vn,15811,329.3958333333333,319791.65581597225,1.7167832308653321,48
cheap,15793,329.0208333333333,107383.43706597223,0.9959676956484075,48
scientifically,15788,328.9166666666667,201450.11805555553,1.3645764841192747,48
interconnection,15785,328.8541666666667,128679.58289930555,1.0908159344253574,48
diluted,15783,328.8125,386032.8606770833,1.8895736253431366,48
proficient,15782,328.7916666666667,621514.9565972222,2.397756022396276,48
legacy,15780,328.75,123266.02083333333,1.0679623119461463,48
jo,15778,328.7083333333333,185130.45659722225,1.3089655652381103,48
serving,15756,328.25,275774.9791666667,1.59982579703252,48
preliminarily,15740,327.9166666666667,162399.57638888888,1.2289351197108829,48
oak,15723,327.5625,719763.24609375,2.5900053192180033,48
syntax,15717,327.4375,1056142.7044270833,3.138577708650388,48
interdependence,15707,327.2291666666667,912323.0516493055,2.918920843659958,48
rogers,15695,326.9791666666667,310673.89539930556,1.7046385228894174,48
tor,15688,326.8333333333333,433539.8888888888,2.0145970222938465,48
nationality,15687,326.8125,478653.8190104167,2.1169573331971723,48
holm,15672,326.5,166623.5,1.2502156780600049,48
salary,15661,326.2708333333333,726072.0308159724,2.6116297164000963,48
dictionary,15659,326.2291666666667,330897.80164930556,1.763291663312801,48
customized,15659,326.2291666666667,97775.13498263888,0.9584984730551304,48
intuitively,15648,326.0,165831.375,1.2491533321405592,48
explosion,15647,325.9791666666667,388102.2703993057,1.9110992695421896,48
heel,15647,325.9791666666667,307910.4370659722,1.7022461472776027,48
causation,15645,325.9375,230693.80859375,1.4736136624686607,48
beauty,15632,325.6666666666667,1001394.8888888889,3.0727652038880717,48
accomplishment,15626,325.5416666666667,1292980.2899305555,3.4929258776107392,48
excerpt,15615,325.3125,1125140.2565104167,3.2606379627966064,48
elder,15607,325.1458333333333,370568.5828993055,1.8722166593284697,48
acutely,15599,324.9791666666667,207076.06206597222,1.4002624025669244,48
blocking,15585,324.6875,399642.96484375,1.9470204672037565,48
illegal,15585,324.6875,379396.6731770833,1.8970605373748701,48
nu,15582,324.625,159628.859375,1.2307610469691315,48
iec,15576,324.5,561834.9166666666,2.3098812942098625,48
concomitantly,15572,324.4166666666667,221071.1180555556,1.4493151972596092,48
deflection,15565,324.2708333333333,257922.6974826389,1.5661627610953859,48
bennett,15563,324.2291666666667,208929.0099826389,1.4097668466753914,48
oval,15559,324.1458333333333,146554.24956597222,1.181024112636687,48
peterson,15553,324.0208333333333,435941.6037326388,2.037704592007988,48
analyst,15552,324.0,265102.0416666667,1.5891376825257364,48
hopkins,15550,323.9583333333333,144612.7899305556,1.17385430331636,48
instant,15526,323.4583333333333,171630.12326388888,1.2807914293055238,48
interacting,15516,323.25,185495.97916666666,1.3323818762619235,48
sixteen,15512,323.1666666666667,128250.51388888888,1.1081613483339228,48
dst,15509,323.1041666666667,163867.38498263888,1.2528633442490607,48
personally,15497,322.8541666666667,844538.749565972,2.8464489203369334,48
islam,15492,322.75,210956.22916666666,1.4230820017144132,48
ramos,15490,322.7083333333333,170932.91493055556,1.2811579297031235,48
textbook,15479,322.4791666666667,1214130.6245659722,3.416890363391653,48
equate,15479,322.4791666666667,317732.66623263893,1.7479510673268974,48
polarized,15473,322.3541666666667,305606.60373263893,1.7149366393930812,48
subsample,15470,322.2916666666667,434068.87326388893,2.044232298108457,48
classically,15465,322.1875,474672.27734375,2.1383965596967887,48
shop,15459,322.0625,656569.68359375,2.515939844828246,48
directionality,15456,322.0,204999.625,1.4061144185976977,48
aj,15456,322.0,181651.83333333334,1.3236221341178436,48
ngo,15455,321.9791666666667,300851.6870659722,1.70352477311016,48
tether,15442,321.7083333333333,333378.37326388893,1.79476007852708,48
rahman,15437,321.6041666666667,211212.73914930553,1.4290202651453805,48
airborne,15430,321.4583333333333,364508.24826388893,1.878144450691161,48
degenerate,15426,321.375,139266.56770833334,1.1612115489811636,48
yd,15399,320.8125,141542.86067708334,1.1727156010598945,48
conformity,15399,320.8125,928102.40234375,3.0029400823247476,48
midpoint,15395,320.7291666666667,159470.40581597222,1.2450924333413074,48
born,15380,320.4166666666667,179614.24305555553,1.3226815270500383,48
configure,15376,320.3333333333333,87675.05555555556,0.9243488216506971,48
singer,15368,320.1666666666667,889537.972222222,2.945819491466115,48
connected,15362,320.0416666666667,87109.74826388888,0.9222036906802286,48
dixon,15356,319.9166666666667,198580.32638888888,1.3929362606892568,48
preferable,15355,319.8958333333333,87759.80164930556,0.9260602287834104,48
arguably,15355,319.8958333333333,381131.96831597225,1.929874667843587,48
embedded,15347,319.7291666666667,194852.8224826389,1.3806102544208543,48
pittsburgh,15345,319.6875,204842.75651041666,1.4157437410296043,48
opposition,15324,319.25,467143.3958333333,2.1408892467263914,48
fabric,15316,319.0833333333333,277559.24305555556,1.6511013287907916,48
depiction,15315,319.0625,227885.76692708334,1.496176526678668,48
souza,15306,318.875,203588.94270833334,1.4150005930062513,48
digitalization,15294,318.625,416393.484375,2.025219563998697,48
mit,15291,318.5625,123057.62109375,1.1011832751361776,48
joy,15281,318.3541666666667,1538262.1453993057,3.8958716273788805,48
genre,15262,317.9583333333333,1218105.2482638888,3.4711405203817742,48
wildfire,15256,317.8333333333333,650390.263888889,2.537392039541292,48
heterogenous,15247,317.6458333333333,187297.31206597222,1.362456387982341,48
sampled,15223,317.1458333333333,226264.0412326389,1.4998532200425545,48
continually,15223,317.1458333333333,135926.99956597222,1.1625023921066062,48
defence,15216,317.0,482693.875,2.1916774124141485,48
whatever,15211,316.8958333333333,375233.2599826388,1.9330101491797946,48
kazakhstan,15201,316.6875,301718.0481770833,1.7344817042709328,48
hostile,15196,316.5833333333333,710902.9930555556,2.6632818158078617,48
nonparametric,15187,316.3958333333333,164940.73914930553,1.2836103571199309,48
dia,15186,316.375,161706.859375,1.2710483261800782,48
resort,15177,316.1875,262112.56901041666,1.6191952710152036,48
tends,15168,316.0,146421.66666666666,1.2109203851801238,48
commentary,15167,315.9791666666667,228985.6453993056,1.5144177099612186,48
evening,15162,315.875,180213.56770833334,1.343935689930726,48
unintended,15142,315.4583333333333,161699.03993055556,1.2747109491296376,48
homogenization,15135,315.3125,168786.29817708334,1.30294896804756,48
pooling,15133,315.2708333333333,185973.6974826389,1.3678610027715248,48
gomez,15132,315.25,172507.35416666666,1.317494199612446,48
systemically,15127,315.1458333333333,401593.16623263893,2.0108588528357054,48
extrapolation,15125,315.1041666666667,85282.71831597222,0.9267793988294439,48
walter,15124,315.0833333333333,169996.3680555556,1.3085622581073642,48
rob,15120,315.0,173489.83333333334,1.3222892314555899,48
philip,15110,314.7916666666667,133483.95659722222,1.1606233631320522,48
francisco,15103,314.6458333333333,105375.10373263892,1.0316847774574784,48
nv,15098,314.5416666666667,121049.37326388888,1.1061221495532116,48
underpinnings,15096,314.5,254086.41666666666,1.6027658281828996,48
assembled,15094,314.4583333333333,658766.9982638889,2.581087983884747,48
modularity,15094,314.4583333333333,234117.95659722225,1.538701064254712,48
conceivable,15091,314.3958333333333,184376.15581597225,1.3657637961115412,48
abroad,15090,314.375,381556.2760416667,1.964858583093183,48
traverse,15083,314.2291666666667,77529.30164930555,0.8861075610436071,48
regain,15077,314.1041666666667,140740.96831597222,1.1943636295480058,48
hang,15074,314.0416666666667,125084.16493055555,1.1261957736514399,48
prohibit,15072,314.0,119394.16666666667,1.1004286940777175,48
pollute,15063,313.8125,726120.65234375,2.715402139522399,48
imprint,15057,313.6875,209412.29817708334,1.458827288209528,48
objectives,15051,313.5625,192694.37109375,1.3999431370200912,48
barely,15042,313.375,139325.44270833334,1.191107252146937,48
tactic,15038,313.2916666666667,506887.41493055556,2.272515798967996,48
lend,15034,313.2083333333333,297438.5399305555,1.7412667685567582,48
newcastle,15030,313.125,185900.609375,1.376964245629818,48
evaluative,15028,313.0833333333333,1351320.6180555557,3.7129512966921028,48
stripe,15012,312.75,833042.4791666666,2.9183424712526222,48
brook,15007,312.6458333333333,230889.60373263888,1.5369139198529653,48
lever,14999,312.4791666666667,230695.54123263888,1.5370872942142713,48
notwithstanding,14994,312.375,146656.06770833334,1.225952797243249,48
cri,14963,311.7291666666667,185193.11414930553,1.380495447502629,48
opaque,14949,311.4375,153407.66276041666,1.257629228224189,48
subregions,14946,311.375,285291.5260416667,1.7153813953231865,48
revisit,14943,311.3125,183531.21484375,1.3761266662588978,48
dollar,14937,311.1875,164020.44401041666,1.3014480828517967,48
sky,14929,311.0208333333333,222412.85373263888,1.516318593976251,48
myriad,14928,311.0,104377.0,1.0388240992318478,48
unaware,14928,311.0,272730.7916666667,1.6792165176340583,48
articulation,14920,310.8333333333333,760804.5555555556,2.8061376222195804,48
concerned,14918,310.7916666666667,386297.99826388893,1.9998244021981912,48
corrigendum,14911,310.6458333333333,116316.10373263889,1.097878777915878,48
rainbow,14911,310.6458333333333,398027.2287326388,2.0309108443725403,48
taper,14889,310.1875,193036.27734375,1.4164301884294268,48
retreat,14887,310.1458333333333,576904.4995659721,2.448984363057375,48
controllable,14882,310.0416666666667,208186.53993055553,1.4716558488451097,48
imagination,14876,309.9166666666667,1081458.7430555555,3.355521653530543,48
mail,14857,309.5208333333333,411068.3745659722,2.071415143348207,48
xm,14855,309.4791666666667,228706.9578993056,1.545283864642329,48
envision,14850,309.375,109786.109375,1.070997559222249,48
successively,14847,309.3125,110413.96484375,1.0742726804528246,48
promoting,14826,308.875,193702.484375,1.4249014782964922,48
fulfillment,14825,308.8541666666667,1071504.4162326388,3.3515331395977905,48
memorial,14812,308.5833333333333,247891.3263888889,1.6134599871431596,48
harrison,14807,308.4791666666667,201611.58289930553,1.4555659938499217,48
iteratively,14805,308.4375,68569.16276041667,0.8489795887111253,48
wy,14795,308.2291666666667,121451.05164930555,1.13064666938109,48
christian,14794,308.2083333333333,265407.8315972222,1.671523512207034,48
procurement,14788,308.0833333333333,557220.4097222221,2.422954747661475,48
acting,14786,308.0416666666667,241686.83159722225,1.5959417265601379,48
centrally,14781,307.9375,129045.85026041667,1.1665663424926138,48
employed,14779,307.8958333333333,167217.6349826389,1.328119724419383,48
cohesive,14772,307.75,170540.72916666666,1.341887156429594,48
complementarity,14770,307.7083333333333,200594.7899305556,1.4555280070736674,48
shortening,14768,307.6666666666667,237529.0555555556,1.5840829686883025,48
imitation,14762,307.5416666666667,1453748.6232638888,3.9204931069215836,48
eclipse,14751,307.3125,186775.21484375,1.406304597899728,48
pyramid,14749,307.2708333333333,422707.19748263893,2.115916294722945,48
lime,14743,307.1458333333333,232686.91623263888,1.5705123425536678,48
vet,14740,307.0833333333333,1403971.5347222222,3.8585390973099276,48
seo,14739,307.0625,284957.8919270833,1.7384554392708325,48
sorting,14738,307.0416666666667,234465.7899305556,1.5770389794026298,48
opacity,14736,307.0,341227.7083333333,1.9027589317931692,48
optimistic,14733,306.9375,622550.2669270834,2.570616319708775,48
containment,14711,306.4791666666667,279002.95789930556,1.7234688789576484,48
flourish,14709,306.4375,1071946.1627604167,3.378660670420166,48
hedge,14708,306.4166666666667,252439.2013888889,1.6397061099855148,48
subjectivity,14698,306.2083333333333,294385.0815972222,1.7719068749009845,48
registered,14696,306.1666666666667,205938.38888888888,1.4822134487504126,48
processor,14694,306.125,149547.15104166666,1.2632528124688462,48
convince,14671,305.6458333333333,221659.56206597222,1.5403689498888775,48
immigration,14669,305.6041666666667,405821.78081597225,2.084531224862532,48
hardy,14667,305.5625,206788.78776041666,1.4882073291901168,48
quantified,14666,305.5416666666667,134320.66493055556,1.1995019911709563,48
thrust,14653,305.2708333333333,1709745.405815972,4.283318909446906,48
lux,14647,305.1458333333333,348370.29123263893,1.9342522539843698,48
disabled,14646,305.125,623142.6510416666,2.587116265121315,48
myers,14640,305.0,188648.91666666666,1.4240568213144966,48
utilizes,14637,304.9375,77446.30859375,0.9126190410212309,48
afternoon,14622,304.625,124004.81770833333,1.1559890943057587,48
notation,14619,304.5625,174823.62109375,1.3728517036958487,48
gravitational,14612,304.4166666666667,387766.1597222222,2.0455802721114855,48
stake,14607,304.3125,499607.1315104167,2.3227075017377583,48
quotient,14598,304.125,201329.65104166666,1.47537271819555,48
constitution,14596,304.0833333333333,169533.7013888889,1.3540521922999802,48
umbrella,14584,303.8333333333333,146909.05555555556,1.261504677345733,48
famous,14584,303.8333333333333,272742.93055555556,1.7188632766248286,48
bu,14584,303.8333333333333,161511.6805555556,1.3227158258363954,48
font,14572,303.5833333333333,339977.9513888888,1.920646552786013,48
og,14569,303.5208333333333,264045.9162326388,1.692977637593979,48
harvesting,14566,303.4583333333333,550610.0815972222,2.4452485568238362,48
cpc,14559,303.3125,121116.96484375,1.1473929599028887,48
customize,14558,303.2916666666667,81892.16493055555,0.9435408307410992,48
revert,14550,303.125,168237.984375,1.3531323352098634,48
truncation,14535,302.8125,153129.11067708334,1.2922754128634804,48
trouble,14535,302.8125,433855.0690104167,2.1751967177307834,48
resampling,14527,302.6458333333333,99604.97873263889,1.0428115300501788,48
economical,14511,302.3125,113182.25651041667,1.1128408758072157,48
unsatisfactory,14507,302.2291666666667,186529.50998263888,1.4290170186777522,48
disregard,14503,302.1458333333333,190994.7078993055,1.4464187980392955,48
negotiate,14482,301.7083333333333,415401.12326388893,2.136222709043385,48
precondition,14472,301.5,149995.75,1.284553392555455,48
galaxy,14472,301.5,1545536.5833333333,4.123370202983166,48
cash,14469,301.4375,405535.0794270833,2.1125983409671076,48
incidental,14460,301.25,315596.1458333333,1.8648280361755478,48
adjacency,14456,301.1666666666667,137229.68055555553,1.230034022246348,48
timescales,14452,301.0833333333333,286930.2013888888,1.779104327480648,48
unmeasured,14432,300.6666666666667,207998.55555555553,1.516857826363392,48
designation,14418,300.375,143012.90104166666,1.2589944755261857,48
mil,14416,300.3333333333333,349981.2638888888,1.9697851604684211,48
ay,14413,300.2708333333333,173998.8224826389,1.3891847443801875,48
stimulates,14413,300.2708333333333,254652.69748263888,1.6805869668167286,48
solving,14410,300.2083333333333,966088.7899305556,3.274053546615335,48
wedge,14398,299.9583333333333,504728.2065972222,2.368469825039531,48
passively,14397,299.9375,181878.64192708334,1.4218706316494474,48
taking,14394,299.875,1063482.734375,3.4389428675945006,48
qr,14394,299.875,196521.27604166666,1.4783066370510478,48
drafting,14363,299.2291666666667,113699.7183159722,1.126875070601382,48
irregularity,14359,299.1458333333333,78311.20789930556,0.9354681448845493,48
discourage,14341,298.7708333333333,298050.92664930556,1.827288158205692,48
instrumentation,14325,298.4375,72339.28776041667,0.9012260176738904,48
mile,14307,298.0625,199074.30859375,1.4969257813534018,48
puzzle,14306,298.0416666666667,428798.45659722225,2.197098984827441,48
times,14304,298.0,90385.54166666667,1.0088653783735742,48
portfolio,14302,297.9583333333333,185994.7482638889,1.447420783985061,48
stark,14288,297.6666666666667,83080.05555555555,0.9683184012647954,48
broader,14282,297.5416666666667,126338.41493055555,1.1945928761900408,48
diversify,14280,297.5,155100.45833333334,1.3237914462054174,48
specially,14265,297.1875,76753.06901041667,0.9322176823069422,48
carlos,14259,297.0625,148994.60026041666,1.299383755477606,48
discernible,14250,296.875,76184.40104166667,0.9297354740506667,48
altman,14247,296.8125,161737.40234375,1.3549492999293338,48
emphasise,14241,296.6875,140570.04817708334,1.263709201579321,48
proto,14237,296.6041666666667,227777.2391493055,1.609081029376009,48
infrequent,14235,296.5625,134309.62109375,1.235769089240293,48
logit,14234,296.5416666666667,235763.5399305556,1.637391749531412,48
immense,14232,296.5,91128.45833333333,1.0181278418447062,48
manageable,14225,296.3541666666667,290768.56206597225,1.819544521931178,48
safer,14219,296.2291666666667,150667.50998263888,1.3103339353270107,48
aurora,14202,295.875,505936.7760416667,2.404029837328283,48
mole,14193,295.6875,166064.63151041666,1.3781789353019487,48
ample,14180,295.4166666666667,150884.6180555556,1.3148841504843145,48
hj,14177,295.3541666666667,129772.52039930555,1.2196866427957835,48
holmes,14165,295.1041666666667,320869.42664930556,1.9195031433419636,48
army,14153,294.8541666666667,116395.33289930555,1.1570723460203594,48
levy,14142,294.625,239558.15104166666,1.6612533919457086,48
yoon,14138,294.5416666666667,176475.41493055553,1.426249042587908,48
wonder,14124,294.25,254185.4375,1.7134003899281345,48
vv,14122,294.2083333333333,194493.24826388885,1.4989850277361356,48
franklin,14121,294.1875,200777.86067708334,1.523118508463851,48
ontario,14120,294.1666666666667,100523.7222222222,1.0778065569923,48
nsf,14109,293.9375,98682.51692708333,1.0687228938080622,48
watanabe,14106,293.875,170520.109375,1.405157996220605,48
ver,14101,293.7708333333333,219445.55164930553,1.5946108532255585,48
bartlett,14097,293.6875,550956.0481770834,2.52739437801826,48
liability,14096,293.6666666666667,169775.34722222222,1.4030807298156827,48
interrelationship,14091,293.5625,181650.91276041666,1.4518381851326303,48
broken,14090,293.5416666666667,84038.24826388888,0.9875719356306399,48
bill,14081,293.3541666666667,146463.7287326389,1.304586205600183,48
shaw,14080,293.3333333333333,160958.05555555556,1.3677128934408338,48
embeddings,14080,293.3333333333333,207541.01388888885,1.5530682795153523,48
consecutively,14075,293.2291666666667,120885.5933159722,1.185714435009188,48
wage,14070,293.125,555770.1510416666,2.54328335566585,48
sae,14066,293.0416666666667,280354.7482638888,1.8068603271734642,48
genesis,14063,292.9791666666667,218380.89539930553,1.5950363387809434,48
chaotic,14062,292.9583333333333,251435.95659722216,1.7116219047981873,48
unlabeled,14043,292.5625,147829.24609375,1.314200180688873,48
authorize,14039,292.4791666666667,122537.66623263888,1.196850390260694,48
computerized,14035,292.3958333333333,342556.1558159722,2.0016802703674315,48
pang,14031,292.3125,177423.83984375,1.4409821457678378,48
kmo,14029,292.2708333333333,763471.5308159725,2.9895852750794623,48
ratios,14028,292.25,112368.89583333333,1.1470135195882236,48
stimulating,14011,291.8958333333333,151470.1766493056,1.3333239193153024,48
wireless,14007,291.8125,142706.02734375,1.294545343607839,48
ordered,14007,291.8125,111317.27734375,1.1433452623259313,48
mishra,14005,291.7708333333333,193206.1349826389,1.5064980732448585,48
roth,13994,291.5416666666667,156398.53993055553,1.3564872466117075,48
weekend,13994,291.5416666666667,333508.7065972223,1.9808562306820132,48
degraded,13987,291.3958333333333,247088.8641493056,1.7058594628723207,48
fragility,13982,291.2916666666667,178183.4982638889,1.4491244370519776,48
implicitly,13981,291.2708333333333,564474.9891493056,2.5794395447398197,48
matthew,13979,291.2291666666667,146921.46831597225,1.3161571956742186,48
differences,13970,291.0416666666667,156578.5399305556,1.3595993577944359,48
disconnect,13966,290.9583333333333,142225.7899305556,1.2961592900271919,48
spent,13953,290.6875,145498.50651041666,1.3122086941292288,48
shu,13940,290.4166666666667,163956.65972222222,1.394257516774841,48
misclassification,13937,290.3541666666667,112215.1870659722,1.1537129201738012,48
repurposing,13928,290.1666666666667,435629.93055555556,2.2746329957741964,48
lk,13926,290.125,122399.609375,1.2058821384804794,48
ws,13923,290.0625,197672.43359375,1.5327858012986855,48
impart,13919,289.9791666666667,125694.8120659722,1.2226210787321545,48
frog,13911,289.8125,290863.6106770833,1.860919480764744,48
disable,13903,289.6458333333333,154693.56206597222,1.3579032712679404,48
destabilize,13900,289.5833333333333,116667.36805555556,1.179508669670142,48
mentioned,13896,289.5,93843.41666666667,1.058164865779251,48
processed,13892,289.4166666666667,215679.3680555556,1.6046516385479876,48
rstudio,13889,289.3541666666667,125447.02039930555,1.2240535976944587,48
interrogate,13887,289.3125,154077.75651041666,1.356759199386346,48
territorial,13883,289.2291666666667,266748.46831597225,1.785701571801586,48
viii,13875,289.0625,119860.39192708333,1.1976946022924042,48
ladder,13868,288.9166666666667,148041.9513888889,1.3317411055955473,48
designated,13864,288.8333333333333,118923.72222222223,1.1939521847957184,48
interpolate,13853,288.6041666666667,188797.78081597225,1.5055522967786699,48
stewardship,13853,288.6041666666667,207092.57248263888,1.5768110858316735,48
damaging,13851,288.5625,117665.74609375,1.188735231870985,48
rarity,13851,288.5625,370388.8294270833,2.1090605498769075,48
quest,13846,288.4583333333333,188316.62326388888,1.5043927755902124,48
gpu,13840,288.3333333333333,138547.1388888889,1.2909336697589584,48
intensively,13838,288.2916666666667,105787.8315972222,1.1281991513591556,48
missed,13835,288.2291666666667,121948.30164930555,1.2115740199179188,48
parenthesis,13825,288.0208333333333,189319.6453993056,1.5106850750338867,48
mori,13822,287.9583333333333,164482.1232638889,1.4084119475289594,48
funder,13822,287.9583333333333,106438.41493055558,1.132972967923244,48
alvarez,13820,287.9166666666667,147079.40972222222,1.332015055036557,48
delicate,13815,287.8125,114344.77734375,1.1748935367604048,48
simplification,13814,287.7916666666667,73616.08159722222,0.9427751665837315,48
barrett,13812,287.75,347571.8125,2.0488347994736897,48
che,13806,287.625,246431.56770833334,1.725923484751434,48
michigan,13795,287.3958333333333,90982.98914930556,1.0495415418979666,48
disparate,13795,287.3958333333333,101756.23914930556,1.1099414144752584,48
criticize,13780,287.0833333333333,493597.6597222223,2.447251288086248,48
interdependent,13780,287.0833333333333,725088.076388889,2.9661110140912474,48
psycho,13771,286.8958333333333,744571.4266493056,3.00766139913872,48
connor,13766,286.7916666666667,356037.41493055556,2.0805650160674034,48
thumb,13756,286.5833333333333,240499.65972222225,1.7112217963690424,48
inexpensive,13755,286.5625,72469.16276041667,0.9394145114939629,48
ukraine,13752,286.5,169236.875,1.4358956254049484,48
noticeably,13740,286.25,85317.02083333333,1.0204044541080026,48
transmitter,13727,285.9791666666667,137303.56206597222,1.2957061073593983,48
erroneous,13718,285.7916666666667,154029.83159722225,1.3732602812333186,48
ensue,13714,285.7083333333333,124106.87326388892,1.233033878560855,48
determined,13714,285.7083333333333,87828.62326388892,1.0372779114474169,48
fork,13702,285.4583333333333,230618.4149305556,1.682303179067836,48
georgia,13676,284.9166666666667,173875.24305555553,1.463527948066161,48
methodsa,13663,284.6458333333333,243544.68706597222,1.7337421151745007,48
judgement,13657,284.5208333333333,348896.7495659722,2.076033655086425,48
achievable,13656,284.5,60491.75,0.8645016043704208,48
unreliable,13645,284.2708333333333,82801.32248263889,1.01224661703021,48
president,13644,284.25,258751.0625,1.7895366512360449,48
jain,13643,284.2291666666667,186798.09331597222,1.5206090739813682,48
gilbert,13627,283.8958333333333,327931.2599826389,2.017123041308496,48
petersen,13620,283.75,180828.35416666666,1.4986402569079729,48
prevailing,13618,283.7083333333333,91774.33159722223,1.067796572816595,48
rz,13592,283.1666666666667,127508.01388888888,1.2610334653554656,48
strategically,13579,282.8958333333333,147917.55164930556,1.3595128094762565,48
caveat,13576,282.8333333333333,110318.55555555556,1.1743395607005815,48
morale,13575,282.8125,173313.61067708334,1.472033637393708,48
preventative,13574,282.7916666666667,160354.28993055553,1.416034009224761,48
integer,13574,282.7916666666667,159584.70659722222,1.4126319585887062,48
unify,13568,282.6666666666667,89031.51388888889,1.0555948957309758,48
tug,13559,282.4791666666667,204501.0412326389,1.6008894346884113,48
dis,13555,282.3958333333333,127025.61414930556,1.2620814022764142,48
calculator,13548,282.25,100599.52083333333,1.1237352530588551,48
surrounding,13541,282.1041666666667,118686.92664930555,1.2212144693988507,48
qatar,13535,281.9791666666667,160391.14539930556,1.420277384426188,48
compulsory,13533,281.9375,435882.6002604167,2.341703591732739,48
sullivan,13527,281.8125,192853.61067708334,1.5583091993595695,48
fortunately,13527,281.8125,80561.65234375,1.0071726639785867,48
recursive,13526,281.7916666666667,126797.41493055556,1.2636507342102716,48
denotes,13524,281.75,84850.4375,1.0338632981041513,48
rotary,13493,281.1041666666667,280450.2183159722,1.8839119816052012,48
splitting,13476,280.75,117956.77083333333,1.223324496874891,48
harmonize,13474,280.7083333333333,77419.74826388889,0.9912211765555555,48
ying,13453,280.2708333333333,100595.36414930556,1.1316472665189161,48
diversified,13449,280.1875,170360.40234375,1.473111338680074,48
improper,13448,280.1666666666667,84214.18055555555,1.0358005815101252,48
insightful,13428,279.75,132568.5625,1.3015179986441012,48
sri,13423,279.6458333333333,109522.27039930556,1.1834307951436962,48
nice,13418,279.5416666666667,219528.9149305556,1.6760976425506564,48
multilayer,13414,279.4583333333333,69594.66493055556,0.9439976420125186,48
regulating,13411,279.3958333333333,137901.4474826389,1.3291209001560134,48
speculation,13408,279.3333333333333,114384.43055555556,1.2107673283133247,48
andersen,13403,279.2291666666667,129312.0933159722,1.2878307505373812,48
jn,13397,279.1041666666667,174861.96831597222,1.498239909130017,48
henry,13396,279.0833333333333,123616.45138888889,1.259807630994863,48
arouse,13390,278.9583333333333,758634.7899305554,3.1223173177052916,48
discontinuous,13374,278.625,129456.44270833333,1.2913434172367837,48
joseph,13362,278.375,122591.359375,1.2577655646807524,48
illustrative,13359,278.3125,112029.08984375,1.2026318223536625,48
measuring,13357,278.2708333333333,89776.98914930556,1.0767498739437031,48
catastrophic,13347,278.0625,143542.55859375,1.362535788940835,48
shang,13318,277.4583333333333,156421.83159722225,1.4254464615794984,48
irritation,13316,277.4166666666667,147574.90972222222,1.3847574616975837,48
uni,13310,277.2916666666667,99223.8315972222,1.135981290651684,48
commonality,13294,276.9583333333333,246553.95659722222,1.7928400739886143,48
seldom,13291,276.8958333333333,144063.59331597222,1.3707577212450561,48
eta,13284,276.75,244592.77083333334,1.7870396103755757,48
streak,13280,276.6666666666667,632541.4722222221,2.8746678034867856,48
definitively,13275,276.5625,110089.66276041667,1.1997202194761256,48
representational,13273,276.5208333333333,905748.291232639,3.441722925270054,48
uniqueness,13267,276.3958333333333,442154.48914930556,2.4057778809111494,48
eighth,13264,276.3333333333333,138282.47222222225,1.345706319280382,48
reconcile,13253,276.1041666666667,173769.71831597225,1.5097814600009773,48
reconstructed,13248,276.0,104999.875,1.1740465291345947,48
naming,13246,275.9583333333333,652116.7899305556,2.9263022261394225,48
jeong,13240,275.8333333333333,155899.84722222225,1.4314497171510787,48
apt,13239,275.8125,127764.65234375,1.2959594533428107,48
semantics,13223,275.4791666666667,738725.0412326389,3.119986033441093,48
appraise,13222,275.4583333333333,360168.9149305555,2.17869882051471,48
hypothesized,13216,275.3333333333333,979670.013888889,3.5948528261758628,48
reception,13216,275.3333333333333,201126.76388888888,1.6288314279299092,48
misconception,13213,275.2708333333333,404353.0308159722,2.3100434768520373,48
gini,13206,275.125,206559.27604166666,1.6519324935147133,48
mis,13202,275.0416666666667,286287.49826388893,1.9453721790187468,48
toronto,13199,274.9791666666667,107863.60373263888,1.1943666591541744,48
invitation,13178,274.5416666666667,396384.24826388893,2.2932422164112816,48
wo,13159,274.1458333333333,228877.4162326389,1.7450980029331298,48
dome,13152,274.0,513931.75,2.616388077790719,48
stevens,13143,273.8125,163470.69401041666,1.4766129832790251,48
seventy,13137,273.6875,104471.71484375,1.1809850479517625,48
centralized,13130,273.5416666666667,150020.08159722222,1.4159607335273796,48
carvalho,13111,273.1458333333333,146185.9162326389,1.3997748526298124,48
doesn,13104,273.0,217877.75,1.7097940200439374,48
relationships,13100,272.9166666666667,175040.70138888888,1.532990502240759,48
intuition,13096,272.8333333333333,1064673.4722222222,3.7819064997220297,48
ok,13095,272.8125,104499.02734375,1.1849277180260058,48
agility,13085,272.6041666666667,459424.0724826388,2.4864193905156715,48
recovered,13079,272.4791666666667,165387.45789930553,1.492512522173031,48
juan,13072,272.3333333333333,92973.68055555556,1.1196420740155253,48
panda,13065,272.1875,190211.52734375,1.602323638532858,48
kick,13060,272.0833333333333,485177.6597222222,2.560050062214386,48
stanford,13059,272.0625,107167.39192708333,1.2032687735747747,48
palmer,13034,271.5416666666667,186556.62326388888,1.590628856075335,48
viz,13034,271.5416666666667,321339.74826388893,2.087592583458266,48
textile,13031,271.4791666666667,224472.1662326389,1.7451981398997358,48
overwhelming,13031,271.4791666666667,157421.49956597222,1.4614888794384255,48
oscillate,13024,271.3333333333333,72538.63888888889,0.9926166391208324,48
jan,13022,271.2916666666667,76172.87326388889,1.0173343654671563,48
magnet,13014,271.125,144204.109375,1.4006165484672184,48
painting,13011,271.0625,755896.6002604166,3.207463748171791,48
indistinguishable,13005,270.9375,95363.68359375,1.1397835636645477,48
dispersed,13005,270.9375,92057.22526041667,1.1198499142635099,48
staple,13004,270.9166666666667,488352.99305555556,2.579474289393592,48
colorado,12999,270.8125,78236.31901041667,1.0328458243325134,48
barrel,12975,270.3125,178825.58984375,1.5644032299899133,48
tucker,12974,270.2916666666667,493304.3315972222,2.5985124876132364,48
reciprocity,12966,270.125,877613.8177083334,3.468062745722435,48
ghosh,12964,270.0833333333333,143206.61805555556,1.4011471873313583,48
exciting,12961,270.0208333333333,101855.22873263889,1.1819371706393822,48
rodrigues,12931,269.3958333333333,152544.1974826389,1.4497962494107537,48
intrusive,12931,269.3958333333333,528318.3224826389,2.698093290588117,48
inflate,12915,269.0625,118912.10026041667,1.2816216989360536,48
barnes,12913,269.0208333333333,139006.9787326389,1.3859015754222948,48
ue,12904,268.8333333333333,307142.7222222222,2.061517365786326,48
summarise,12904,268.8333333333333,49077.7638888889,0.824060820696495,48
existential,12885,268.4375,1067684.37109375,3.849268956692969,48
essay,12884,268.4166666666667,752211.7013888889,3.231175623106699,48
exemplar,12881,268.3541666666667,777984.1453993055,3.2868283966984246,48
erode,12880,268.3333333333333,209551.5555555555,1.7059677577579317,48
díaz,12868,268.0833333333333,164316.7013888889,1.5120670134997733,48
scrutinize,12867,268.0625,131418.39192708334,1.35235904723258,48
skewed,12858,267.875,118582.02604166667,1.2855152975047504,48
sake,12851,267.7291666666667,200205.78081597225,1.671254618492805,48
douglas,12847,267.6458333333333,175996.31206597225,1.567441340805951,48
hernandez,12846,267.625,123577.56770833333,1.3135395122470213,48
keller,12842,267.5416666666667,221139.1649305556,1.757686448643137,48
munich,12819,267.0625,97229.80859375,1.1675804250027997,48
dissimilar,12816,267.0,187080.5,1.6199551826724148,48
valencia,12815,266.9791666666667,157627.85373263888,1.4870963510079105,48
thereof,12813,266.9375,99986.85026041667,1.1845730696115127,48
provenance,12813,266.9375,452958.93359375,2.5212727269795194,48
deliberately,12801,266.6875,312385.0065104167,2.09576426194466,48
suppressed,12801,266.6875,213266.13151041666,1.7316426960935407,48
invisible,12796,266.5833333333333,249826.90972222222,1.8749367167925046,48
suspicious,12796,266.5833333333333,348342.0763888888,2.213961039680429,48
advisor,12795,266.5625,334151.87109375,2.1685672554736555,48
recherche,12788,266.4166666666667,143826.4513888889,1.4235017075022904,48
anr,12780,266.25,207310.3125,1.7100973606417176,48
networking,12761,265.8541666666667,385345.29123263893,2.3349713541407464,48
accidental,12760,265.8333333333333,104346.30555555556,1.2151477906265287,48
tab,12758,265.7916666666667,194758.8732638889,1.6603791312643785,48
amenable,12755,265.7291666666667,91535.0308159722,1.138556115807059,48
finalize,12746,265.5416666666667,104959.87326388888,1.2200537722479767,48
lighting,12744,265.5,336328.7916666667,2.184326215656751,48
electronics,12728,265.1666666666667,100594.76388888888,1.1961034926822625,48
boolean,12725,265.1041666666667,90769.13498263888,1.1364557876352528,48
underestimated,12725,265.1041666666667,69810.2183159722,0.9966506273179057,48
disposable,12720,265.0,155577.25,1.4884257382735917,48
hindrance,12718,264.9583333333333,344208.66493055556,2.2142839705137214,48
higgins,12716,264.9166666666667,316519.32638888893,2.123688594024828,48
contiguous,12710,264.7916666666667,72774.33159722222,1.0187902956009132,48
browser,12707,264.7291666666667,155753.11414930553,1.4907903636107624,48
communal,12702,264.625,749659.3177083334,3.2719081282190023,48
redirect,12696,264.5,259176.83333333334,1.924741512780729,48
himself,12695,264.4791666666667,714343.4578993055,3.1956710476400225,48
fy,12687,264.3125,96490.50651041667,1.1752346584146136,48
notification,12686,264.2916666666667,292857.20659722225,2.0475970165812187,48
carter,12678,264.125,181097.234375,1.6111886690012642,48
digitally,12676,264.0833333333333,143034.78472222222,1.4321214191178453,48
closing,12672,264.0,78425.33333333333,1.0607774031870851,48
guest,12663,263.8125,338316.4440104167,2.2047846883819555,48
methodswe,12657,263.6875,260683.92317708334,1.9362774221873935,48
inaccuracy,12652,263.5833333333333,47177.86805555556,0.8240455336806958,48
contaminated,12648,263.5,365250.5416666667,2.2935848685714824,48
intertwine,12645,263.4375,176277.57942708334,1.5937527342480655,48
finely,12638,263.2916666666667,136103.16493055556,1.401189901087142,48
authoritative,12637,263.2708333333333,387809.1558159722,2.3654091964262687,48
layered,12632,263.1666666666667,115310.72222222223,1.2903394238146562,48
summation,12620,262.9166666666667,103421.82638888888,1.2231732758635063,48
tangle,12619,262.8958333333333,393361.38498263893,2.3856798323820017,48
kendall,12612,262.75,98722.02083333333,1.195815817453512,48
sens,12584,262.1666666666667,520318.8472222221,2.751422639482011,48
reviewed,12582,262.125,132762.77604166666,1.390047749483248,48
resonate,12580,262.0833333333333,310558.61805555556,2.1263384329986432,48
kobayashi,12579,262.0625,166554.89192708334,1.5573054976004301,48
corruption,12567,261.8125,323933.1106770833,2.1738886398337303,48
worthwhile,12561,261.6875,179123.63151041666,1.6173107173952104,48
intensified,12544,261.3333333333333,89932.26388888889,1.147527111856786,48
evidently,12538,261.2083333333333,80666.03993055558,1.0873224133381767,48
trustworthy,12533,261.1041666666667,353101.71831597225,2.2758105858945354,48
departure,12531,261.0625,134029.39192708334,1.402347133220189,48
enumeration,12527,260.9791666666667,393802.39539930556,2.404547367440945,48
bauer,12525,260.9375,173295.80859375,1.5953557142969774,48
animation,12525,260.9375,495849.1002604167,2.6985984563382677,48
lowering,12521,260.8541666666667,170606.08289930553,1.5834322195788253,48
broadband,12507,260.5625,122522.82942708333,1.3433729410330353,48
natal,12498,260.375,88706.484375,1.1438745587631909,48
motive,12490,260.2083333333333,880019.5815972224,3.6051635123126236,48
occlude,12489,260.1875,130813.94401041667,1.3900825501809442,48
plausibility,12487,260.1458333333333,209481.66623263888,1.759365759252394,48
perimeter,12484,260.0833333333333,65074.368055555555,0.9808271005812602,48
nurture,12479,259.9791666666667,582360.3953993056,2.935332943838805,48
computing,12469,259.7708333333333,75770.6349826389,1.0596442255953005,48
typology,12468,259.75,313173.2708333333,2.1544518271938844,48
griffith,12466,259.7083333333333,204200.33159722222,1.7399723074428435,48
marie,12462,259.625,78547.40104166667,1.0794919308341742,48
centro,12450,259.375,82901.56770833333,1.1100773914330144,48
hoffmann,12442,259.2083333333333,107457.45659722223,1.2646470022719392,48
elephant,12435,259.0625,334421.8919270833,2.2322498246002698,48
ordinate,12434,259.0416666666667,109980.12326388888,1.2802284537542845,48
yamamoto,12433,259.0208333333333,130801.47873263889,1.3962771491891677,48
optional,12412,258.5833333333333,113036.11805555556,1.30019379060878,48
newton,12407,258.4791666666667,74206.79123263889,1.0538924214471537,48
berger,12396,258.25,126828.4375,1.3790118268534302,48
distract,12395,258.2291666666667,791219.843315972,3.4446356466956884,48
historic,12391,258.1458333333333,120596.41623263892,1.3452471524413285,48
fluent,12387,258.0625,503176.18359375,2.748749340686078,48
presenting,12383,257.9791666666667,273696.31206597225,2.0279154184463644,48
unidirectional,12375,257.8125,63616.694010416664,0.978321454992709,48
nie,12355,257.3958333333333,112861.61414930555,1.3051836245048107,48
disproportionate,12350,257.2916666666667,114841.3315972222,1.3171140713554064,48
dispense,12346,257.2083333333333,250462.9149305556,1.9457483914018714,48
questionable,12345,257.1875,116902.44401041667,1.3294191748024422,48
reliant,12342,257.125,72153.44270833333,1.0446822702228757,48
drs,12341,257.1041666666667,92478.46831597223,1.1827996820390383,48
philosophical,12337,257.0208333333333,727415.3953993056,3.318355546759047,48
insufficiently,12334,256.9583333333333,94369.41493055556,1.1955092054672054,48
causally,12331,256.8958333333333,159749.34331597222,1.555831214349405,48
grace,12330,256.875,163111.734375,1.572246959687508,48
flaw,12329,256.8541666666667,93220.54123263889,1.1886916030236812,48
inferred,12321,256.6875,149770.33984375,1.5076765758379544,48
sketch,12317,256.6041666666667,125103.5308159722,1.378386717439754,48
influenced,12311,256.4791666666667,178569.49956597225,1.6475991029605055,48
tran,12308,256.4166666666667,107242.1597222222,1.2771341725797023,48
alike,12305,256.3541666666667,139295.31206597225,1.4558876756127477,48
chin,12302,256.2916666666667,174742.2899305556,1.6310396774567537,48
unconventional,12299,256.2291666666667,221104.5516493056,1.835144546197317,48
semantically,12286,255.95833333333334,907742.5399305556,3.7223059851186306,48
reductive,12279,255.8125,406591.2356770833,2.492626710185647,48
somehow,12277,255.77083333333334,164012.00998263885,1.5833860231287842,48
slot,12275,255.72916666666666,109025.57248263888,1.2911714796763154,48
sparsity,12274,255.70833333333334,175129.91493055553,1.6365726413597372,48
paradoxically,12272,255.66666666666666,159971.6388888889,1.5643984890742009,48
cheung,12258,255.375,341889.3177083333,2.2896251460330097,48
principally,12256,255.33333333333334,77647.88888888889,1.0913330593968367,48
walsh,12253,255.27083333333334,162364.4891493056,1.5784990653789814,48
reddy,12244,255.08333333333334,139145.82638888888,1.4623556542273324,48
brother,12238,254.95833333333334,210856.78993055553,1.8010450820237198,48
polygon,12229,254.77083333333334,219841.6349826389,1.8403705078035393,48
ems,12225,254.6875,159950.42317708334,1.570308806557447,48
zhai,12225,254.6875,137822.00651041666,1.4576446191367238,48
populate,12225,254.6875,78217.42317708333,1.0981056389661383,48
dig,12216,254.5,110669.83333333333,1.3071542560230724,48
ranked,12216,254.5,74337.54166666667,1.0713128417326496,48
undertaken,12211,254.39583333333334,69541.69748263889,1.0366034498252328,48
hinders,12203,254.22916666666666,83813.21831597223,1.1387565414921952,48
explored,12201,254.1875,76579.15234375,1.0886821133103335,48
washing,12186,253.875,147928.40104166666,1.514976321658636,48
rid,12180,253.75,115180.64583333333,1.3374689355339229,48
affordability,12176,253.66666666666666,318167.01388888893,2.2236384443968142,48
condense,12174,253.625,65655.734375,1.0102858530693877,48
distinguishable,12158,253.29166666666666,96490.2065972222,1.2263677364068735,48
mathematically,12156,253.25,75042.5625,1.0816938829959102,48
unaltered,12154,253.20833333333334,130423.4565972222,1.426263796336517,48
impactful,12153,253.1875,110763.23567708333,1.3144847636957315,48
received,12152,253.16666666666666,119900.38888888888,1.3677407060300801,48
abu,12151,253.14583333333334,85766.62456597222,1.156880166635026,48
peculiar,12146,253.04166666666666,70930.45659722223,1.0525054136638552,48
anna,12145,253.02083333333334,98627.68706597223,1.2412039313945524,48
thai,12135,252.8125,132823.23567708334,1.441579124282355,48
onwards,12129,252.6875,57329.923177083336,0.9475604406493647,48
queen,12121,252.52083333333334,216146.2078993055,1.8410966867742238,48
understudied,12114,252.375,98686.90104166667,1.2447536940445363,48
periodically,12097,252.02083333333334,51155.02039930554,0.8974446808024392,48
sup,12086,251.79166666666666,83057.03993055556,1.1445818953249103,48
cautiously,12084,251.75,91707.27083333333,1.20290797839154,48
permanently,12068,251.41666666666666,58287.5763888889,0.9602712680634775,48
albert,12068,251.41666666666666,79303.99305555556,1.1200914017713457,48
speculative,12060,251.25,99904.9375,1.2580195950981643,48
rout,12058,251.20833333333334,52996.914930555555,0.9164130232844615,48
obstruct,12058,251.20833333333334,71523.99826388888,1.0646132078427533,48
solver,12056,251.16666666666666,140409.59722222222,1.491888598131494,48
inert,12053,251.10416666666666,91954.13498263889,1.2076239359940857,48
tenure,12034,250.70833333333334,747548.4149305556,3.4486640727809017,48
wos,12032,250.66666666666666,92332.0972222222,1.2122153085420952,48
incline,12026,250.54166666666666,203978.2899305556,1.8026524830939386,48
esp,12019,250.39583333333334,84434.03081597222,1.1604639765982634,48
ahn,12009,250.1875,129120.36067708333,1.4362556753391218,48
planned,12002,250.04166666666666,169089.8732638889,1.6445474711810204,48
sig,12000,250.0,213572.75,1.8485572752825379,48
receipt,11997,249.9375,165125.85026041666,1.625833665081234,48
almeida,11989,249.77083333333334,120528.67664930556,1.3899637410770804,48
initiator,11982,249.625,121793.65104166667,1.398054967441489,48
columns,11978,249.54166666666666,88313.62326388888,1.190887618946413,48
sided,11967,249.3125,85836.75651041667,1.1751480809348878,48
flatten,11966,249.29166666666666,43091.831597222226,0.832702207249391,48
enumerate,11965,249.27083333333334,317372.5724826388,2.2600249333670606,48
austin,11946,248.875,102851.31770833333,1.2886164083176126,48
beneficiary,11930,248.54166666666666,302236.45659722225,2.2119444608870813,48
tracing,11925,248.4375,81725.95442708333,1.150701953115151,48
amsterdam,11910,248.125,94475.15104166667,1.2387631374821846,48
venue,11910,248.125,366959.109375,2.441396470766505,48
church,11905,248.02083333333334,237672.35373263888,1.9656272814544824,48
supra,11897,247.85416666666666,82829.33289930556,1.1611701356161275,48
ik,11896,247.83333333333334,72451.7222222222,1.086087057880117,48
predicts,11891,247.72916666666666,294345.9058159722,2.190039046302741,48
muñoz,11891,247.72916666666666,109713.15581597223,1.3370640499643704,48
venture,11882,247.54166666666666,706020.5399305555,3.3943791985197893,48
hamburg,11882,247.54166666666666,80287.9565972222,1.1446610148588823,48
sx,11881,247.52083333333334,125958.04123263888,1.4338416470539608,48
separated,11876,247.41666666666666,68411.95138888889,1.057151030999905,48
learned,11875,247.39583333333334,242397.53081597216,1.9900854059263096,48
untrained,11874,247.375,350457.6927083333,2.3931063077173667,48
firmly,11863,247.14583333333334,73009.54123263889,1.093292872244992,48
richards,11861,247.10416666666666,135621.88498263888,1.490338152880103,48
meaningfully,11854,246.95833333333334,215643.16493055553,1.8803736775554976,48
tot,11849,246.85416666666666,71543.91623263889,1.083542355584028,48
thinner,11845,246.77083333333334,65092.926649305555,1.033886992628271,48
cancel,11845,246.77083333333334,127847.30164930556,1.448945183085898,48
await,11833,246.52083333333334,102963.33289930555,1.3016303574173789,48
favour,11831,246.47916666666666,49195.874565972226,0.8998790181188736,48
acm,11829,246.4375,175932.12109375,1.7020243731945501,48
naked,11828,246.41666666666666,99172.86805555556,1.2779867704162176,48
perry,11823,246.3125,212005.42317708334,1.869334550561472,48
welcome,11820,246.25,218941.77083333334,1.90015082265594,48
pj,11800,245.83333333333334,90212.88888888888,1.2217814450441533,48
scrutiny,11797,245.77083333333334,128422.17664930556,1.4581079277940598,48
refrain,11778,245.375,217593.06770833334,1.901044201893486,48
cartoon,11775,245.3125,191525.79817708334,1.7839963522497726,48
israeli,11774,245.29166666666666,298501.33159722225,2.227359621449276,48
asymmetrical,11760,245.0,93472.08333333333,1.24788589791547,48
classified,11758,244.95833333333334,62764.7482638889,1.0227410252592155,48
legitimate,11756,244.91666666666666,206872.15972222222,1.8570888573259312,48
assisted,11748,244.75,134376.3125,1.4977476923233877,48
upgrading,11741,244.60416666666666,585938.6974826389,3.129408371259938,48
applicant,11734,244.45833333333334,371731.0815972222,2.4940754711208695,48
provided,11728,244.33333333333334,68610.88888888889,1.0720469436623863,48
hue,11725,244.27083333333334,217362.15581597225,1.9086238761794847,48
mor,11717,244.10416666666666,197406.1766493056,1.8201416013360459,48
meticulous,11715,244.0625,72383.35026041667,1.1023468989606713,48
conventionally,11713,244.02083333333334,81773.02039930556,1.1718664310119948,48
gee,11704,243.83333333333334,99537.51388888888,1.293898826327292,48
theorize,11698,243.70833333333334,477107.37326388893,2.8342469272493345,48
procure,11697,243.6875,144429.50651041666,1.5595335106342518,48
initialize,11689,243.52083333333334,79997.83289930556,1.1614566098849182,48
lyon,11682,243.375,105184.734375,1.3326017913987729,48
victoria,11679,243.3125,86367.63151041667,1.2078446609083484,48
stein,11678,243.29166666666666,178066.1232638889,1.7344565240683443,48
concise,11665,243.02083333333334,84369.35373263889,1.195222762396344,48
eighteen,11657,242.85416666666666,74226.29123263889,1.121846200864405,48
diaz,11656,242.83333333333334,112003.63888888889,1.3781857811926062,48
interim,11643,242.5625,107757.87109375,1.3533210632181554,48
proportionally,11638,242.45833333333334,48927.58159722222,0.9123043790225362,48
corrective,11626,242.20833333333334,150972.2482638889,1.6042035757387048,48
martín,11621,242.10416666666666,128919.05164930555,1.4830516870418315,48
substantive,11614,241.95833333333334,279701.4565972222,2.1857816703078257,48
deform,11613,241.9375,171206.22526041666,1.7102381399169502,48
adjustable,11608,241.83333333333334,93958.3472222222,1.2675103733333968,48
bristol,11606,241.79166666666666,177471.74826388888,1.7423013972731571,48
imaginary,11605,241.77083333333334,167804.46831597225,1.694329424753094,48
ning,11603,241.72916666666666,111502.1558159722,1.3813781340912379,48
undetected,11596,241.58333333333334,67351.82638888888,1.0742558298269926,48
subsamples,11595,241.5625,245603.78776041666,2.051577911551127,48
finer,11586,241.375,108899.859375,1.3671663881170353,48
exaggerated,11578,241.20833333333334,165843.1232638889,1.6883264571034367,48
subcategories,11570,241.04166666666666,181165.33159722225,1.7658159081896603,48
viewing,11558,240.79166666666666,479450.7065972221,2.8756135989633225,48
jam,11552,240.66666666666666,90741.3472222222,1.2516608505746383,48
adaption,11544,240.5,113578.95833333333,1.4013088343093518,48
weiss,11534,240.29166666666666,132458.41493055556,1.5146108624748806,48
inducing,11526,240.125,151054.56770833334,1.618562795071229,48
valuation,11524,240.08333333333334,223280.8680555556,1.9681751480777554,48
contend,11514,239.875,331692.734375,2.4009493122505328,48
edgar,11504,239.66666666666666,751894.513888889,3.618018826233547,48
outweigh,11504,239.66666666666666,80682.22222222222,1.1851717474236498,48
institut,11497,239.52083333333334,117490.20789930555,1.4310590093789204,48
unimodal,11494,239.45833333333334,170028.95659722222,1.721993427243207,48
magnify,11492,239.41666666666666,46039.784722222226,0.8962151108734967,48
possession,11489,239.35416666666666,541547.4370659722,3.074519559953008,48
preexist,11485,239.27083333333334,130499.48914930555,1.5097833917592378,48
gui,11484,239.25,79554.47916666667,1.1789092409553223,48
beside,11481,239.1875,73992.65234375,1.1372496663858527,48
squared,11478,239.125,74660.77604166667,1.1426711614131833,48
stats,11468,238.91666666666666,131798.32638888888,1.5195272782466587,48
eighty,11466,238.875,82574.859375,1.2029656356856422,48
zen,11464,238.83333333333334,229201.38888888888,2.004535179411912,48
observatory,11462,238.79166666666666,330171.4565972222,2.4063045712958995,48
overlapping,11460,238.75,72813.85416666667,1.1302216692031368,48
wife,11454,238.625,537716.359375,3.0729867195553964,48
labour,11434,238.20833333333334,118576.99826388889,1.4455838097323146,48
dissipate,11432,238.16666666666666,83018.51388888889,1.2097802743851782,48
soldier,11419,237.89583333333334,225970.71831597222,1.9982013474521612,48
realism,11418,237.875,337574.6927083333,2.442508811865962,48
pisa,11416,237.83333333333334,451188.05555555556,2.8242690982813285,48
houston,11415,237.8125,81603.44401041667,1.2012117332020105,48
nan,11389,237.27083333333334,93245.19748263888,1.2869713560052252,48
scheduling,11387,237.22916666666666,498166.4266493055,2.9752204087127967,48
standalone,11385,237.1875,45200.235677083336,0.8963519178702365,48
rosenberg,11379,237.0625,220610.76692708334,1.9813011524655684,48
endowment,11375,236.97916666666666,275284.47873263893,2.214015692531776,48
overhead,11369,236.85416666666666,95538.29123263889,1.3049915680513366,48
loan,11358,236.625,227469.31770833334,2.015583458395477,48
ourselves,11350,236.45833333333334,382966.3732638888,2.6171324169320145,48
abs,11346,236.375,213125.109375,1.9530608197788937,48
graphically,11338,236.20833333333334,53680.998263888876,0.9808781864556628,48
isa,11335,236.14583333333334,194993.08289930553,1.8699470786315366,48
intraclass,11330,236.04166666666666,154195.78993055553,1.6635949202731957,48
assertion,11329,236.02083333333334,303359.52039930556,2.333611063637122,48
explainable,11325,235.9375,122207.05859375,1.481668924137357,48
gay,11321,235.85416666666666,535198.7078993055,3.101801310398194,48
fruitful,11316,235.75,191639.8125,1.8569113348526654,48
comprising,11309,235.60416666666666,73795.65581597223,1.1530082947539548,48
muller,11302,235.45833333333334,100229.24826388888,1.3445692380623364,48
dispatch,11295,235.3125,1269980.2565104167,4.789095382384783,48
utmost,11292,235.25,53506.4375,0.9832713520747076,48
kaur,11286,235.125,180905.609375,1.8089526871170225,48
apologize,11285,235.10416666666666,78719.09331597222,1.193382639094971,48
discussed,11282,235.04166666666666,58891.99826388888,1.032483897779845,48
jian,11280,235.0,88814.20833333333,1.2681579897185433,48
discordant,11262,234.625,90948.31770833333,1.285354876289692,48
invoke,11255,234.47916666666666,130717.24956597225,1.54192123208163,48
howard,11249,234.35416666666666,148777.1037326389,1.6458693987828448,48
drawn,11248,234.33333333333334,83979.34722222223,1.2366653057192467,48
proposed,11244,234.25,49489.229166666664,0.9496766174947464,48
sincere,11243,234.22916666666666,101174.00998263889,1.3579804208650972,48
worse,11242,234.20833333333334,99135.78993055556,1.3443516735374752,48
extraordinary,11240,234.16666666666666,89085.55555555556,1.2746136717287717,48
ming,11233,234.02083333333334,82452.97873263889,1.2270115572631475,48
numeric,11230,233.95833333333334,87754.66493055556,1.2661833176791797,48
kato,11224,233.83333333333334,118825.55555555555,1.4741731812924228,48
preferably,11222,233.79166666666666,53270.41493055556,0.9872201538612765,48
oliver,11221,233.77083333333334,132732.00998263888,1.5584666406137044,48
rope,11210,233.54166666666666,217242.03993055553,1.9957565390024326,48
practicality,11194,233.20833333333334,45989.58159722222,0.9195718413143094,48
incompatibility,11183,232.97916666666666,254800.85373263888,2.1666230137196183,48
flores,11174,232.79166666666666,111748.12326388889,1.435994212070899,48
navarro,11171,232.72916666666666,114648.73914930555,1.4549022885826723,48
calendar,11171,232.72916666666666,91962.48914930555,1.3030303893365238,48
osaka,11168,232.66666666666666,94470.63888888888,1.3210347997907828,48
ripple,11162,232.54166666666666,160624.83159722222,1.723477276990274,48
entitle,11153,232.35416666666666,92083.72873263889,1.30599340418388,48
led,11142,232.125,264709.984375,2.216477078560971,48
huber,11121,231.6875,105785.13151041667,1.4038144607251373,48
assigned,11120,231.66666666666666,102522.88888888889,1.382123552439267,48
transcend,11118,231.625,230867.56770833334,2.074416849844052,48
existing,11117,231.60416666666666,102124.98914930555,1.3798111288231303,48
expedite,11115,231.5625,62488.204427083336,1.0795202493537481,48
generalist,11105,231.35416666666666,312444.97873263893,2.4160696465705507,48
sur,11105,231.35416666666666,76445.18706597223,1.1950821187100795,48
superposition,11102,231.29166666666666,112394.4565972222,1.4494807777657714,48
showcasing,11100,231.25,42287.479166666664,0.8892505797696438,48
inch,11094,231.125,134515.359375,1.5868614649919777,48
arnold,11093,231.10416666666666,132153.30164930556,1.5730090935473318,48
precaution,11090,231.04166666666666,147858.3732638889,1.6643039852452302,48
ju,11090,231.04166666666666,77673.66493055556,1.2062757295912672,48
rectify,11089,231.02083333333334,60168.81206597221,1.0617800779689792,48
imitate,11085,230.9375,395057.2669270833,2.7216706336937246,48
competitively,11079,230.8125,160716.02734375,1.7368818199028868,48
stiff,11075,230.72916666666666,106781.86414930555,1.416270638468737,48
vendor,11074,230.70833333333334,84770.99826388889,1.2620029407732083,48
deutsche,11072,230.66666666666666,111953.8472222222,1.4505565734453603,48
hungarian,11068,230.58333333333334,146872.53472222222,1.6620434834792746,48
accelerator,11060,230.41666666666666,257530.4513888889,2.202421332423691,48
diminishes,11049,230.1875,71701.81901041667,1.1632775601099867,48
wisdom,11048,230.16666666666666,512851.8888888888,3.1113835518546415,48
subjectively,11044,230.08333333333334,323429.1180555555,2.4717491737868644,48
jiménez,11044,230.08333333333334,115410.70138888888,1.4765150552641362,48
sara,11044,230.08333333333334,163061.36805555553,1.7550535826811093,48
und,11043,230.0625,75965.26692708333,1.1980134650106675,48
spurious,11042,230.04166666666666,70347.24826388889,1.1529674630241136,48
groundwork,11041,230.02083333333334,59383.10373263888,1.0594105022142153,48
stern,11038,229.95833333333334,207360.78993055553,1.9802233031382497,48
correctness,11035,229.89583333333334,167256.75998263888,1.7789377028872713,48
onward,11028,229.75,61928.854166666664,1.0831559811983205,48
mpi,11027,229.72916666666666,74732.44748263889,1.1899767211175016,48
glue,11013,229.4375,52941.954427083336,1.0028490861343589,48
scrap,11005,229.27083333333334,118852.94748263892,1.503682580717869,48
clearer,11003,229.22916666666666,81930.09331597222,1.2486819938166358,48
anyone,11001,229.1875,249796.94401041666,2.180733690807433,48
parameters,10992,229.0,48874.5,0.9653964142500729,48
distil,10987,228.89583333333334,215121.21831597216,2.026299966553256,48
updating,10976,228.66666666666666,311757.05555555556,2.4417729850023697,48
malfunction,10973,228.60416666666666,44988.655815972226,0.9278277700060644,48
virginia,10969,228.52083333333334,74070.79123263889,1.1909614190286206,48
reversed,10960,228.33333333333334,127671.76388888888,1.5648694512265102,48
cfr,10951,228.14583333333334,151480.45789930553,1.705947897826741,48
analyzes,10943,227.97916666666666,84649.35373263889,1.2761938914991926,48
yk,10939,227.89583333333334,73730.25998263889,1.1914792892797195,48
unesco,10935,227.8125,406329.27734375,2.7980888951678127,48
johnston,10928,227.66666666666666,128530.30555555556,1.5747199190706298,48
epochs,10925,227.60416666666666,125774.61414930555,1.558175202713068,48
indonesian,10913,227.35416666666666,136978.1037326389,1.627881010325568,48
ninety,10906,227.20833333333334,74328.7065972222,1.1999248067596175,48
embedding,10900,227.08333333333334,44188.28472222222,0.9256958383395151,48
wisconsin,10884,226.75,66284.35416666667,1.1354243894519862,48
freeman,10872,226.5,154190.41666666666,1.7336462505765826,48
guided,10871,226.47916666666666,135559.74956597228,1.6256877026074559,48
officially,10870,226.45833333333334,96628.62326388889,1.3726650916013596,48
mislead,10870,226.45833333333334,89280.24826388889,1.3194392159985815,48
unseen,10869,226.4375,66275.49609375,1.1369153817332827,48
hassan,10859,226.22916666666666,103959.63498263888,1.425226133775277,48
undefined,10857,226.1875,141022.65234375,1.6602589835138672,48
predetermined,10855,226.14583333333334,52701.1662326389,1.015129672573424,48
gardner,10852,226.08333333333334,261554.03472222216,2.2621018983247176,48
bolt,10849,226.02083333333334,318208.89539930556,2.495787965099875,48
inductively,10838,225.79166666666666,97834.41493055555,1.385281124882453,48
inefficiency,10833,225.6875,79041.46484375,1.2457187013966304,48
interpretive,10831,225.64583333333334,260686.47873263885,2.2627258294712442,48
comb,10825,225.52083333333334,90685.29123263889,1.3353089453251865,48
stretching,10818,225.375,120246.65104166667,1.5386178097692502,48
elongated,10813,225.27083333333334,93913.32248263889,1.360374983990608,48
undetermined,10805,225.10416666666666,84732.75998263889,1.2931298669529916,48
nova,10805,225.10416666666666,85440.46831597223,1.2985189031148014,48
treatments,10803,225.0625,337168.5169270833,2.580003939526965,48
fem,10803,225.0625,104832.68359375,1.438617082671546,48
objectivity,10799,224.97916666666666,143969.7703993056,1.6865272094083439,48
roadmap,10792,224.83333333333334,53032.55555555556,1.024260862675689,48
benchmarking,10790,224.79166666666666,45630.956597222226,0.9502756026720373,48
attached,10786,224.70833333333334,129439.91493055555,1.6010869983605793,48
sampler,10780,224.58333333333334,204515.03472222222,2.013655147619586,48
harmonious,10779,224.5625,755637.1627604166,3.8709665616235545,48
bore,10777,224.52083333333334,112542.54123263889,1.494175851637903,48
focusing,10770,224.375,71824.27604166667,1.1944312646356083,48
glove,10770,224.375,80611.81770833333,1.2653914367457064,48
lambert,10770,224.375,104322.69270833333,1.4395108021973826,48
indeterminate,10766,224.29166666666666,127676.37326388888,1.5930966734295962,48
marco,10760,224.16666666666666,150742.59722222222,1.7319963118546966,48
aligned,10741,223.77083333333334,94621.00998263888,1.3746442205139935,48
consolidated,10737,223.6875,61269.46484375,1.1065736584045813,48
unmodified,10737,223.6875,136777.67317708334,1.6533541504942382,48
redefine,10727,223.47916666666666,71849.70789930555,1.1994315273579366,48
optimise,10722,223.375,35535.692708333336,0.8439132921372501,48
ur,10719,223.3125,71036.92317708333,1.1935181774023798,48
informatics,10709,223.10416666666666,57608.21831597222,1.0758074332136303,48
dub,10703,222.97916666666666,107424.27039930555,1.469897050070894,48
motivated,10702,222.95833333333334,516985.498263889,3.2248942006040764,48
santiago,10697,222.85416666666666,52849.58289930556,1.0315731355566726,48
tripartite,10680,222.5,100712.79166666667,1.426304662444415,48
understandable,10676,222.41666666666666,125151.49305555556,1.5905623196112533,48
yun,10668,222.25,82664.39583333333,1.2936520419241848,48
rubin,10664,222.16666666666666,241349.09722222225,2.211281030316428,48
exemplary,10657,222.02083333333334,68064.68706597223,1.1750793589728716,48
misalignment,10654,221.95833333333334,51330.206597222226,1.0207398052365944,48
constellation,10650,221.875,86707.81770833333,1.3271522801226174,48
quantifiable,10646,221.79166666666666,42509.9982638889,0.9296089988653693,48
pandey,10645,221.77083333333334,229438.21831597225,2.1598741780190225,48
suddenly,10642,221.70833333333334,127294.7065972222,1.6092486556102128,48
tense,10618,221.20833333333334,774681.6649305555,3.9788737118531277,48
richard,10616,221.16666666666666,57230.18055555556,1.0816652697626523,48
regionally,10592,220.66666666666666,83509.38888888889,1.3095766353817933,48
kimura,10591,220.64583333333334,110902.4370659722,1.5092973664291538,48
uncomfortable,10591,220.64583333333334,273846.4370659722,2.37168942289005,48
readability,10589,220.60416666666666,96207.11414930555,1.4060147699342314,48
res,10586,220.54166666666666,98981.0815972222,1.4265448994483714,48
established,10586,220.54166666666666,55530.91493055556,1.0685055005745943,48
investigación,10581,220.4375,77989.07942708333,1.2668681564128823,48
voting,10579,220.39583333333334,186813.40581597222,1.9611040624668847,48
recreation,10575,220.3125,187469.79817708334,1.965289424914961,48
facilitating,10574,220.29166666666666,110884.28993055555,1.51160020162008,48
alonso,10569,220.1875,94442.56901041667,1.3956972910386138,48
minnesota,10546,219.70833333333334,63333.664930555555,1.1454358732791419,48
je,10542,219.625,102687.27604166667,1.459071391865271,48
compilation,10542,219.625,60499.526041666664,1.1199385956324193,48
spur,10536,219.5,78074.125,1.2729725485187535,48
alien,10523,219.22916666666666,299421.25998263893,2.49599082021874,48
demonstrating,10522,219.20833333333334,64559.53993055556,1.15910599841426,48
ou,10521,219.1875,70888.31901041667,1.214707060264702,48
centered,10515,219.0625,224439.89192708334,2.1626288177299893,48
coalition,10513,219.02083333333334,293061.4370659722,2.4716894872481894,48
sincerely,10503,218.8125,57727.819010416664,1.0980457790996059,48
strengthening,10501,218.77083333333334,74394.3433159722,1.2467533280458594,48
methodsthis,10498,218.70833333333334,109570.74826388889,1.51349845751929,48
jena,10497,218.6875,90935.13151041667,1.3789289508441245,48
evacuation,10492,218.58333333333334,173056.3680555556,1.9031663394932397,48
hdr,10490,218.54166666666666,134480.2899305556,1.6780120203652957,48
dedication,10486,218.45833333333334,432607.45659722225,3.0107755768639204,48
ribeiro,10481,218.35416666666666,73760.47873263889,1.2437995054151554,48
dozen,10478,218.29166666666666,50970.581597222226,1.0342431134738936,48
chase,10477,218.27083333333334,95865.61414930556,1.4185208476390931,48
illinois,10476,218.25,42959.645833333336,0.9496773798744891,48
favourable,10473,218.1875,49275.52734375,1.0173860400832475,48
unsafe,10460,217.91666666666666,320815.5763888889,2.5991855022959744,48
prolific,10457,217.85416666666666,113961.66623263888,1.5495782949887136,48
mason,10438,217.45833333333334,102688.83159722223,1.4736201490671186,48
christensen,10430,217.29166666666666,116128.24826388889,1.5682881698614377,48
impacted,10428,217.25,77225.72916666667,1.2791492592885014,48
stamp,10427,217.22916666666666,69755.88498263889,1.215828418567181,48
unanswered,10426,217.20833333333334,85215.58159722223,1.343949725697581,48
foreground,10416,217.0,108539.25,1.518216385578142,48
intricately,10415,216.97916666666666,98977.18706597223,1.44993828238717,48
centralize,10412,216.91666666666666,90612.32638888888,1.3877163919085582,48
constrained,10409,216.85416666666666,84027.45789930555,1.3367273725276454,48
université,10404,216.75,65732.6875,1.1828552132511874,48
dichotomy,10403,216.72916666666666,154466.78081597225,1.8134274555519507,48
sierra,10402,216.70833333333334,68495.16493055556,1.2076868731905865,48
dean,10401,216.6875,78859.38151041667,1.2959636618159984,48
inaccessible,10396,216.58333333333334,53585.86805555556,1.068808998964198,48
piano,10394,216.54166666666666,788120.0399305555,4.09972484887274,48
hire,10380,216.25,283108.5625,2.4604830987200814,48
hussain,10368,216.0,157414.16666666666,1.8368265837361204,48
patterning,10365,215.9375,197314.18359375,2.0570795340275825,48
foremost,10362,215.875,69304.359375,1.2194891091589433,48
assault,10356,215.75,348816.2291666667,2.73745845642091,48
windows,10355,215.72916666666666,85460.94748263888,1.3551113594816682,48
stored,10353,215.6875,84600.42317708333,1.3485321073333465,48
randomness,10346,215.54166666666666,64603.2482638889,1.1792229987587228,48
brien,10345,215.52083333333334,90678.20789930555,1.3972116771976897,48
proprietary,10337,215.35416666666666,43062.22873263888,0.9635959651794697,48
packet,10327,215.14583333333334,88908.20789930556,1.3859194462911757,48
ought,10324,215.08333333333334,250308.65972222216,2.326114984161946,48
oregon,10319,214.97916666666666,89471.10373263888,1.391377648297512,48
gateway,10315,214.89583333333334,124072.59331597219,1.6391169259553418,48
pencil,10312,214.83333333333334,407092.8472222222,2.9699221739659984,48
favorably,10311,214.8125,95307.81901041667,1.437158660126835,48
flexibly,10307,214.72916666666666,235530.15581597225,2.26012376052372,48
advisable,10304,214.66666666666666,58569.01388888888,1.127377449003955,48
mohamed,10304,214.66666666666666,61051.0138888889,1.151017237830568,48
webster,10301,214.60416666666666,115078.48914930556,1.580734477913763,48
scotland,10300,214.58333333333334,86207.20138888889,1.3682825423341913,48
craig,10287,214.3125,158503.71484375,1.8576856235457742,48
subdivision,10286,214.29166666666666,64037.3732638889,1.1808955120271571,48
techniques,10283,214.22916666666666,27947.30164930556,0.7803534285545045,48
resemblance,10281,214.1875,94538.94401041667,1.4355266245315963,48
segmented,10281,214.1875,46005.610677083336,1.0014085110235005,48
announce,10275,214.0625,97599.10026041667,1.459426789067842,48
delhi,10274,214.04166666666666,143034.58159722222,1.7669416214431992,48
kilogram,10274,214.04166666666666,93109.87326388888,1.4256060959002033,48
certified,10267,213.89583333333334,50193.676649305555,1.0474231771633822,48
ramirez,10265,213.85416666666666,100953.7495659722,1.4857423768106948,48
ys,10264,213.83333333333334,63847.09722222222,1.1816671774804228,48
maximally,10260,213.75,64973.0625,1.1925059247777083,48
assumed,10255,213.64583333333334,91047.02039930556,1.4123373405427877,48
hoffman,10248,213.5,119310.25,1.6178602267259379,48
prototypical,10246,213.45833333333334,292104.16493055556,2.53195370420286,48
shapley,10239,213.3125,51675.631510416664,1.0656794489532462,48
campos,10233,213.1875,95160.69401041667,1.446995110467625,48
noted,10224,213.0,62398.708333333336,1.1727574390613762,48
cnpq,10217,212.85416666666666,84430.16623263889,1.3651069136498255,48
divert,10215,212.8125,64450.985677083336,1.192937382864029,48
devastate,10213,212.77083333333334,51668.551649305555,1.0683192385591724,48
restructuring,10212,212.75,165197.5625,1.9104349241298408,48
iowa,10209,212.6875,59863.756510416664,1.1503765400637163,48
persuasive,10205,212.60416666666666,304138.5724826389,2.5939642116117043,48
swap,10200,212.5,67470.25,1.2223546396410099,48
pinto,10199,212.47916666666666,84472.91623263889,1.3678623293048522,48
countermeasure,10192,212.33333333333334,148708.2638888889,1.8161402105765776,48
absolutely,10189,212.27083333333334,104439.40581597223,1.5224459082275326,48
digitize,10188,212.25,58887.145833333336,1.1433061870892645,48
yadav,10182,212.125,170323.31770833334,1.9455625533523837,48
unavoidable,10182,212.125,48026.234375,1.0331120156479623,48
familiarize,10178,212.04166666666666,259700.6232638889,2.4033403989594473,48
silhouette,10165,211.77083333333334,41820.801649305555,0.9656728717191633,48
swift,10161,211.6875,47953.798177083336,1.034466167651028,48
recipe,10157,211.60416666666666,176653.2391493056,1.9862622446290554,48
levin,10157,211.60416666666666,145978.53081597222,1.805594732681039,48
multinomial,10156,211.58333333333334,141305.15972222222,1.7766323073618848,48
brake,10144,211.33333333333334,85715.76388888889,1.3853590520697472,48
presumed,10140,211.25,56376.645833333336,1.1239652887993794,48
tangential,10136,211.16666666666666,81776.43055555556,1.3542184008113407,48
proactively,10129,211.02083333333334,240727.93706597222,2.3250800689330084,48
robotics,10126,210.95833333333334,119762.45659722225,1.640452509418195,48
guiding,10118,210.79166666666666,62701.33159722221,1.187913845931894,48
softmax,10108,210.58333333333334,90316.82638888889,1.4271194938515854,48
envelop,10099,210.39583333333334,128324.07248263892,1.702616869744083,48
reyes,10098,210.375,84056.109375,1.3781310356877328,48
usable,10098,210.375,53766.192708333336,1.1022002702342917,48
srivastava,10093,210.27083333333334,128841.86414930556,1.7070626649234075,48
js,10083,210.0625,52039.891927083336,1.0859745889302537,48
confidential,10079,209.97916666666666,184393.2703993056,2.045014189255561,48
castillo,10076,209.91666666666666,70455.74305555555,1.264478001821129,48
saha,10067,209.72916666666666,88264.86414930555,1.4165604013288247,48
squeeze,10064,209.66666666666666,43880.1388888889,0.9990899860728026,48
humanitarian,10054,209.45833333333334,360635.0399305555,2.867056933060318,48
masking,10047,209.3125,155583.79817708334,1.8844604183024667,48
crash,10046,209.29166666666666,192214.37326388888,2.094792418851094,48
proceeds,10036,209.08333333333334,43400.65972222222,0.9963886007396499,48
mentorship,10034,209.04166666666666,254592.7482638889,2.413738153399813,48
morocco,10033,209.02083333333334,64568.56206597222,1.2156847885245419,48
unspecified,10019,208.72916666666666,68365.94748263889,1.2526702959448412,48
maximization,10009,208.52083333333334,96804.45789930556,1.492101018308104,48
macdonald,10007,208.47916666666666,131767.79123263888,1.74117318690052,48
emerges,10002,208.375,108367.27604166667,1.5798049331224306,48
modeled,10001,208.35416666666666,119266.27039930555,1.6575118019042445,48
unrestricted,10001,208.35416666666666,60974.14539930556,1.1851427691538734,48
transferability,9986,208.04166666666666,82644.74826388889,1.381838556145479,48
fernandes,9980,207.91666666666666,79944.78472222222,1.3598962142691184,48
distributional,9977,207.85416666666666,148482.2912326389,1.8538670922982758,48
retrieved,9975,207.8125,66448.77734375,1.2404287690181857,48
saito,9962,207.54166666666666,87691.53993055555,1.4268343243961852,48
harvey,9958,207.45833333333334,97075.12326388889,1.501838006851338,48
erc,9953,207.35416666666666,47142.02039930556,1.047107641672214,48
propel,9932,206.91666666666666,40940.07638888889,0.9778648847183149,48
kz,9931,206.89583333333334,53613.92664930554,1.1191468158319084,48
yong,9927,206.8125,55896.485677083336,1.1431822362421578,48
conceal,9918,206.625,150309.27604166666,1.876333467276156,48
gil,9916,206.58333333333334,76771.03472222223,1.3412304859749604,48
buffering,9914,206.54166666666666,89112.3315972222,1.4453107280365052,48
mal,9911,206.47916666666666,81496.70789930555,1.3825912180871813,48
jack,9904,206.33333333333334,83842.05555555556,1.4033356704246118,48
enters,9901,206.27083333333334,51958.57248263888,1.1050725272031687,48
hmm,9901,206.27083333333334,165454.1974826389,1.9719734869688905,48
fade,9898,206.20833333333334,72408.03993055556,1.304929903948385,48
fence,9897,206.1875,163766.02734375,1.9626803485831483,48
leap,9878,205.79166666666666,58661.58159722222,1.1769258438821006,48
thankful,9878,205.79166666666666,66436.33159722223,1.2524922220588268,48
nordic,9875,205.72916666666666,57673.8224826389,1.167329608550043,48
pedersen,9867,205.5625,87910.53776041667,1.4423696567552173,48
ranging,9861,205.4375,107967.45442708333,1.5994354207960975,48
bot,9857,205.35416666666666,69708.85373263889,1.2857023909178888,48
chunk,9851,205.22916666666666,475179.2183159722,3.3588424840909554,48
inadvertently,9850,205.20833333333334,62268.83159722222,1.2160190126685215,48
brilliant,9832,204.83333333333334,217019.47222222222,2.274305067222579,48
morrison,9805,204.27083333333334,146937.0308159722,1.8765462352408713,48
elm,9804,204.25,83294.85416666667,1.4130158091930127,48
laden,9795,204.0625,108772.60026041667,1.6162053959111609,48
centimeter,9794,204.04166666666666,65672.37326388889,1.2559504134527872,48
threefold,9784,203.83333333333334,71141.51388888888,1.3085380169254968,48
euro,9782,203.79166666666666,86495.37326388889,1.4431451610116959,48
solidify,9777,203.6875,54796.798177083336,1.1492465632877722,48
ping,9777,203.6875,48547.33984375,1.0817286717139976,48
clockwise,9768,203.5,72554.29166666667,1.323631639231316,48
vk,9767,203.47916666666666,83748.95789930556,1.422229738941574,48
seventeen,9766,203.45833333333334,44982.83159722222,1.0424324268628096,48
materialthe,9751,203.14583333333334,55836.37456597222,1.163190072412637,48
smoothing,9751,203.14583333333334,57601.24956597221,1.181430105211725,48
tradeoff,9746,203.04166666666666,77087.24826388889,1.3674331432506948,48
repercussion,9745,203.02083333333334,108045.43706597223,1.6190587543708759,48
blanco,9745,203.02083333333334,104074.14539930555,1.5890253316109413,48
champion,9744,203.0,140039.375,1.843440157809256,48
predicate,9738,202.875,243016.65104166666,2.429906053649239,48
collaboratively,9727,202.64583333333334,131133.64539930553,1.7869787524723346,48
examples,9722,202.54166666666666,59767.95659722221,1.2070348923649834,48
triangulation,9709,202.27083333333334,157809.8224826389,1.963965036272105,48
signatures,9708,202.25,199174.5625,2.2066243467878133,48
collate,9708,202.25,51271.4375,1.119564751643982,48
austrian,9704,202.16666666666666,56999.2638888889,1.1809324951667441,48
pioneering,9703,202.14583333333334,40186.62456597222,0.9916900842141206,48
yourself,9698,202.04166666666666,374946.62326388893,3.0307058060085357,48
synchronized,9694,201.95833333333334,69895.74826388889,1.3090722035121904,48
turquoise,9692,201.91666666666666,153384.78472222222,1.9396303564255264,48
conclusively,9683,201.72916666666666,51776.9474826389,1.1279751370903086,48
cnr,9674,201.54166666666666,71323.87326388889,1.325112083124161,48
banerjee,9666,201.375,98897.90104166667,1.5616653840001051,48
dashboard,9662,201.29166666666666,159441.95659722222,1.9836978006513448,48
francis,9655,201.14583333333334,80234.66623263889,1.4082183022388735,48
coincidence,9654,201.125,49705.901041666664,1.108505668603966,48
relocation,9648,201.0,81129.5,1.417076651065207,48
permeate,9647,200.97916666666666,56333.687065972226,1.1809541789978273,48
interactivity,9646,200.95833333333334,295601.3732638889,2.705497914175307,48
tenth,9643,200.89583333333334,40924.38498263888,1.0069783917917356,48
sousa,9638,200.79166666666666,69159.16493055556,1.3097221904194605,48
denominator,9635,200.72916666666666,47168.239149305555,1.081967835304911,48
islands,9634,200.70833333333334,370319.7065972222,3.0319567871596775,48
praise,9634,200.70833333333334,497713.49826388893,3.51499170931066,48
momentary,9633,200.6875,449765.71484375,3.341741486987627,48
hart,9630,200.625,107161.31770833333,1.6316761775401238,48
gomes,9626,200.54166666666666,76475.99826388888,1.378979968011158,48
weapon,9624,200.5,100704.83333333333,1.582744381666301,48
yo,9623,200.47916666666666,61662.749565972226,1.238631711589596,48
culprit,9622,200.45833333333334,245921.6232638889,2.4738550141021447,48
upset,9619,200.39583333333334,173612.98914930556,2.0792294598926557,48
ninth,9617,200.35416666666666,48275.02039930556,1.0966368980725105,48
defines,9617,200.35416666666666,83627.52039930555,1.4433652039131557,48
vanish,9614,200.29166666666666,57567.873263888876,1.1979183355826972,48
neumann,9613,200.27083333333334,79846.78081597222,1.4109479755418015,48
tolerable,9611,200.22916666666666,106871.92664930556,1.6326928073169036,48
hammer,9598,199.95833333333334,82541.37326388888,1.4368000578830522,48
stall,9596,199.91666666666666,85968.99305555555,1.4666345717620606,48
zurich,9587,199.72916666666666,45411.030815972226,1.066938017131957,48
granularity,9585,199.6875,53933.96484375,1.1630015512954042,48
seamless,9585,199.6875,35589.006510416664,0.9447285769142673,48
connotation,9584,199.66666666666666,349573.43055555556,2.9611720438159748,48
parsimonious,9582,199.625,182839.234375,2.1420014864533665,48
connector,9576,199.5,74428.45833333333,1.3674977223468503,48
wale,9575,199.47916666666666,54408.08289930556,1.1693221233093674,48
andersson,9571,199.39583333333334,72883.94748263889,1.353941388675085,48
decease,9568,199.33333333333334,92699.05555555555,1.5274173710746402,48
à,9561,199.1875,60600.444010416664,1.2358786286021142,48
asymptotic,9559,199.14583333333334,95037.99956597223,1.5480230354874869,48
eva,9554,199.04166666666666,55797.914930555555,1.1867656995321954,48
interrelated,9547,198.89583333333334,126764.5933159722,1.7900835372961208,48
generational,9544,198.83333333333334,207422.88888888888,2.2905466755327226,48
holiday,9543,198.8125,210557.65234375,2.3080320135244086,48
ripe,9542,198.79166666666666,579089.1649305555,3.8280230548383978,48
watt,9540,198.75,77845.0625,1.4038102157029482,48
rj,9534,198.625,58697.817708333336,1.2197675272952733,48
conspicuous,9532,198.58333333333334,78539.86805555556,1.4112445812201746,48
ida,9524,198.41666666666666,84142.53472222223,1.461940326540163,48
morph,9523,198.39583333333334,172958.1974826389,2.09622563789169,48
expansive,9522,198.375,62264.734375,1.2578652809845796,48
tempt,9517,198.27083333333334,94199.57248263888,1.5479810289809803,48
islamic,9508,198.08333333333334,149465.61805555556,1.9517433822330934,48
buildup,9507,198.0625,50927.141927083336,1.13938997879531,48
chai,9506,198.04166666666666,71475.33159722223,1.3499619164246066,48
chou,9506,198.04166666666666,79691.24826388889,1.4254393455472851,48
lengthy,9504,198.0,45540.875,1.0777933386170415,48
schwarz,9497,197.85416666666666,109150.70789930555,1.6698139222621382,48
graduation,9493,197.77083333333334,313584.55164930556,2.831490352857215,48
dar,9488,197.66666666666666,56721.43055555556,1.2048698837170297,48
indexed,9476,197.41666666666666,50990.659722222226,1.1438300471585388,48
illicit,9475,197.39583333333334,228010.19748263888,2.4190183014929403,48
reply,9470,197.29166666666666,201794.28993055553,2.2769091109275172,48
contest,9464,197.16666666666666,142604.55555555556,1.9152841094833948,48
imperfect,9463,197.14583333333334,37475.832899305555,0.981946992208324,48
summit,9457,197.02083333333334,186853.10373263888,2.1940069875493036,48
transferable,9455,196.97916666666666,72152.39539930555,1.3636567957949783,48
verma,9451,196.89583333333334,129937.50998263892,1.8307571722832914,48
abe,9449,196.85416666666666,61486.70789930556,1.2596387398942899,48
lifecycle,9445,196.77083333333334,52613.34331597221,1.1657011504424557,48
laptop,9440,196.66666666666666,201969.5138888889,2.285136531110214,48
owen,9439,196.64583333333334,90220.56206597223,1.5274535615977216,48
por,9439,196.64583333333334,130935.97873263889,1.8401140896863892,48
lucas,9438,196.625,70874.65104166667,1.353962796454436,48
loosely,9426,196.375,56566.484375,1.2111373458791816,48
sufficiency,9417,196.1875,83446.81901041667,1.4724262793385923,48
signifies,9414,196.125,36261.234375,0.9709309281083238,48
revised,9405,195.9375,119817.68359375,1.766619000551877,48
suffers,9391,195.64583333333334,33595.56206597222,0.9368506285983124,48
determines,9389,195.60416666666666,53540.3224826389,1.1829391075720073,48
interrelate,9388,195.58333333333334,124177.49305555556,1.8017295457091118,48
measurements,9387,195.5625,31077.24609375,0.9014376288840107,48
inadequacy,9386,195.54166666666666,138507.62326388888,1.9032573954824175,48
clustered,9383,195.47916666666666,51183.374565972226,1.1573480360525028,48
frey,9377,195.35416666666666,96383.68706597223,1.589201949974763,48
adaptively,9370,195.20833333333334,77458.49826388889,1.4257263718656379,48
pons,9366,195.125,119712.15104166667,1.7731937879655435,48
ibrahim,9364,195.08333333333334,56744.99305555554,1.2210785602584384,48
clearing,9363,195.0625,67482.43359375,1.3317465549296967,48
chiu,9358,194.95833333333334,116907.41493055556,1.753796605851386,48
intimately,9353,194.85416666666666,60217.749565972226,1.2593677383189796,48
backdrop,9345,194.6875,102811.92317708333,1.646962357533562,48
magic,9341,194.60416666666666,132382.78081597222,1.869664211909183,48
basket,9333,194.4375,66836.74609375,1.329620249928976,48
technologies,9331,194.39583333333334,68255.65581597222,1.343947704538065,48
chiang,9322,194.20833333333334,75702.20659722223,1.4167277742376627,48
consuming,9321,194.1875,37832.40234375,1.0016377621559291,48
deliberation,9321,194.1875,219195.86067708334,2.4109871944905104,48
kept,9314,194.04166666666666,53301.6232638889,1.189803443351873,48
calibrated,9312,194.0,32060.625,0.9229629383726754,48
carlson,9300,193.75,154691.77083333334,2.029980632082972,48
maxwell,9285,193.4375,62724.49609375,1.2947261504207954,48
unacceptable,9278,193.29166666666666,97023.4565972222,1.611481190268625,48
burke,9271,193.14583333333334,109522.16623263889,1.7134272472232372,48
periodicity,9270,193.125,54734.276041666664,1.2114101057897502,48
oversee,9268,193.08333333333334,53889.03472222222,1.2022794237007364,48
blow,9255,192.8125,54653.77734375,1.2124808997482857,48
comprehensiveness,9245,192.60416666666666,84002.07248263889,1.5048018705408643,48
explained,9242,192.54166666666666,161569.2482638889,2.0876352691987745,48
separable,9239,192.47916666666666,117028.83289930555,1.777308047066761,48
creator,9235,192.39583333333334,220737.03081597225,2.44197906160262,48
forefront,9233,192.35416666666666,38632.437065972226,1.0218201314486612,48
antonio,9220,192.08333333333334,36919.57638888889,1.0003193527364287,48
discus,9208,191.83333333333334,48287.597222222226,1.1454963891408558,48
commercialization,9207,191.8125,63264.319010416664,1.3113013641553153,48
cardinal,9198,191.625,65691.44270833333,1.3375259972796902,48
reprint,9190,191.45833333333334,88574.66493055558,1.5544633429282186,48
disrupted,9189,191.4375,50706.37109375,1.1762624984649352,48
vincent,9187,191.39583333333334,40866.989149305555,1.056218675665775,48
universality,9175,191.14583333333334,127268.74956597219,1.8663627287454316,48
transposition,9171,191.0625,115661.43359375,1.7799951927800528,48
burning,9164,190.91666666666666,66597.53472222222,1.351715311680848,48
vague,9157,190.77083333333334,107438.21831597223,1.7181751044552465,48
tutorial,9153,190.6875,96876.21484375,1.6322487919531339,48
gin,9152,190.66666666666666,67074.43055555556,1.3583250910714926,48
refresh,9151,190.64583333333334,96235.47873263889,1.627197572071681,48
yamada,9150,190.625,70089.234375,1.3888194859783483,48
openly,9140,190.41666666666666,142242.6180555556,1.9806599053313811,48
warren,9139,190.39583333333334,84985.78081597223,1.531142792986099,48
katz,9138,190.375,82559.19270833333,1.509290374944127,48
avert,9135,190.3125,100694.50651041667,1.6673837882793725,48
override,9127,190.14583333333334,95374.87456597223,1.6241651096910943,48
reposition,9122,190.04166666666666,72499.49826388889,1.416833020764981,48
generous,9117,189.9375,62947.975260416664,1.3209310999362809,48
ran,9114,189.875,105875.27604166667,1.7136790638472716,48
powell,9114,189.875,73973.65104166667,1.4324212008648842,48
interoperability,9108,189.75,129977.39583333333,1.899993569667749,48
icon,9103,189.64583333333334,130972.22873263888,1.9082984765719937,48
devastating,9090,189.375,59790.317708333336,1.2911978217496576,48
ow,9089,189.35416666666666,68440.10373263889,1.3815940795494508,48
idf,9086,189.29166666666666,78582.03993055555,1.4809150754539724,48
glossary,9083,189.22916666666666,67847.4683159722,1.3765080217297203,48
bridging,9082,189.20833333333334,46462.123263888876,1.1392243685065369,48
joshi,9072,189.0,82335.75,1.5182119964217045,48
ailment,9071,188.97916666666666,132911.27039930556,1.9291543430057396,48
debilitate,9071,188.97916666666666,64713.77039930556,1.3461220006386874,48
vu,9067,188.89583333333334,66015.30164930555,1.3601910963729829,48
referee,9062,188.79166666666666,563875.1649305555,3.9774860312584157,48
proceeding,9056,188.66666666666666,44865.63888888888,1.1226949051130997,48
exempt,9045,188.4375,63311.162760416664,1.3352814356216764,48
bradley,9035,188.22916666666666,191084.2599826389,2.3223385847095885,48
vega,9033,188.1875,47409.569010416664,1.157023635586947,48
comparably,9033,188.1875,41732.985677083336,1.085547809386126,48
angeles,9029,188.10416666666666,35150.468315972226,0.9967061594877786,48
info,9023,187.97916666666666,50436.562065972226,1.1947114279684037,48
handful,9023,187.97916666666666,37395.06206597222,1.0287205350533266,48
scatterplot,9021,187.9375,40504.18359375,1.0708693684273065,48
reid,9012,187.75,79357.6875,1.5004259139544658,48
preceding,9007,187.64583333333334,62771.68706597222,1.3351897052570496,48
ford,9006,187.625,88469.15104166667,1.5852772406355937,48
erlangen,9002,187.54166666666666,83817.16493055555,1.5437206450419556,48
implying,9000,187.5,46468.791666666664,1.149686462894542,48
minister,8987,187.22916666666666,161736.63498263893,2.147982294684818,48
pitfall,8979,187.0625,34634.93359375,0.9948794160733774,48
yoo,8978,187.04166666666666,72932.41493055555,1.4438495218240912,48
inadequately,8976,187.0,45554.666666666664,1.1413657339792087,48
unidimensional,8956,186.58333333333334,576846.8680555556,4.070590568134545,48
exceeds,8956,186.58333333333334,33271.993055555555,0.9776120833150126,48
makeup,8955,186.5625,83290.62109375,1.5469408125630526,48
eth,8954,186.54166666666666,187513.45659722225,2.3213486171284115,48
failed,8952,186.5,43045.041666666664,1.1124557115816132,48
mapped,8952,186.5,146737.41666666666,2.053958187248852,48
fuchs,8942,186.29166666666666,117190.03993055555,1.837603980639607,48
contextualized,8939,186.22916666666666,212267.96831597225,2.4739705851395906,48
minimise,8937,186.1875,23719.360677083332,0.8271817973962418,48
fct,8936,186.16666666666666,45764.847222222226,1.1491165662676053,48
wheeler,8935,186.14583333333334,78621.91623263889,1.5063243368850852,48
autonomously,8924,185.91666666666666,65897.86805555555,1.3807573317152355,48
eric,8915,185.72916666666666,74736.82248263889,1.4719301614853018,48
verified,8915,185.72916666666666,43213.53081597222,1.1192568629639068,48
unintentional,8911,185.64583333333334,155006.14539930556,2.120748907847768,48
requisite,8905,185.52083333333334,46047.707899305555,1.156674928799727,48
slovenia,8894,185.29166666666666,60249.456597222226,1.3247095871782568,48
stipulate,8893,185.27083333333334,71825.11414930556,1.4465421988280387,48
stephen,8893,185.27083333333334,55938.364149305555,1.276579382255611,48
cmp,8887,185.14583333333334,51331.29123263888,1.223706175462827,48
jbg,8878,184.95833333333334,57164.081597222226,1.292670125037456,48
persists,8871,184.8125,42721.985677083336,1.1183928274658872,48
delgado,8862,184.625,72504.859375,1.4584550512572276,48
inclusivity,8860,184.58333333333334,129753.5347222222,1.9514935235267212,48
holland,8859,184.5625,62927.24609375,1.3591766303760855,48
covert,8857,184.52083333333334,240153.29123263888,2.655821388506702,48
ramírez,8852,184.41666666666666,80022.49305555555,1.5339311639965172,48
franco,8841,184.1875,61248.319010416664,1.3436524046429863,48
unexposed,8840,184.16666666666666,116857.55555555556,1.8561683839547451,48
preparatory,8839,184.14583333333334,114933.70789930556,1.8410340139627928,48
overseas,8836,184.08333333333334,168270.36805555553,2.228380515920932,48
abbreviate,8835,184.0625,44956.600260416664,1.1519441250268119,48
discretion,8830,183.95833333333334,76779.20659722222,1.5062683260159588,48
settings,8825,183.85416666666666,57665.37456597221,1.306123014468728,48
unobserved,8823,183.8125,74734.61067708333,1.4872563996709454,48
passing,8822,183.79166666666666,82858.66493055555,1.5661853223994058,48
adobe,8819,183.72916666666666,59839.030815972226,1.3314172217241398,48
alves,8814,183.625,61053.192708333336,1.3456198378729256,48
sanction,8814,183.625,110100.56770833333,1.8070200458728065,48
closest,8812,183.58333333333334,42886.243055555555,1.1280432475667048,48
fortify,8811,183.5625,182070.16276041666,2.324531449799457,48
reluctance,8807,183.47916666666666,134061.12456597222,1.9955594484225563,48
rivera,8804,183.41666666666666,49343.409722222226,1.211088225610535,48
secret,8795,183.22916666666666,72741.84331597223,1.471965206923039,48
figshare,8789,183.10416666666666,64257.3849826389,1.3844054383800952,48
busy,8783,182.97916666666666,152889.22873263888,2.136912795360592,48
hardship,8782,182.95833333333334,257282.7899305555,2.772382653576516,48
tightness,8778,182.875,92080.94270833333,1.6593214957208982,48
modestly,8776,182.83333333333334,60225.472222222226,1.3422540708381079,48
propulsion,8771,182.72916666666666,101083.94748263888,1.7399357962747735,48
plague,8754,182.375,71144.31770833333,1.4625300713887588,48
deactivate,8750,182.29166666666666,48314.53993055556,1.2057911959221073,48
logan,8749,182.27083333333334,77991.86414930556,1.5321718229903534,48
arbitrarily,8747,182.22916666666666,30757.593315972223,0.9624059204503378,48
irrational,8743,182.14583333333334,443672.3328993057,3.656890301008074,48
handbook,8736,182.0,53731.666666666664,1.273631430394472,48
accentuate,8730,181.875,52028.067708333336,1.25413948722561,48
bush,8725,181.77083333333334,65238.17664930554,1.4051630105954827,48
penalize,8720,181.66666666666666,31864.847222222223,0.982608853123072,48
commencement,8715,181.5625,43257.99609375,1.1455315223810334,48
hood,8714,181.54166666666666,55870.20659722222,1.3020085028396342,48
dismiss,8705,181.35416666666666,134044.68706597222,2.0188184472218818,48
peek,8703,181.3125,483697.0481770833,3.8358266520014763,48
uphold,8693,181.10416666666666,79279.55164930555,1.5547198749588012,48
spencer,8687,180.97916666666666,95887.97873263888,1.7110137431322827,48
introduced,8687,180.97916666666666,77383.39539930555,1.5370758766627097,48
caption,8674,180.70833333333334,46958.664930555555,1.1991670593769672,48
discriminator,8668,180.58333333333334,42293.57638888888,1.1388316811413932,48
monotonic,8658,180.375,35044.442708333336,1.0378467625279408,48
jersey,8652,180.25,64536.020833333336,1.4093725827027241,48
forschungsgemeinschaft,8644,180.08333333333334,75075.28472222223,1.5215105677675436,48
delimit,8637,179.9375,60546.55859375,1.3674865057249666,48
avalanche,8630,179.79166666666666,359495.62326388893,3.334857225845699,48
irvine,8619,179.5625,40401.24609375,1.1193908091754974,48
shut,8618,179.54166666666666,52485.91493055556,1.2760160401649112,48
startup,8617,179.52083333333334,102061.24956597223,1.7795720866808535,48
thomson,8615,179.47916666666666,59117.1662326389,1.354698842199629,48
unlock,8609,179.35416666666666,33997.10373263889,1.0280387615065643,48
andrade,8594,179.04166666666666,60334.03993055556,1.3719146420330381,48
bae,8593,179.02083333333334,55370.68706597221,1.3144267286482416,48
outdoors,8588,178.91666666666666,140095.20138888885,2.0919959120510376,48
stagnation,8587,178.89583333333334,38789.801649305555,1.1009270787597472,48
retract,8583,178.8125,28491.944010416668,0.9439808105868956,48
hsieh,8580,178.75,70680.02083333333,1.487312691786093,48
fraser,8572,178.58333333333334,49555.65972222222,1.2465385276340513,48
tire,8570,178.54166666666666,102386.74826388888,1.7921827406808293,48
menu,8566,178.45833333333334,122969.66493055555,1.964998223816738,48
quantiles,8562,178.375,108388.69270833333,1.8456867862029467,48
withhold,8559,178.3125,95713.92317708333,1.7350251315333647,48
methodologically,8557,178.27083333333334,98327.03081597223,1.7589608280969478,48
lou,8557,178.27083333333334,54238.11414930554,1.3063874383761067,48
intractable,8553,178.1875,60723.40234375,1.3829319616126958,48
concave,8552,178.16666666666666,49806.88888888888,1.2526168593176483,48
tentative,8547,178.0625,95773.01692708333,1.7379973805002606,48
visualized,8545,178.02083333333334,51525.270399305555,1.2750855089348763,48
goldstein,8545,178.02083333333334,131894.64539930553,2.0400591169703057,48
excitement,8544,178.0,261733.08333333334,2.874149195579689,48
turbo,8543,177.97916666666666,50190.2287326389,1.2587527097044593,48
lincoln,8541,177.9375,147588.18359375,2.1590281728118224,48
parse,8539,177.89583333333334,105194.50998263889,1.8231850931666667,48
maintains,8538,177.875,46474.401041666664,1.2119703285664667,48
tenet,8535,177.8125,131926.69401041666,2.0426974730881526,48
sensible,8535,177.8125,72555.40234375,1.5148603179160016,48
continual,8533,177.77083333333334,34569.09331597222,1.0458839206017996,48
achieves,8522,177.54166666666666,35049.206597222226,1.0544811075975065,48
sword,8518,177.45833333333334,119352.03993055556,1.9467873911224547,48
malik,8506,177.20833333333334,65975.37326388888,1.449461842734733,48
htm,8499,177.0625,41499.766927083336,1.1505254687969242,48
hopefully,8497,177.02083333333334,38268.68706597222,1.1050893674864866,48
za,8497,177.02083333333334,48436.60373263888,1.2432614310671575,48
stair,8496,177.0,74700.33333333333,1.5441447298027855,48
epic,8487,176.8125,100300.44401041667,1.7911768310096718,48
decentralize,8479,176.64583333333334,81473.18706597223,1.6158608353076003,48
irish,8477,176.60416666666666,72262.82248263889,1.5221467139872986,48
spreadsheet,8474,176.54166666666666,37981.33159722222,1.103920684848541,48
melbourne,8472,176.5,42324.5,1.1656044811799922,48
environments,8467,176.39583333333334,76332.69748263889,1.5662712729415933,48
cos,8466,176.375,53815.234375,1.315272049880064,48
hurt,8462,176.29166666666666,274325.08159722225,2.9709885283984927,48
indices,8456,176.16666666666666,52149.84722222222,1.2962918283508837,48
unrealistic,8454,176.125,96741.609375,1.7659794593529619,48
honor,8444,175.91666666666666,207577.65972222225,2.589901924788116,48
characteristics,8441,175.85416666666666,34828.54123263889,1.061243344151507,48
vargas,8437,175.77083333333334,60335.71831597222,1.3974633666162817,48
cyclical,8435,175.72916666666666,49475.23914930554,1.2657563112473433,48
underneath,8426,175.54166666666666,31284.248263888894,1.0075872062039164,48
reaching,8422,175.45833333333334,45599.33159722222,1.217041082841107,48
gutiérrez,8422,175.45833333333334,71948.58159722223,1.5287522829804456,48
undesired,8415,175.3125,40238.048177083336,1.1442095552043139,48
carpenter,8412,175.25,125163.1875,2.01873949955288,48
modernization,8407,175.14583333333334,84224.62456597223,1.6569894063425665,48
necessitates,8398,174.95833333333334,30958.581597222215,1.0056709251313753,48
originates,8392,174.83333333333334,29247.22222222222,0.9781784137148023,48
authentication,8388,174.75,68996.52083333333,1.5031295460212963,48
bootstrapped,8386,174.70833333333334,166088.37326388885,2.332684453947299,48
describes,8383,174.64583333333334,75665.77039930555,1.57503968322897,48
reviewing,8379,174.5625,27258.87109375,0.9458079929762889,48
demonstrates,8379,174.5625,32156.12109375,1.027261175661729,48
recognizable,8375,174.47916666666666,48733.41623263888,1.265231075109968,48
dawn,8374,174.45833333333334,100319.78993055555,1.8155223006351286,48
für,8371,174.39583333333334,44447.57248263888,1.2088931559412528,48
robin,8370,174.375,45448.026041666664,1.222568753714051,48
correlative,8369,174.35416666666666,51560.97873263888,1.3023515936171368,48
java,8361,174.1875,39066.02734375,1.1347041384218495,48
lengthen,8360,174.16666666666666,58691.80555555556,1.3909889980223487,48
birmingham,8358,174.125,73413.27604166667,1.5560594053528152,48
reluctant,8356,174.08333333333334,133798.8263888889,2.1012075764384996,48
herrera,8355,174.0625,57716.05859375,1.3802034732588884,48
emulate,8349,173.9375,46996.93359375,1.2463543608064829,48
capitalize,8346,173.875,62443.192708333336,1.4371609465902537,48
sfb,8345,173.85416666666666,179256.49956597225,2.435299345815841,48
synonym,8345,173.85416666666666,65096.74956597222,1.4675555468592922,48
ferguson,8334,173.625,84925.06770833333,1.678439502306865,48
projected,8333,173.60416666666666,46474.6974826389,1.2417899516888764,48
limitations,8329,173.52083333333334,66522.04123263889,1.4863844691520873,48
invention,8321,173.35416666666666,80768.72873263888,1.6394090909105556,48
calculus,8320,173.33333333333334,42779.305555555555,1.193259158204559,48
quadruple,8315,173.22916666666666,70330.96831597222,1.5309192438672297,48
amid,8313,173.1875,83068.48567708333,1.6641850014418067,48
anymore,8313,173.1875,91259.31901041667,1.7443035662611661,48
moor,8307,173.0625,459763.0169270833,3.9179965016464036,48
casual,8300,172.91666666666666,149481.53472222222,2.235923389559078,48
ancillary,8292,172.75,39753.9375,1.1541759466623034,48
meantime,8288,172.66666666666666,30137.80555555556,1.0054195096840586,48
patterson,8284,172.58333333333334,68493.49305555556,1.516442001308247,48
convincing,8272,172.33333333333334,44902.305555555555,1.2296033340175685,48
entirety,8265,172.1875,34390.40234375,1.0770032351810062,48
conflicting,8263,172.14583333333334,56013.99956597222,1.374838788570271,48
factual,8262,172.125,130113.234375,2.0956405007537127,48
professionalism,8256,172.0,191653.875,2.5452494681911246,48
defeat,8254,171.95833333333334,118218.24826388889,1.9994890620196826,48
dawson,8245,171.77083333333334,57027.343315972226,1.3902475787072528,48
multiplicative,8239,171.64583333333334,40443.645399305555,1.1716337716919067,48
stacked,8231,171.47916666666666,36313.124565972226,1.1112721882037069,48
unambiguous,8225,171.35416666666666,112941.52039930556,1.9612463379218443,48
pedro,8224,171.33333333333334,42493.26388888888,1.203145582670932,48
deadly,8223,171.3125,74958.00651041667,1.5981589127812204,48
videos,8222,171.29166666666666,132140.03993055556,2.1221739626258054,48
confrontation,8219,171.22916666666666,173286.21831597222,2.431108092422084,48
ortega,8218,171.20833333333334,57166.581597222226,1.3965169528773345,48
tse,8207,170.97916666666666,77813.97873263888,1.631494503247092,48
booth,8204,170.91666666666666,133251.7430555556,2.1357579667542064,48
introductory,8196,170.75,201394.27083333334,2.6282268245960507,48
lmnu,8191,170.64583333333334,47203.43706597222,1.273183854684847,48
lakes,8169,170.1875,106094.23567708333,1.9138955626122014,48
exaggerate,8158,169.95833333333334,75427.45659722223,1.6159289746648875,48
trillion,8153,169.85416666666666,52624.624565972226,1.3505737371587874,48
cater,8150,169.79166666666666,91009.3315972222,1.7767510919573544,48
contagious,8147,169.72916666666666,123598.94748263888,2.0713376883637267,48
marking,8145,169.6875,104734.25651041667,1.9071924805081193,48
plural,8140,169.58333333333334,644521.8680555556,4.734080745424463,48
innovate,8139,169.5625,117131.62109375,2.0184001317658438,48
brick,8126,169.29166666666666,55411.24826388888,1.3904756447138542,48
grounded,8120,169.16666666666666,201337.59722222225,2.6524527047193303,48
oriented,8120,169.16666666666666,191815.30555555553,2.5889689215365794,48
dev,8118,169.125,122671.52604166667,2.0709235860241666,48
byrne,8117,169.10416666666666,192496.05164930562,2.5945175002586454,48
sift,8107,168.89583333333334,78488.34331597223,1.6587603493600234,48
nineteen,8107,168.89583333333334,34249.50998263888,1.0957418409217003,48
approx,8090,168.54166666666666,42409.206597222226,1.2218637757268085,48
serrano,8076,168.25,49645.3125,1.3242929025582895,48
unplanned,8075,168.22916666666666,74301.59331597223,1.6203087220179118,48
multiplier,8072,168.16666666666666,47895.472222222226,1.3013895464752148,48
impractical,8072,168.16666666666666,15751.972222222224,0.7463242492897484,48
uncontrollable,8067,168.0625,103934.76692708333,1.9182694204904094,48
copenhagen,8066,168.04166666666666,40762.99826388888,1.2014787109112646,48
yielding,8064,168.0,275419.8333333333,3.123836707138307,48
prince,8058,167.875,31863.901041666668,1.0633186877537644,48
scaled,8058,167.875,24369.317708333332,0.9298987401446617,48
cushion,8058,167.875,43158.734375,1.2375088817593394,48
lop,8052,167.75,45501.4375,1.271598566929206,48
denser,8048,167.66666666666666,37413.5138888889,1.1536325977959732,48
rojas,8046,167.625,49165.526041666664,1.3227919833387918,48
mohammed,8045,167.60416666666666,31163.78081597223,1.0532713218878254,48
vivid,8036,167.41666666666666,180024.53472222225,2.534353303180508,48
catholic,8031,167.3125,89803.13151041667,1.791089764498692,48
congress,8030,167.29166666666666,40115.3732638889,1.1972397039596192,48
prasad,8027,167.22916666666666,91446.00998263889,1.8082994692759957,48
nag,8026,167.20833333333334,126371.12326388892,2.126013436072072,48
william,8022,167.125,39470.567708333336,1.1887629641271782,48
relocate,8020,167.08333333333334,41180.20138888888,1.2145379854163336,48
pressing,8016,167.0,29585.708333333332,1.0299698563687516,48
bob,8016,167.0,129506.5,2.1549108710080325,48
arizona,8014,166.95833333333334,60272.081597222226,1.470449095955483,48
wasn,8009,166.85416666666666,105035.33289930556,1.9423641414322754,48
postpone,7997,166.60416666666666,52153.03081597222,1.3707363107751285,48
confirms,7992,166.5,31044.833333333332,1.058230875243229,48
concur,7982,166.29166666666666,44721.74826388888,1.271712383322711,48
animate,7980,166.25,489915.3125,4.210162443997913,48
revealed,7979,166.22916666666666,35800.88498263888,1.138255227426499,48
ohio,7976,166.16666666666666,37694.805555555555,1.1684142520784226,48
elect,7970,166.04166666666666,68518.20659722222,1.5764707222361056,48
mccarthy,7969,166.02083333333334,60898.645399305555,1.4864189274054338,48
chaos,7968,166.0,74082.91666666667,1.639649225126632,48
populated,7968,166.0,63486.875,1.5178675875565113,48
jean,7968,166.0,30234.375,1.0474719686177376,48
proximate,7967,165.97916666666666,67659.35373263889,1.5671491909125868,48
gallagher,7960,165.83333333333334,170488.80555555553,2.489866738978061,48
pending,7960,165.83333333333334,35778.555555555555,1.1406162940109963,48
breaking,7957,165.77083333333334,68810.84331597222,1.5824147394345274,48
battle,7948,165.58333333333334,61282.45138888888,1.4950352880106248,48
distillation,7941,165.4375,63970.37109375,1.5288169052764187,48
cent,7940,165.41666666666666,61389.95138888888,1.4978536418573007,48
millennium,7940,165.41666666666666,41780.909722222226,1.2356904233983577,48
roman,7934,165.29166666666666,36212.539930555555,1.1512735704978843,48
poise,7924,165.08333333333334,58783.0763888889,1.46866561120895,48
ally,7924,165.08333333333334,60559.90972222222,1.4906970089017826,48
existent,7920,165.0,53773.833333333336,1.4054051938142686,48
unfolding,7916,164.91666666666666,83368.11805555555,1.750795617272055,48
smoothly,7907,164.72916666666666,34256.19748263888,1.1235672592772006,48
renowned,7906,164.70833333333334,38765.87326388888,1.19538888450998,48
optimisation,7905,164.6875,25775.173177083332,0.9748553042410728,48
prematurely,7905,164.6875,34378.548177083336,1.125856732614743,48
polytechnic,7896,164.5,45389.041666666664,1.2951187900996572,48
shortened,7894,164.45833333333334,53120.6232638889,1.4014438313437776,48
desktop,7876,164.08333333333334,72523.45138888889,1.641250086165149,48
setback,7876,164.08333333333334,254756.2430555556,3.0760822785521005,48
crystallize,7874,164.04166666666666,80019.41493055555,1.7244218326554361,48
harden,7859,163.72916666666666,91008.36414930555,1.8425301480833751,48
andrea,7850,163.54166666666666,28673.706597222223,1.0354127275682883,48
marginalization,7849,163.52083333333334,138796.4162326389,2.2783268829461836,48
dell,7847,163.47916666666666,66421.49956597223,1.5764925504681175,48
disinfect,7845,163.4375,87903.53776041667,1.8140592448630517,48
memorize,7842,163.375,279239.0677083333,3.2344652463105805,48
quo,7835,163.22916666666666,138122.46831597222,2.276849905362615,48
sha,7828,163.08333333333334,45711.868055555555,1.3110066816976902,48
lyu,7828,163.08333333333334,45923.74305555556,1.314041434269148,48
ghost,7827,163.0625,50201.850260416664,1.37406021644601,48
smoothness,7826,163.04166666666666,36093.039930555555,1.1652339369989113,48
ordering,7824,163.0,81268.75,1.7489370800812645,48
originality,7822,162.95833333333334,342350.0815972222,3.590530693416356,48
laura,7818,162.875,35816.276041666664,1.161945572821793,48
solomon,7817,162.85416666666666,66806.16623263889,1.5871186695232078,48
wording,7812,162.75,262904.4791666667,3.150489201877677,48
neglected,7806,162.625,53678.692708333336,1.424667954426635,48
universidade,7805,162.60416666666666,37950.364149305555,1.1980537523570838,48
pareto,7801,162.52083333333334,57896.624565972226,1.4805312608878496,48
fluctuating,7786,162.20833333333334,33503.12326388888,1.1284166498954786,48
cameron,7784,162.16666666666666,91047.22222222223,1.8606803031841652,48
elapse,7774,161.95833333333334,40332.831597222226,1.2400124842914921,48
showcase,7773,161.9375,20433.725260416668,0.8827268658733616,48
intricacy,7773,161.9375,28864.391927083332,1.0491407987291108,48
retire,7772,161.91666666666666,138272.2013888889,2.2965498879319215,48
soften,7764,161.75,123987.1875,2.1769282487524553,48
chun,7759,161.64583333333334,51434.145399305555,1.4030115608065652,48
tiered,7755,161.5625,61510.537760416664,1.5350912533435823,48
critic,7745,161.35416666666666,79575.72873263889,1.7482765306182828,48
weng,7743,161.3125,42277.33984375,1.2746348975268678,48
anywhere,7740,161.25,41604.0625,1.2649348175074142,48
kai,7737,161.1875,64485.90234375,1.5754369646134212,48
biometric,7735,161.14583333333334,34076.832899305555,1.145540720525376,48
grande,7729,161.02083333333334,25384.43706597222,0.9894678748028438,48
dissertation,7727,160.97916666666666,116975.02039930556,2.124598594944872,48
goodman,7727,160.97916666666666,118794.77039930556,2.1410607318972223,48
performed,7726,160.95833333333334,32319.998263888887,1.1169203351102757,48
plenty,7723,160.89583333333334,27364.009982638887,1.0281229948621435,48
catalogue,7721,160.85416666666666,51116.58289930556,1.405557419076059,48
cramer,7715,160.72916666666666,77553.40581597222,1.7326296594138064,48
appliance,7707,160.5625,137060.28776041666,2.305747243075772,48
agarwal,7688,160.16666666666666,56607.847222222226,1.4854778563793893,48
incapable,7683,160.0625,48588.975260416664,1.377143745818782,48
meant,7675,159.89583333333334,72487.59331597222,1.6838162391378617,48
weaker,7675,159.89583333333334,45760.468315972226,1.337852034528662,48
zhi,7669,159.77083333333334,75397.13498263889,1.7186202367961056,48
henceforth,7660,159.58333333333334,64227.534722222226,1.5880826243459172,48
grab,7660,159.58333333333334,56425.118055555555,1.488499544027015,48
proofread,7653,159.4375,34825.329427083336,1.1704615206799396,48
repulsion,7646,159.29166666666666,44417.53993055556,1.3230741806585047,48
dir,7645,159.27083333333334,85055.32248263889,1.8311102571688351,48
revolve,7641,159.1875,53404.52734375,1.4517106922619656,48
vastly,7634,159.04166666666666,22973.24826388889,0.9530162034551646,48
behalf,7632,159.0,56580.708333333336,1.4960188500023164,48
truck,7621,158.77083333333334,69065.21831597222,1.6552323675340186,48
tehran,7621,158.77083333333334,43835.426649305555,1.3186875158404712,48
handheld,7620,158.75,39346.0625,1.2495018537440292,48
biologist,7618,158.70833333333334,46526.45659722222,1.3590963879519111,48
benjamin,7617,158.6875,36660.423177083336,1.2065797121810897,48
unavailability,7616,158.66666666666666,35112.55555555556,1.1809881003453266,48
formalize,7610,158.54166666666666,64179.12326388888,1.5979142531454906,48
contextually,7599,158.3125,133483.46484375,2.3078019099618454,48
neighbour,7598,158.29166666666666,24037.33159722223,0.9794563258290081,48
werner,7594,158.20833333333334,37844.08159722222,1.2296163511553264,48
unlimited,7592,158.16666666666666,38159.63888888888,1.2350574680571698,48
josé,7589,158.10416666666666,28474.468315972223,1.0672950527102123,48
envisage,7574,157.79166666666666,24619.081597222223,0.9943788087601796,48
dearth,7570,157.70833333333334,51653.289930555555,1.441100775578787,48
boyd,7569,157.6875,99862.63151041667,2.004030076715177,48
chronology,7563,157.5625,134992.91276041666,2.331860796696002,48
negate,7562,157.54166666666666,37475.539930555555,1.2287923917312893,48
soto,7558,157.45833333333334,62317.2482638889,1.5853986490660408,48
bowman,7557,157.4375,63191.829427083336,1.596696154837822,48
contextualize,7550,157.29166666666666,41148.9982638889,1.2896561078939683,48
bernard,7549,157.27083333333334,36919.57248263888,1.221743799750465,48
haven,7544,157.16666666666666,56845.763888888876,1.5170105849279276,48
organizer,7541,157.10416666666666,59206.21831597222,1.5488022030202346,48
bibliographic,7541,157.10416666666666,26427.71831597223,1.034765954242565,48
misclassified,7533,156.9375,24021.266927083332,0.9875775857362201,48
grows,7520,156.66666666666666,30585.555555555562,1.1163016932480998,48
cabinet,7518,156.625,42955.567708333336,1.3232705511523284,48
transforms,7517,156.60416666666666,18686.69748263889,0.8728969269961344,48
jv,7516,156.58333333333334,29934.74305555555,1.10494900029977,48
amplifies,7515,156.5625,80610.87109375,1.8134645051228857,48
shading,7512,156.5,129240.25,2.297124600638978,48
jenkins,7511,156.47916666666666,48194.582899305555,1.4029512760202012,48
bucket,7511,156.47916666666666,49746.4162326389,1.4253593700792584,48
sage,7509,156.4375,43072.49609375,1.326658528305364,48
bulky,7506,156.375,87634.859375,1.8930894026426146,48
forthcoming,7504,156.33333333333334,45779.722222222226,1.368626638137181,48
lal,7502,156.29166666666666,55213.2482638889,1.5034390507650748,48
needed,7502,156.29166666666666,30802.28993055556,1.1229377446338873,48
unusually,7491,156.0625,28565.05859375,1.0829764180842054,48
skepticism,7489,156.02083333333334,110675.77039930555,2.132277300836745,48
lisa,7486,155.95833333333334,44600.414930555555,1.3541315727087768,48
hung,7461,155.4375,40404.037760416664,1.2931728603194936,48
purposeful,7457,155.35416666666666,158317.43706597222,2.561188066415558,48
faceted,7456,155.33333333333334,42186.26388888888,1.3222722099742417,48
muhammad,7456,155.33333333333334,48028.09722222222,1.410857101702708,48
demanding,7447,155.14583333333334,127868.45789930556,2.3048443247732364,48
corrected,7442,155.04166666666666,25302.956597222223,1.025976012371488,48
inflict,7442,155.04166666666666,35902.12326388889,1.222113772929134,48
curtail,7441,155.02083333333334,41733.270399305555,1.3178049740462268,48
intensely,7440,155.0,49861.333333333336,1.4406226734060033,48
howell,7438,154.95833333333334,76259.20659722223,1.7820964481815322,48
curved,7431,154.8125,36945.40234375,1.241578479604733,48
predominately,7427,154.72916666666666,27650.155815972223,1.074673661026649,48
lithuania,7420,154.58333333333334,48350.993055555555,1.4224598967492685,48
lorenz,7418,154.54166666666666,41648.74826388889,1.3205516283744734,48
intersperse,7416,154.5,32443.0,1.1658213905516743,48
stereotypical,7416,154.5,269081.625,3.357480794670399,48
prize,7408,154.33333333333334,65509.84722222222,1.6584162975740515,48
constitutional,7402,154.20833333333334,125585.12326388886,2.298059424428921,48
growing,7397,154.10416666666666,172520.96831597225,2.6952965922286896,48
cot,7384,153.83333333333334,25192.18055555555,1.0317688915581493,48
strengths,7377,153.6875,104583.17317708333,2.104225897229916,48
interrelation,7377,153.6875,89599.21484375,1.9476618425543828,48
vic,7376,153.66666666666666,40690.38888888888,1.3127023103516293,48
lloyd,7370,153.54166666666666,54084.914930555555,1.514648381059469,48
csv,7356,153.25,25066.0625,1.0331005099416797,48
conjecture,7346,153.04166666666666,56872.12326388888,1.558260401853177,48
lemon,7343,152.97916666666666,105926.68706597223,2.12750409154334,48
guy,7341,152.9375,60466.766927083336,1.6078457697935646,48
concerted,7330,152.70833333333334,27237.123263888887,1.0807316763402233,48
avoids,7322,152.54166666666666,17616.206597222223,0.87009707820315,48
publishing,7317,152.4375,36487.37109375,1.2530819354015583,48
transversal,7304,152.16666666666666,39240.18055555556,1.3018051082318505,48
categories,7302,152.125,40548.734375,1.3236954024660248,48
unitary,7297,152.02083333333334,132602.31206597222,2.39536908061452,48
blended,7295,151.97916666666666,172611.52039930556,2.733699857359088,48
outermost,7288,151.83333333333334,50636.055555555555,1.4820498346438298,48
rationally,7285,151.77083333333334,51518.55164930556,1.4955244025473842,48
woo,7283,151.72916666666666,43753.405815972226,1.3785955101960436,48
tour,7280,151.66666666666666,94592.63888888888,2.027862614726354,48
reducing,7278,151.625,101262.609375,2.098716337268681,48
alto,7277,151.60416666666666,42986.0724826389,1.3675800154162083,48
zenodo,7273,151.52083333333334,23632.37456597222,1.0145683976296114,48
bug,7270,151.45833333333334,58675.74826388888,1.5993228598025677,48
ramification,7263,151.3125,24694.256510416668,1.038539862325507,48
categorise,7260,151.25,24814.0625,1.0414862785775283,48
repeatable,7249,151.02083333333334,19436.062065972223,0.923139376620141,48
produced,7249,151.02083333333334,55796.77039930556,1.5641113541275113,48
acquired,7249,151.02083333333334,34364.47873263888,1.2274901559359923,48
wiley,7240,150.83333333333334,41430.13888888888,1.3494626406521664,48
addressed,7238,150.79166666666666,30837.206597222223,1.1645554543423413,48
upwards,7233,150.6875,29109.006510416668,1.132234708251068,48
listed,7232,150.66666666666666,137576.26388888888,2.461810249821096,48
rush,7230,150.625,40431.276041666664,1.3349397472663604,48
conclusions,7224,150.5,28506.083333333332,1.1218434981950882,48
taught,7223,150.47916666666666,220837.49956597225,3.122914061012782,48
ambition,7221,150.4375,122919.99609375,2.3305324870675084,48
kitchen,7219,150.39583333333334,86799.48914930556,1.9589474239538711,48
premier,7216,150.33333333333334,69637.26388888889,1.7553574318276042,48
aspects,7214,150.29166666666666,55948.914930555555,1.5738412849726797,48
sarkar,7210,150.20833333333334,49415.539930555555,1.4799183158053608,48
modifying,7205,150.10416666666666,31367.63498263889,1.179907984404316,48
participating,7194,149.875,54676.901041666664,1.5601729711367665,48
afflict,7191,149.8125,33010.485677083336,1.212768492815337,48
abraham,7183,149.64583333333334,40438.895399305555,1.343801164310805,48
printed,7181,149.60416666666666,95415.73914930556,2.064744510463731,48
equator,7181,149.60416666666666,115816.19748263888,2.274788172967708,48
decent,7179,149.5625,154851.74609375,2.631087779408803,48
eng,7177,149.52083333333334,34679.457899305555,1.2454733557891366,48
gutierrez,7177,149.52083333333334,57692.374565972226,1.606414066598684,48
luna,7173,149.4375,35151.454427083336,1.2546195658347115,48
shifting,7164,149.25,61493.0625,1.6614937863199333,48
inquire,7155,149.0625,80629.85026041667,1.9049322129571602,48
carr,7145,148.85416666666666,50923.20789930556,1.515991901657669,48
miguel,7139,148.72916666666666,24516.44748263889,1.0527678778509697,48
bow,7138,148.70833333333334,94350.20659722223,2.0655519464189527,48
dart,7135,148.64583333333334,87312.68706597223,1.9878606500701093,48
elements,7132,148.58333333333334,27982.826388888887,1.1258374523219956,48
borrow,7129,148.52083333333334,101971.49956597223,2.1500671589906712,48
zk,7127,148.47916666666666,50017.249565972226,1.5062407113857712,48
demarcate,7121,148.35416666666666,24727.31206597222,1.0599581207495645,48
surf,7120,148.33333333333334,66545.68055555556,1.7390864815120632,48
haas,7112,148.16666666666666,65939.59722222222,1.7330960579319896,48
captured,7106,148.04166666666666,23167.456597222223,1.0281470014605918,48
replica,7103,147.97916666666666,44325.437065972226,1.4227412915134672,48
miniature,7096,147.83333333333334,50448.88888888888,1.5193346179752134,48
machado,7092,147.75,38163.020833333336,1.3221900440837284,48
synergize,7090,147.70833333333334,164659.2899305555,2.7471863587397407,48
retained,7085,147.60416666666666,22195.23914930555,1.0093256199769867,48
samuel,7085,147.60416666666666,41219.28081597222,1.3754714735537947,48
artefact,7084,147.58333333333334,16064.45138888889,0.8588071158186782,48
ending,7077,147.4375,56500.454427083336,1.6121966417819502,48
pierre,7067,147.22916666666666,27591.50998263889,1.1282202236433212,48
quebec,7064,147.16666666666666,28223.180555555562,1.1415462819448232,48
universität,7062,147.125,33093.651041666664,1.236476497089446,48
prosperity,7061,147.10416666666666,93504.88498263888,2.0787017230976192,48
agnostic,7061,147.10416666666666,31102.55164930556,1.1988726034838102,48
misunderstanding,7060,147.08333333333334,131031.20138888888,2.4610696108466468,48
mena,7054,146.95833333333334,32756.081597222215,1.2315491652419357,48
reorganize,7051,146.89583333333334,35322.1349826389,1.2794225343013794,48
simplistic,7051,146.89583333333334,33594.3849826389,1.2477393455187578,48
bicycle,7050,146.875,88148.44270833333,2.0214334243003966,48
changing,7043,146.72916666666666,38441.989149305555,1.3362461744662533,48
commute,7043,146.72916666666666,153126.03081597222,2.666908168827476,48
openai,7038,146.625,42565.109375,1.407080199669338,48
unpredictability,7037,146.60416666666666,145982.73914930556,2.606180197023433,48
mehta,7032,146.5,38440.791666666664,1.3383155894014631,48
jsps,7031,146.47916666666666,28295.99956597223,1.148382747965816,48
alam,7030,146.45833333333334,37217.539930555555,1.3172243301035051,48
lmvkds,7020,146.25,31016.520833333332,1.2042056641472307,48
intel,7020,146.25,35802.145833333336,1.2937746990773278,48
glance,7004,145.91666666666666,78913.82638888889,1.9251813728126035,48
tabulate,7002,145.875,14569.026041666666,0.8274359590970949,48
pham,7002,145.875,35889.776041666664,1.2986870354731583,48
digitization,7001,145.85416666666666,62045.54123263888,1.7077977946139462,48
insensitivity,6995,145.72916666666666,42767.94748263888,1.4190990934214578,48
obligatory,6988,145.58333333333334,62475.20138888888,1.7168888232881458,48
eur,6981,145.4375,30291.537760416668,1.1966971586408102,48
sparsely,6980,145.41666666666666,16911.61805555556,0.8942900434518224,48
compactness,6980,145.41666666666666,39236.70138888889,1.362172346486004,48
nilsson,6977,145.35416666666666,44194.8537326389,1.4462999288717484,48
ludwig,6973,145.27083333333334,32088.947482638887,1.233102869569154,48
unequivocally,6968,145.16666666666666,27205.47222222223,1.1362168608553438,48
curie,6962,145.04166666666666,27145.12326388889,1.1359340751452658,48
borg,6961,145.02083333333334,99564.47873263892,2.1758142452268343,48
phenomena,6957,144.9375,70045.51692708333,1.8260362986426644,48
oceania,6953,144.85416666666666,49743.58289930554,1.5397050690308933,48
pub,6952,144.83333333333334,104282.09722222223,2.2296482410966236,48
delivers,6950,144.79166666666666,19821.78993055556,0.9723617518340547,48
extractor,6950,144.79166666666666,37459.206597222226,1.3367054540692043,48
luca,6944,144.66666666666666,29644.55555555556,1.1901562921860764,48
tender,6939,144.5625,47992.24609375,1.5154090894828023,48
spelling,6939,144.5625,303910.87109375,3.813444828552289,48
amidst,6939,144.5625,53444.329427083336,1.5991719592860882,48
disclaimer,6938,144.54166666666666,28923.91493055555,1.1766179774167074,48
announcement,6937,144.52083333333334,85118.24956597223,2.0187423076909305,48
greene,6933,144.4375,95989.49609375,2.1450227027404862,48
polluted,6929,144.35416666666666,125913.43706597219,2.458140575437419,48
bruce,6928,144.33333333333334,67705.88888888889,1.8027959778177363,48
interrogation,6927,144.3125,49488.548177083336,1.5415173118480436,48
supported,6926,144.29166666666666,58420.039930555555,1.6750958971539918,48
licensed,6915,144.0625,68338.97526041667,1.814609934002285,48
redistribute,6912,144.0,17803.833333333332,0.9266042075828752,48
wipe,6904,143.83333333333334,35431.680555555555,1.3086886339823172,48
justified,6902,143.79166666666666,47947.289930555555,1.5228190987028547,48
timeliness,6900,143.75,77938.8125,1.9420885995609016,48
linking,6898,143.70833333333334,41225.914930555555,1.4128732371086115,48
reclassify,6884,143.41666666666666,40418.8263888889,1.4018199141927206,48
zhen,6881,143.35416666666666,33768.85373263889,1.2818813793709953,48
revealing,6880,143.33333333333334,26510.55555555555,1.1359578409136286,48
furnish,6880,143.33333333333334,24210.68055555556,1.0855661628831081,48
elli,6880,143.33333333333334,97252.97222222223,2.1757261955715537,48
blueprint,6877,143.27083333333334,24400.28081597222,1.09028396604731,48
unreported,6873,143.1875,32948.110677083336,1.267681497322819,48
thermometer,6865,143.02083333333334,26869.93706597222,1.1461303696515037,48
exceedingly,6863,142.97916666666666,45461.72873263888,1.4912491584705558,48
unconstrained,6858,142.875,84251.31770833333,2.0315714810335628,48
cornell,6852,142.75,26374.020833333332,1.1376588655433049,48
methodsthe,6846,142.625,61675.317708333336,1.7412456330610055,48
ebm,6838,142.45833333333334,69084.24826388889,1.8450224672019317,48
scikit,6836,142.41666666666666,15715.618055555557,0.8802477345551916,48
hierarchically,6834,142.375,58717.234375,1.7019588630071791,48
irregularly,6831,142.3125,26412.256510416668,1.1419831744903117,48
shepherd,6831,142.3125,90124.13151041667,2.1094901330774753,48
standardise,6825,142.1875,23579.444010416668,1.0799542599380525,48
predetermine,6821,142.10416666666666,27714.30164930555,1.1715077275557013,48
integrating,6820,142.08333333333334,19491.03472222222,0.9825944579708239,48
duality,6817,142.02083333333334,71597.93706597223,1.884075048173994,48
beautiful,6817,142.02083333333334,163384.97873263888,2.8461252374512003,48
impediment,6813,141.9375,30189.766927083332,1.2241446208117819,48
hudson,6807,141.8125,45584.735677083336,1.5055500832327744,48
translated,6797,141.60416666666666,99801.82248263888,2.2309672934491305,48
tangent,6784,141.33333333333334,38019.01388888888,1.379608375422323,48
outdated,6781,141.27083333333334,31511.072482638887,1.2565480060523477,48
iw,6771,141.0625,60068.05859375,1.7374416228811418,48
precautionary,6769,141.02083333333334,112241.85373263889,2.3757138995808846,48
quinn,6761,140.85416666666666,65903.58289930555,1.8225725055731061,48
checking,6758,140.79166666666666,49871.62326388888,1.5861702573245744,48
erroneously,6750,140.625,31425.442708333332,1.2606025079808352,48
explorative,6749,140.60416666666666,103389.11414930558,2.2868580946138,48
rasmussen,6747,140.5625,34995.912760416664,1.3308808922187503,48
radiate,6747,140.5625,22225.829427083332,1.060619275709778,48
roberts,6744,140.5,49190.75,1.5785756443967969,48
misinterpretation,6736,140.33333333333334,31785.47222222222,1.2704380509385795,48
formidable,6735,140.3125,33003.21484375,1.2947376006881246,48
precious,6734,140.29166666666666,24438.37326388889,1.1143054951310396,48
receiving,6733,140.27083333333334,20225.61414930555,1.0138728228191298,48
incidentally,6732,140.25,50150.854166666664,1.5967476925038513,48
emanate,6732,140.25,20759.604166666668,1.027322178976626,48
integrates,6730,140.20833333333334,18418.831597222223,0.9679595561316301,48
oz,6730,140.20833333333334,55856.78993055554,1.6856374047521359,48
johansson,6720,140.0,40319.041666666664,1.4342572860491363,48
represented,6713,139.85416666666666,38481.04123263889,1.4026457417554972,48
instigate,6710,139.79166666666666,39564.99826388888,1.4228997160664731,48
multinational,6710,139.79166666666666,41279.706597222226,1.4534062321840482,48
leuven,6704,139.66666666666666,28672.05555555556,1.2123740903708924,48
allowance,6698,139.54166666666666,49059.081597222226,1.5872882489133682,48
separator,6698,139.54166666666666,93879.49826388889,2.1957428341673912,48
built,6696,139.5,80802.625,2.0376919382969465,48
dublin,6691,139.39583333333334,40086.69748263888,1.4363171523953921,48
turning,6685,139.27083333333334,20243.655815972223,1.021608030666254,48
resides,6681,139.1875,27498.610677083332,1.1913932680639752,48
gatekeeper,6680,139.16666666666666,40958.222222222226,1.4542374477902706,48
restart,6676,139.08333333333334,24264.53472222222,1.1199816144784536,48
leiden,6675,139.0625,58121.600260416664,1.733639321817716,48
chatterjee,6661,138.77083333333334,40630.38498263888,1.4525372293361023,48
hypothesise,6659,138.72916666666666,23755.780815972223,1.1110072098037138,48
hasan,6654,138.625,30307.067708333332,1.2558286898705477,48
normalise,6650,138.54166666666666,25397.87326388889,1.150318933178903,48
reciprocally,6649,138.52083333333334,46162.29123263888,1.5510599452360991,48
qg,6644,138.41666666666666,23015.49305555556,1.0960282675997512,48
fourthly,6638,138.29166666666666,36975.37326388889,1.3904656762331595,48
provisional,6635,138.22916666666666,19131.17664930556,1.0006245433920988,48
stanley,6634,138.20833333333334,37099.70659722222,1.3936412990443015,48
laborious,6626,138.04166666666666,47751.123263888876,1.583002504135133,48
uncomplicated,6626,138.04166666666666,42667.74826388889,1.496372326552284,48
comparing,6624,138.0,19985.041666666668,1.0244091351479023,48
transmitted,6623,137.97916666666666,35810.687065972226,1.3714905169954499,48
favorite,6615,137.8125,183502.31901041666,3.1083661249464853,48
packing,6615,137.8125,40161.485677083336,1.4541736602286301,48
outset,6614,137.79166666666666,51085.289930555555,1.6403063949868284,48
desk,6612,137.75,102299.85416666667,2.3219127684818974,48
scheduled,6608,137.66666666666666,27363.763888888894,1.2015977882600282,48
rebuild,6591,137.3125,33694.58984375,1.3368110071254073,48
mendoza,6589,137.27083333333334,36385.57248263888,1.389588899075262,48
holt,6588,137.25,64489.270833333336,1.8502541207961045,48
analytically,6587,137.22916666666666,28997.42664930555,1.2408900528229099,48
percentages,6584,137.16666666666666,27870.13888888889,1.2170852008986741,48
overtime,6583,137.14583333333334,104931.58289930556,2.3619488829241067,48
detached,6579,137.0625,115639.80859375,2.4810472376510115,48
rounded,6577,137.02083333333334,20092.52039930555,1.0345002607779161,48
ron,6577,137.02083333333334,37906.85373263888,1.420928631340704,48
ellipsis,6562,136.70833333333334,45698.45659722222,1.5637084306028795,48
elsevier,6561,136.6875,33628.256510416664,1.3416010063214037,48
contrarily,6556,136.58333333333334,23434.451388888887,1.120804040595152,48
infrequently,6551,136.47916666666666,22068.16623263889,1.088470745909056,48
supervisory,6546,136.375,151151.27604166666,2.85082885137532,48
misleading,6542,136.29166666666666,32315.03993055555,1.318964315934389,48
directorate,6540,136.25,40957.729166666664,1.485358972568473,48
contrasting,6535,136.14583333333334,51305.83289930556,1.6637153233865727,48
facing,6530,136.04166666666666,33607.581597222226,1.3475555807679835,48
deter,6527,135.97916666666666,36727.937065972226,1.4093728221923019,48
interferes,6526,135.95833333333334,41876.039930555555,1.5051402530368274,48
einstein,6524,135.91666666666666,54482.993055555555,1.7173458458626538,48
concatenation,6520,135.83333333333334,40347.847222222226,1.4787808758971157,48
norman,6509,135.60416666666666,61373.28081597222,1.8269078241815717,48
leone,6501,135.4375,46523.579427083336,1.592566704838819,48
tough,6479,134.97916666666666,43545.68706597222,1.5459869764623047,48
distinguishes,6479,134.97916666666666,49280.020399305555,1.6446318512444076,48
retrain,6474,134.875,20049.109375,1.0498230038475014,48
geneva,6469,134.77083333333334,21391.509982638887,1.085237536974455,48
unevenly,6468,134.75,49655.520833333336,1.6536934144813364,48
missouri,6467,134.72916666666666,28898.322482638894,1.261754008130947,48
thoughtful,6466,134.70833333333334,48404.33159722224,1.633231136298596,48
interconnectedness,6464,134.66666666666666,52507.472222222226,1.7015724497029447,48
jeopardize,6463,134.64583333333334,26895.312065972223,1.2179946350122062,48
recode,6451,134.39583333333334,99408.40581597223,2.3459878042462705,48
iqbal,6429,133.9375,64944.141927083336,1.9026889813598185,48
redesign,6422,133.79166666666666,45664.414930555555,1.5972021457912855,48
humans,6419,133.72916666666666,37405.23914930556,1.446239035975841,48
ambitious,6418,133.70833333333334,45172.331597222226,1.5895631213509047,48
customization,6415,133.64583333333334,37712.06206597221,1.4530639112494623,48
merging,6411,133.5625,17429.079427083332,0.9884454008578977,48
longstanding,6408,133.5,24690.416666666668,1.1770175644362129,48
frameworks,6403,133.39583333333334,26271.072482638887,1.2150569583576647,48
modules,6400,133.33333333333334,30369.80555555555,1.3070201079172423,48
confidently,6398,133.29166666666666,24741.53993055556,1.180077052041476,48
scant,6396,133.25,35920.145833333336,1.4223347735806267,48
distorted,6392,133.16666666666666,41036.847222222226,1.5212180321094895,48
inspired,6391,133.14583333333334,39972.832899305555,1.50160215837742,48
affirmation,6385,133.02083333333334,269215.0203993055,3.9005870921505044,48
victor,6382,132.95833333333334,24240.91493055555,1.1710055172023697,48
implemented,6380,132.91666666666666,25180.03472222222,1.1938471334622707,48
tanner,6378,132.875,71907.69270833333,2.0181079785717158,48
acronym,6376,132.83333333333334,22003.80555555556,1.1167136590641384,48
consequential,6374,132.79166666666666,32748.83159722222,1.3627841795225348,48
dominantly,6373,132.77083333333334,36009.34331597222,1.4292392014728748,48
strange,6371,132.72916666666666,100882.32248263892,2.3929915674835476,48
cleveland,6365,132.60416666666666,21846.197482638887,1.1146300749055897,48
edged,6362,132.54166666666666,68893.03993055555,1.980319422246255,48
traveler,6355,132.39583333333334,107279.11414930556,2.4739064439696183,48
reiterate,6355,132.39583333333334,30018.572482638887,1.308641535301187,48
transdisciplinary,6345,132.1875,52580.569010416664,1.7346915051749108,48
moscow,6345,132.1875,23888.90234375,1.1692508882042947,48
conviction,6336,132.0,188995.70833333334,3.293457321758066,48
kakenhi,6330,131.875,20408.901041666668,1.0832964932782387,48
bosch,6318,131.625,35867.734375,1.438843596179178,48
eli,6318,131.625,45007.359375,1.6117711670278525,48
instill,6316,131.58333333333334,67458.49305555556,1.973864942620373,48
dale,6313,131.52083333333334,40587.832899305555,1.5318046371384735,48
neto,6311,131.47916666666666,32726.16623263889,1.3759118886860244,48
gregory,6306,131.375,29753.984375,1.312985216715564,48
bern,6302,131.29166666666666,19852.498263888887,1.0731746906802409,48
isn,6301,131.27083333333334,30170.57248263889,1.3231940314277693,48
pascual,6296,131.16666666666666,46080.972222222226,1.6365803585601337,48
saud,6286,130.95833333333334,21823.373263888887,1.1280485746619577,48
triggering,6284,130.91666666666666,58541.993055555555,1.8481567931319225,48
luis,6279,130.8125,15774.90234375,0.9601389630716494,48
iconic,6278,130.79166666666666,226532.62326388888,3.639027211371419,48
slovakia,6276,130.75,35558.270833333336,1.4422103873532937,48
reaffirm,6274,130.70833333333334,25515.78993055555,1.2220844891240465,48
invariably,6267,130.5625,19552.787760416668,1.0709911589976593,48
prudent,6265,130.52083333333334,23182.374565972223,1.1665386200341175,48
restructure,6264,130.5,42721.041666666664,1.5838367111720135,48
prioritise,6263,130.47916666666666,25154.20789930556,1.2155257086130205,48
logically,6247,130.14583333333334,91998.91623263889,2.3305642866211227,48
portrait,6235,129.89583333333334,93057.00998263889,2.3484392304188284,48
peña,6235,129.89583333333334,32484.05164930555,1.3875219932313216,48
chakraborty,6230,129.79166666666666,37831.831597222226,1.4985867024857777,48
rewrite,6229,129.77083333333334,31788.384982638887,1.3739063744581919,48
fails,6228,129.75,18707.4375,1.0541436208216968,48
fort,6227,129.72916666666666,18541.36414930556,1.0496226972050258,48
abdullah,6224,129.66666666666666,20333.263888888894,1.0997024735639214,48
synthesise,6224,129.66666666666666,17451.18055555556,1.018788559352172,48
organise,6222,129.625,29672.984375,1.3288986020144138,48
causing,6208,129.33333333333334,19770.72222222222,1.0871783524857919,48
mohammad,6201,129.1875,18672.069010416668,1.0577322057959964,48
clothes,6197,129.10416666666666,82267.3433159722,2.2216389330532538,48
soap,6192,129.0,54333.875,1.8069478945082895,48
recreate,6189,128.9375,26531.975260416668,1.2632972376909146,48
temple,6188,128.91666666666666,72960.4097222222,2.0952438010851138,48
revolutionary,6187,128.89583333333334,21907.63498263889,1.1483092665574588,48
missing,6184,128.83333333333334,20085.138888888887,1.1000417697166813,48
extraneous,6184,128.83333333333334,95946.76388888889,2.404290398796504,48
dispose,6183,128.8125,22108.069010416668,1.154296547426219,48
purge,6182,128.79166666666666,35494.289930555555,1.4628219987356315,48
reassess,6177,128.6875,20776.631510416668,1.1200855762200146,48
alice,6172,128.58333333333334,66979.11805555556,2.0127277405520645,48
hail,6169,128.52083333333334,82297.74956597223,2.232134946750766,48
visualisation,6169,128.52083333333334,11083.12456597222,0.8191389447909118,48
anne,6168,128.5,33081.875,1.415441518760465,48
rand,6167,128.47916666666666,34742.832899305555,1.4507744641125806,48
schematically,6166,128.45833333333334,18104.998263888887,1.0474588265191838,48
beforehand,6164,128.41666666666666,37619.993055555555,1.5103860397228517,48
discrepant,6164,128.41666666666666,33578.493055555555,1.4269514866218027,48
sai,6161,128.35416666666666,23378.645399305562,1.1912411864045243,48
unreasonable,6160,128.33333333333334,49769.222222222226,1.7383649308536238,48
bang,6158,128.29166666666666,19756.081597222223,1.0955998356246617,48
seller,6151,128.14583333333334,105375.8745659722,2.5331803258607293,48
hereby,6151,128.14583333333334,19132.791232638887,1.0794056244677068,48
cyprus,6150,128.125,33840.067708333336,1.4357596147083411,48
interpretative,6149,128.10416666666666,91775.17664930555,2.36482691102978,48
uh,6147,128.0625,23184.641927083332,1.1889900511601477,48
visualise,6138,127.875,19865.901041666668,1.1022205077206757,48
mas,6137,127.85416666666667,26175.874565972223,1.2654229729251072,48
hitherto,6129,127.6875,23967.83984375,1.2124562121979394,48
maier,6122,127.54166666666667,35937.12326388888,1.4863447954180473,48
restored,6119,127.47916666666667,32487.87456597222,1.413908918968674,48
reconsider,6117,127.4375,38043.079427083336,1.5305255674063611,48
encompasses,6117,127.4375,30072.787760416668,1.3607852761169308,48
pivot,6113,127.35416666666667,35510.02039930555,1.4796612568629843,48
finder,6113,127.35416666666667,64136.27039930556,1.9885599682688457,48
friendliness,6110,127.29166666666667,47762.206597222226,1.71688900163052,48
unambiguously,6110,127.29166666666667,32212.956597222223,1.4099876894141916,48
scatterplots,6109,127.27083333333333,22517.822482638887,1.1790556609511953,48
incorporated,6104,127.16666666666667,16383.347222222219,1.0065330280058167,48
generously,6101,127.10416666666667,28934.34331597222,1.3382801226967975,48
bulgaria,6088,126.83333333333333,31791.013888888887,1.4057846051245009,48
bates,6081,126.6875,61408.71484375,1.9560557937197813,48
hesitant,6081,126.6875,110812.54817708333,2.627608782875204,48
bowl,6078,126.625,50058.609375,1.7669323902386176,48
mcgill,6078,126.625,19637.442708333332,1.1066824099082329,48
kerr,6071,126.47916666666667,35663.12456597222,1.493106203144446,48
notify,6068,126.41666666666667,50596.15972222222,1.7793215664880162,48
briggs,6066,126.375,25436.151041666668,1.2620150352776838,48
lacking,6064,126.33333333333333,21881.43055555556,1.1709002550840266,48
coe,6058,126.20833333333333,36368.08159722222,1.511026791630737,48
ing,6056,126.16666666666667,34669.47222222222,1.4758050295090839,48
initiatives,6050,126.04166666666667,54576.70659722222,1.8534869181871747,48
extends,6045,125.9375,16695.516927083332,1.02599410929289,48
subside,6042,125.875,26685.859375,1.2977801075935427,48
stitch,6041,125.85416666666667,17088.16623263889,1.038676083574909,48
unsure,6036,125.75,61049.6875,1.9648695795838411,48
seattle,6028,125.58333333333333,36931.993055555555,1.5302745880128836,48
covered,6027,125.5625,21070.954427083332,1.1560647251174991,48
amin,6027,125.5625,23809.829427083332,1.228904651253297,48
stopping,6025,125.52083333333333,23098.70789930555,1.2108156609624243,48
friedrich,6023,125.47916666666667,29442.374565972223,1.3674605020436998,48
preset,6021,125.4375,13164.662760416666,0.9146974730319293,48
harmless,6019,125.39583333333333,34093.739149305555,1.4724962962165336,48
overlooked,6018,125.375,19018.651041666668,1.0999651075965753,48
depicts,6012,125.25,18084.479166666668,1.0736810010125715,48
vidal,6012,125.25,23111.604166666668,1.2137725480902435,48
swiftly,6007,125.14583333333333,20104.16623263889,1.132991466190034,48
hossain,6002,125.04166666666667,52881.33159722222,1.8390622827158312,48
ellis,5999,124.97916666666667,64765.14539930554,2.0362591454629793,48
upfront,5998,124.95833333333333,181657.37326388888,3.4108395565552296,48
modes,5995,124.89583333333333,15596.551649305557,0.9999225067897567,48
airport,5992,124.83333333333333,42357.180555555555,1.6486670367402483,48
edited,5991,124.8125,63660.944010416664,2.021521920373571,48
texts,5981,124.60416666666667,122718.03081597225,2.811393418820955,48
foul,5980,124.58333333333333,86196.65972222222,2.356596734828027,48
schooling,5965,124.27083333333333,120003.15581597223,2.787578607303921,48
springer,5964,124.25,12373.729166666666,0.8952697399494947,48
ride,5964,124.25,47690.604166666664,1.7575998819822356,48
electronically,5961,124.1875,32817.985677083336,1.4587406188372805,48
exposition,5957,124.10416666666667,22886.634982638887,1.2190025352268492,48
lope,5953,124.02083333333333,25997.43706597223,1.300081632379478,48
develops,5948,123.91666666666667,27416.20138888889,1.336207540755529,48
pictorial,5945,123.85416666666667,176285.74956597225,3.389986601567706,48
duffy,5943,123.8125,67683.81901041667,2.101251008335584,48
industrialized,5930,123.54166666666667,26486.41493055556,1.3173407708830542,48
utah,5922,123.375,16020.192708333334,1.0259039507761751,48
contemplate,5914,123.20833333333333,57650.83159722222,1.9487795128091923,48
initiating,5899,122.89583333333333,36369.801649305555,1.5517912813375792,48
scarcely,5893,122.77083333333333,22193.46831597222,1.2134374240510584,48
stricter,5892,122.75,28821.979166666668,1.3830580193504491,48
tabular,5892,122.75,18478.354166666668,1.1074143391629248,48
couldn,5889,122.6875,48526.58984375,1.7955171986869678,48
indiana,5883,122.5625,21156.704427083332,1.18676955994862,48
sticky,5880,122.5,40224.25,1.637223195460361,48
portability,5878,122.45833333333333,12893.956597222224,0.9272669005953683,48
recombine,5872,122.33333333333333,51856.722222222226,1.8614772017044576,48
reconfiguration,5870,122.29166666666667,51298.58159722222,1.85206325180937,48
interdependency,5867,122.22916666666667,19543.67664930556,1.143742563815997,48
symbolize,5855,121.97916666666667,30472.02039930555,1.4310834627942715,48
bart,5850,121.875,36589.442708333336,1.5695070423245008,48
brewer,5847,121.8125,73362.69401041667,2.2235442624711386,48
conditionally,5841,121.6875,26273.21484375,1.3320196749104323,48
peculiarity,5838,121.625,21757.401041666668,1.2127761708904559,48
impetus,5837,121.60416666666667,30956.48914930556,1.4468629450686006,48
massively,5836,121.58333333333333,22471.826388888887,1.2329490764603745,48
groundbreaking,5831,121.47916666666667,23209.95789930555,1.2541092534356457,48
seamlessly,5828,121.41666666666667,13623.368055555557,0.9613110606012062,48
boast,5828,121.41666666666667,14422.076388888889,0.9890894967102558,48
louisiana,5825,121.35416666666667,49701.97873263888,1.837097250881693,48
kay,5823,121.3125,38226.131510416664,1.6116644339823358,48
reassure,5822,121.29166666666667,39362.414930555555,1.6357235402371544,48
usher,5813,121.10416666666667,23223.46831597222,1.2583586953336834,48
mina,5810,121.04166666666667,29020.24826388889,1.407393907623923,48
unsustainable,5802,120.875,39865.984375,1.6518277546099125,48
ong,5800,120.83333333333333,30718.88888888889,1.4504941959911606,48
sustainably,5796,120.75,32861.1875,1.5012550706386054,48
duplicated,5796,120.75,87492.9375,2.4496236116789665,48
particularity,5790,120.625,26890.067708333332,1.3594355460933814,48
ruler,5780,120.41666666666667,32385.576388888887,1.4944769269499485,48
palo,5779,120.39583333333333,33951.94748263888,1.5304561403048698,48
bounce,5774,120.29166666666667,85509.24826388889,2.4309218769453946,48
imprecision,5764,120.08333333333333,28501.74305555555,1.4058952885558964,48
ono,5758,119.95833333333333,23206.41493055556,1.269911930834484,48
responds,5758,119.95833333333333,27677.66493055555,1.3868653590263238,48
aftermath,5756,119.91666666666667,57005.07638888888,1.9910273146590898,48
balancing,5755,119.89583333333333,18924.84331597222,1.1473926292379804,48
suffice,5748,119.75,28307.020833333332,1.4049845877214595,48
summarizes,5738,119.54166666666667,13757.289930555555,0.9811765011777562,48
precarious,5733,119.4375,81335.28776041667,2.3878046816451617,48
barber,5732,119.41666666666667,38564.784722222226,1.644487252520298,48
sever,5730,119.375,25275.651041666668,1.3317962595726787,48
abbas,5730,119.375,30818.942708333332,1.470603120431662,48
emirates,5722,119.20833333333333,23217.20659722222,1.2781986863681816,48
guerrero,5709,118.9375,25894.93359375,1.3529713342397176,48
recalculate,5706,118.875,11641.067708333334,0.9076238044004915,48
refining,5704,118.83333333333333,11468.305555555557,0.9011795922473217,48
unsurprisingly,5699,118.72916666666667,21481.780815972223,1.2344619863165647,48
scottish,5694,118.625,31415.192708333332,1.4941480715626774,48
imminent,5688,118.5,21021.541666666668,1.2235280525081476,48
pretty,5686,118.45833333333333,56943.4982638889,2.0144498222120975,48
refute,5685,118.4375,37216.74609375,1.6288457841565438,48
saunders,5681,118.35416666666667,26314.312065972223,1.3706054629012154,48
deadline,5680,118.33333333333333,96933.51388888889,2.631054716053109,48
ensures,5672,118.16666666666667,9319.638888888889,0.8169670815835596,48
innovatively,5667,118.0625,19608.975260416668,1.1860840726963864,48
curtain,5650,117.70833333333333,26083.331597222223,1.3720638462031554,48
interchangeably,5649,117.6875,44264.548177083336,1.7877125148852047,48
wolfe,5648,117.66666666666667,56531.59722222222,2.0206550349571026,48
lately,5646,117.625,14198.567708333334,1.0130307584633034,48
initiated,5645,117.60416666666667,24038.655815972223,1.318355030743449,48
curvilinear,5645,117.60416666666667,60041.94748263888,2.0835535951104505,48
heath,5644,117.58333333333333,27756.576388888887,1.4168934119821077,48
lily,5643,117.5625,187332.03776041666,3.6816052087197946,48
variate,5643,117.5625,13935.954427083334,1.0041522040141224,48
barbara,5643,117.5625,18091.787760416668,1.144120926826117,48
twentieth,5643,117.5625,17560.912760416668,1.1272097323057757,48
queue,5640,117.5,29585.708333333332,1.463872051179417,48
baldwin,5633,117.35416666666667,48078.14539930556,1.8684235793325776,48
illustrated,5632,117.33333333333333,12807.63888888889,0.9645241993711308,48
aspire,5625,117.1875,52126.569010416664,1.948266131337944,48
frustrate,5619,117.0625,94723.85026041667,2.6291288849571153,48
marin,5618,117.04166666666667,25957.87326388889,1.3765565472098342,48
alan,5612,116.91666666666667,32502.90972222222,1.5420011436352083,48
sanz,5611,116.89583333333333,27773.67664930555,1.4256655526110562,48
utrecht,5604,116.75,40682.729166666664,1.7276197113933642,48
calvo,5598,116.625,48218.317708333336,1.8828441369844457,48
testable,5598,116.625,50460.109375,1.9261159917043102,48
identically,5594,116.54166666666667,13436.248263888889,0.9946213681021759,48
contreras,5593,116.52083333333333,31574.49956597222,1.5249817840511017,48
defining,5592,116.5,26648.208333333332,1.4012256611963916,48
fleming,5590,116.45833333333333,24228.91493055556,1.3365844741915283,48
coded,5589,116.4375,45802.62109375,1.8380287217271147,48
nourish,5585,116.35416666666667,48919.97873263888,1.9009083995374572,48
patil,5585,116.35416666666667,30521.062065972223,1.5014742237723544,48
url,5583,116.3125,13674.006510416666,1.0053597653166593,48
cancellation,5582,116.29166666666667,23471.28993055555,1.317406749936071,48
oo,5580,116.25,15120.229166666666,1.057757772361396,48
lara,5574,116.125,25757.026041666668,1.3820448327391537,48
mak,5563,115.89583333333333,30430.259982638887,1.5051681116783695,48
symmetrically,5556,115.75,12214.0625,0.954792654728455,48
czechia,5549,115.60416666666667,17590.780815972223,1.1472790711613872,48
visibly,5542,115.45833333333333,16686.03993055556,1.1187971598152078,48
mackenzie,5540,115.41666666666667,27221.90972222222,1.429521749511619,48
decimal,5539,115.39583333333333,24045.94748263889,1.3437881882090923,48
privileged,5530,115.20833333333333,50353.45659722224,1.9477389558022846,48
imprecise,5528,115.16666666666667,18622.222222222223,1.1849197968427623,48
conveniently,5526,115.125,11786.442708333334,0.9430217979136074,48
crisp,5526,115.125,28047.734375,1.4547194640150882,48
counterproductive,5524,115.08333333333333,203765.4930555555,3.922409095656772,48
alex,5522,115.04166666666667,20301.41493055556,1.23853415864442,48
lowest,5520,115.0,16808.791666666668,1.1273802097633696,48
temper,5519,114.97916666666667,26387.72873263889,1.4128037817457522,48
anyway,5517,114.9375,24727.391927083332,1.3681301371340904,48
honestly,5517,114.9375,43038.975260416664,1.8049667858221579,48
quicker,5517,114.9375,18309.016927083332,1.1772556041486746,48
patience,5515,114.89583333333333,94507.38498263889,2.6756456304851657,48
ullah,5515,114.89583333333333,35871.218315972226,1.648423450458447,48
regularize,5498,114.54166666666667,15089.12326388889,1.0724288904209134,48
fore,5498,114.54166666666667,23207.08159722222,1.3299850723203273,48
scenarios,5498,114.54166666666667,22179.37326388889,1.300202919265053,48
structuring,5485,114.27083333333333,34753.364149305555,1.6314096652477676,48
leon,5473,114.02083333333333,17706.72873263889,1.1670378893864457,48
supposedly,5473,114.02083333333333,40870.187065972226,1.7730423211189168,48
slim,5471,113.97916666666667,47511.31206597222,1.9123748985527607,48
meaningless,5470,113.95833333333333,98712.66493055556,2.7570227474421642,48
popularization,5465,113.85416666666667,57760.374565972226,2.1108922797650336,48
profitable,5463,113.8125,28738.77734375,1.4895125978264003,48
barry,5462,113.79166666666667,25254.623263888887,1.3965612535405918,48
schroeder,5455,113.64583333333333,26747.728732638894,1.439096568054042,48
recalibration,5454,113.625,33932.609375,1.6211930474489307,48
clayton,5449,113.52083333333333,57666.0412326389,2.115361026125948,48
immobile,5449,113.52083333333333,17791.624565972223,1.1749847562375448,48
freitas,5448,113.5,24252.25,1.3720822834451307,48
annex,5447,113.47916666666667,52098.41623263888,2.011389240713849,48
fascinating,5444,113.41666666666667,16989.24305555555,1.1492384180243755,48
maría,5438,113.29166666666667,21430.289930555555,1.292159299386605,48
trick,5432,113.16666666666667,101285.68055555556,2.812260204824626,48
merger,5430,113.125,69599.81770833333,2.332090817041702,48
unifying,5429,113.10416666666667,23035.88498263889,1.3419114125253424,48
genuinely,5425,113.02083333333333,65102.103732638905,2.2575584648785783,48
promotional,5422,112.95833333333333,63463.289930555555,2.2301959109102754,48
grapple,5415,112.8125,39920.65234375,1.7710939158860088,48
boom,5414,112.79166666666667,19706.998263888887,1.2446098253005813,48
subramanian,5412,112.75,38957.4375,1.750566610781603,48
analogously,5408,112.66666666666667,17520.01388888889,1.1748212070468478,48
sporadically,5406,112.625,24112.151041666668,1.3787425340810273,48
philosopher,5402,112.54166666666667,171327.4149305556,3.6779014542977375,48
materiala,5398,112.45833333333333,12483.581597222224,0.9935230774588225,48
gradation,5395,112.39583333333333,109838.86414930555,2.948681092031685,48
prop,5390,112.29166666666667,13662.789930555557,1.040931539795416,48
conducted,5387,112.22916666666667,12144.801649305555,0.9819502271832198,48
jha,5378,112.04166666666667,34539.164930555555,1.6587325080408033,48
wealthy,5376,112.0,60201.916666666664,2.190721328318675,48
fewer,5375,111.97916666666667,19890.770399305555,1.2594721567287246,48
precedent,5374,111.95833333333333,18992.581597222223,1.230936290452742,48
everywhere,5370,111.875,20415.276041666668,1.2771578583746894,48
salvador,5368,111.83333333333333,12125.472222222224,0.9846413289791671,48
prohibitive,5363,111.72916666666667,37564.239149305555,1.7346854620893601,48
spotlight,5359,111.64583333333333,21447.812065972223,1.3117436729360397,48
bowen,5356,111.58333333333333,26814.36805555555,1.4675214308415667,48
unused,5352,111.5,33717.541666666664,1.646846359324557,48
platforms,5351,111.47916666666667,20137.124565972223,1.272931444320894,48
somewhere,5351,111.47916666666667,42920.37456597222,1.8583950418182538,48
mystery,5347,111.39583333333333,30992.322482638887,1.5803675892930036,48
chandra,5345,111.35416666666667,21508.228732638887,1.3170305560836395,48
iterate,5335,111.14583333333333,9110.582899305557,0.8587759938964458,48
evolving,5332,111.08333333333333,14964.07638888889,1.1012249815257733,48
lord,5328,111.0,57250.625,2.1555948498556705,48
archer,5328,111.0,35959.333333333336,1.7083735428129896,48
saddle,5327,110.97916666666667,29716.77039930556,1.553314316286853,48
federico,5321,110.85416666666667,14713.457899305557,1.0942217773304481,48
debatable,5316,110.75,15743.9375,1.1329557388461784,48
contentious,5316,110.75,15612.1875,1.1282053227037492,48
underrepresentation,5316,110.75,21221.604166666668,1.315362238440745,48
inflated,5315,110.72916666666667,33508.07248263888,1.6531516374725752,48
reinforces,5314,110.70833333333333,29949.45659722222,1.5631986120956214,48
listing,5312,110.66666666666667,18432.80555555556,1.2268144761499131,48
unprocessed,5311,110.64583333333333,40211.85373263889,1.8123496281794564,48
overwhelmingly,5308,110.58333333333333,20516.493055555555,1.2952747125952595,48
authenticate,5304,110.5,44628.5,1.9118062058736975,48
kirby,5299,110.39583333333333,40097.614149305555,1.8138717796247676,48
rename,5298,110.375,26745.192708333332,1.4816722569257392,48
grossman,5292,110.25,31641.395833333332,1.613426622377134,48
scherer,5283,110.0625,115566.97526041667,3.0887126018163933,48
rendering,5278,109.95833333333333,14208.62326388889,1.0840463490549843,48
indoors,5266,109.70833333333333,44884.2482638889,1.9311115462911805,48
yen,5266,109.70833333333333,32194.91493055556,1.6355130868007768,48
adept,5264,109.66666666666667,34085.76388888888,1.6834951611273477,48
multichannel,5264,109.66666666666667,24094.76388888889,1.415424452900997,48
organized,5263,109.64583333333333,25035.27039930556,1.4430587436199802,48
establishes,5260,109.58333333333333,16076.659722222219,1.157053400465038,48
accrue,5260,109.58333333333333,17788.61805555556,1.2171009415664182,48
gabriel,5252,109.41666666666667,23758.70138888889,1.4087303444540222,48
displaced,5250,109.375,33711.192708333336,1.6786841623744482,48
roles,5248,109.33333333333333,36402.180555555555,1.7450630012754793,48
britain,5247,109.3125,16939.173177083332,1.1906285087070712,48
allowable,5246,109.29166666666667,28740.28993055556,1.5511668812265278,48
graphs,5245,109.27083333333333,30087.197482638887,1.5874008669272601,48
baxter,5242,109.20833333333333,16881.164930555555,1.1897218212556264,48
stuart,5237,109.10416666666667,14667.38498263889,1.1100307483862124,48
cooperatively,5236,109.08333333333333,28478.90972222222,1.5470461841638137,48
hero,5231,108.97916666666667,131650.02039930556,3.3294077238748714,48
sensibility,5230,108.95833333333333,49264.08159722224,2.0370643291671153,48
adams,5228,108.91666666666667,21884.99305555556,1.3582473458043338,48
instructive,5227,108.89583333333333,17630.38498263889,1.2193254404520872,48
curious,5226,108.875,63069.859375,2.306655638198482,48
heated,5220,108.75,18646.1875,1.2556417799521362,48
cumbersome,5219,108.72916666666667,8609.239149305555,0.8533679470026299,48
usc,5211,108.5625,24065.454427083332,1.4289505424373021,48
karl,5210,108.54166666666667,20117.248263888887,1.3067358373576803,48
rationalize,5205,108.4375,27728.99609375,1.5356334967836953,48
plausibly,5204,108.41666666666667,24629.86805555556,1.447554727867692,48
paolo,5203,108.39583333333333,46833.11414930556,1.9964752467316502,48
miami,5202,108.375,20569.234375,1.3233659401550633,48
decelerate,5199,108.3125,10459.881510416666,0.9442452360376368,48
wolff,5195,108.22916666666667,34733.176649305555,1.7219793458572181,48
radically,5189,108.10416666666667,32792.551649305555,1.6751171010386723,48
conservatively,5180,107.91666666666667,15252.28472222222,1.1444028470336844,48
unsurprising,5174,107.79166666666667,24597.748263888887,1.4549983113422589,48
gmail,5172,107.75,16253.979166666666,1.183212013551996,48
intensifies,5171,107.72916666666667,16945.48914930556,1.2083528047259238,48
brings,5168,107.66666666666667,25188.347222222223,1.4740715630325987,48
inventor,5164,107.58333333333333,41409.868055555555,1.8915025326645092,48
loosen,5160,107.5,30674.541666666668,1.6292231667010661,48
vázquez,5157,107.4375,24817.537760416668,1.4663020833927947,48
disaggregated,5151,107.3125,24808.423177083332,1.467740466616437,48
incrementally,5150,107.29166666666667,18058.081597222223,1.2524771571275115,48
shaping,5148,107.25,24106.895833333332,1.447682567438227,48
arora,5146,107.20833333333333,30535.08159722222,1.6299376735784092,48
wilks,5146,107.20833333333333,55080.74826388888,2.1891290856764463,48
uncovered,5145,107.1875,14933.985677083334,1.1401020419656929,48
portrayal,5143,107.14583333333333,60036.24956597222,2.2868174113691415,48
insulate,5143,107.14583333333333,19629.666232638887,1.3076188444392454,48
multilayered,5143,107.14583333333333,15553.249565972224,1.16395256955303,48
chowdhury,5142,107.125,23750.609375,1.4386214901760812,48
transferred,5142,107.125,76115.19270833333,2.5754008856082464,48
harder,5138,107.04166666666667,40848.62326388888,1.8881472022604397,48
infrastructural,5131,106.89583333333333,22881.509982638887,1.4150818578552546,48
acknowledgement,5116,106.58333333333333,12883.70138888889,1.0649544356863625,48
dick,5109,106.4375,38201.329427083336,1.8363039699135646,48
canton,5106,106.375,15553.401041666666,1.1723927174853481,48
grounding,5106,106.375,58059.026041666664,2.265141307281257,48
alphabet,5094,106.125,61870.234375,2.34381417974579,48
hereinafter,5092,106.08333333333333,21567.99305555556,1.3843876294971098,48
receives,5090,106.04166666666667,13546.998263888885,1.097602260056081,48
fernando,5088,106.0,14157.0,1.1224829442482231,48
lite,5086,105.95833333333333,22820.95659722222,1.4257119968033098,48
lifting,5083,105.89583333333333,17255.13498263889,1.240452984041217,48
disadvantageous,5080,105.83333333333333,69742.13888888889,2.4953137304117146,48
alternately,5077,105.77083333333333,11637.38498263889,1.0199098235045774,48
demarcation,5073,105.6875,18174.756510416668,1.2755887363332943,48
whichever,5071,105.64583333333333,22642.81206597222,1.4243371695688996,48
downgrade,5071,105.64583333333333,22467.97873263889,1.418827602654101,48
providing,5070,105.625,15131.692708333334,1.1646006672835816,48
emerging,5070,105.625,15440.609375,1.176428388840662,48
ulrich,5067,105.5625,54137.37109375,2.20413867201189,48
narrowly,5059,105.39583333333333,23037.69748263889,1.4401114172704468,48
leonard,5056,105.33333333333333,24106.888888888887,1.4740246803265626,48
christopher,5055,105.3125,14432.798177083334,1.1407627902124526,48
symbols,5053,105.27083333333333,17118.905815972223,1.2428821202216822,48
panoramic,5049,105.1875,19122.735677083332,1.3146522157126928,48
oversampling,5049,105.1875,13168.194010416666,1.0909352503518375,48
operationally,5048,105.16666666666667,22995.18055555556,1.4419171360771992,48
literally,5046,105.125,82421.69270833333,2.730956332621195,48
degrades,5045,105.10416666666667,22782.384982638887,1.4360833929875025,48
rival,5042,105.04166666666667,51690.74826388888,2.164436283030678,48
resurgence,5039,104.97916666666667,28907.93706597222,1.6195912780385504,48
imperial,5037,104.9375,9232.43359375,0.9156455367454113,48
enthusiastic,5031,104.8125,94945.61067708333,2.939844545104349,48
milano,5029,104.77083333333333,11990.926649305557,1.0451676883286556,48
interpreted,5028,104.75,25595.5625,1.5273139113271015,48
intermittently,5028,104.75,9625.1875,0.9365922666880484,48
theoretic,5025,104.6875,27923.881510416668,1.5962211632260253,48
chiefly,5015,104.47916666666667,13328.499565972219,1.1049965729745275,48
pretrained,5013,104.4375,21413.787760416668,1.401168223962083,48
anthony,5008,104.33333333333333,17532.05555555556,1.2690926715590511,48
insist,5007,104.3125,49896.673177083336,2.141408100279441,48
poll,5004,104.25,22047.1875,1.4242969167104822,48
subcategory,5000,104.16666666666667,39584.38888888888,1.9099992879579824,48
permissible,4997,104.10416666666667,17652.00998263889,1.2762300613324375,48
newcomer,4997,104.10416666666667,87394.42664930555,2.8397084691932903,48
regions,4997,104.10416666666667,13448.384982638889,1.1139532231736935,48
holding,4996,104.08333333333333,27036.65972222222,1.5797753216408155,48
shutdown,4995,104.0625,33123.55859375,1.7489372957734735,48
invent,4994,104.04166666666667,26754.87326388889,1.5721506094857831,48
methodsin,4992,104.0,27162.291666666668,1.5847102422909043,48
quantifies,4992,104.0,7197.541666666667,0.8157531407460721,48
ismail,4989,103.9375,17107.80859375,1.2584180089278636,48
soar,4981,103.77083333333333,18398.63498263889,1.3071261325687609,48
mendes,4980,103.75,41609.645833333336,1.9661149442657047,48
smoother,4978,103.70833333333333,10645.081597222224,0.994857417869219,48
richmond,4977,103.6875,9923.923177083334,0.9607608406023893,48
rethink,4971,103.5625,36292.787760416664,1.8395332352159592,48
labs,4961,103.35416666666667,14402.22873263889,1.1611460853218545,48
istanbul,4960,103.33333333333333,16027.51388888889,1.2251595279336387,48
weave,4960,103.33333333333333,19599.180555555555,1.354810387568795,48
constitutes,4954,103.20833333333333,12912.664930555557,1.1010148484723377,48
backwards,4954,103.20833333333333,17695.91493055556,1.2889074858890057,48
healthier,4953,103.1875,58583.694010416664,2.3456396044473005,48
corrupt,4953,103.1875,28126.194010416668,1.6252807571263912,48
clash,4952,103.16666666666667,30829.26388888889,1.7019319017251933,48
unprotected,4950,103.125,25915.484375,1.5610460103612085,48
magazine,4943,102.97916666666667,53037.22873263888,2.2363565133177516,48
araújo,4938,102.875,31059.359375,1.713114530219929,48
testimony,4925,102.60416666666667,75941.40581597222,2.6858040153833724,48
phased,4923,102.5625,14797.162760416666,1.186043525305901,48
components,4918,102.45833333333333,9402.62326388889,0.9464054460039791,48
elizabeth,4916,102.41666666666667,12643.701388888885,1.0979093366693355,48
gang,4916,102.41666666666667,14058.40972222222,1.157703806769806,48
dependability,4915,102.39583333333333,27406.36414930555,1.6167520755793416,48
appoint,4913,102.35416666666667,25208.22873263889,1.5511922942727947,48
highlighting,4909,102.27083333333333,13714.947482638889,1.1451049176415122,48
lightly,4905,102.1875,12487.069010416666,1.0935344809104675,48
underlined,4903,102.14583333333333,28548.37456597222,1.6541315196340058,48
multistep,4902,102.125,23192.442708333332,1.4912181353381022,48
miscellaneous,4893,101.9375,14500.225260416666,1.181281482548228,48
secretary,4877,101.60416666666667,20574.614149305555,1.4117387365728236,48
vicente,4873,101.52083333333333,20778.374565972223,1.419876631085443,48
monteiro,4869,101.4375,16739.329427083332,1.2754707131807141,48
bulletin,4868,101.41666666666667,36551.82638888889,1.8851469465015716,48
burr,4868,101.41666666666667,26106.95138888889,1.5931943151050962,48
precludes,4865,101.35416666666667,16585.020399305555,1.2706220795609156,48
occupied,4864,101.33333333333333,20255.05555555555,1.4044762204990755,48
precedes,4864,101.33333333333333,19209.138888888887,1.3677339257274688,48
connecting,4864,101.33333333333333,7899.972222222223,0.877122907014573,48
wayne,4855,101.14583333333333,17765.999565972223,1.3177918786009784,48
reconciliation,4855,101.14583333333333,37944.45789930556,1.9258665028422886,48
cumulatively,4849,101.02083333333333,12481.645399305557,1.1059232117203008,48
statutory,4843,100.89583333333333,32479.093315972223,1.7861943727745362,48
dijk,4840,100.83333333333333,33311.05555555556,1.810047921627361,48
depart,4836,100.75,25272.770833333332,1.5779068983741285,48
rana,4830,100.625,14782.734375,1.2082908682381321,48
agile,4828,100.58333333333333,36914.868055555555,1.910181506825916,48
showcased,4827,100.5625,8549.24609375,0.9194494299222425,48
arsenal,4826,100.54166666666667,41540.664930555555,2.0271721997505567,48
dependable,4826,100.54166666666667,8498.58159722222,0.9169109180229926,48
mara,4825,100.52083333333333,25609.791232638887,1.5920142061120612,48
metro,4822,100.45833333333333,54909.28993055556,2.3325821352203837,48
cabrera,4819,100.39583333333333,24220.73914930555,1.5501652864377224,48
solicit,4818,100.375,40168.692708333336,1.9967251612628234,48
relates,4817,100.35416666666667,47537.47873263888,2.172614447160189,48
fare,4816,100.33333333333333,19894.180555555555,1.4057813802111074,48
sophistication,4810,100.20833333333333,39335.53993055557,1.9791956095846228,48
favored,4807,100.14583333333333,14259.124565972224,1.1923768805316528,48
hidalgo,4805,100.10416666666667,20469.88498263889,1.4292412648058663,48
examines,4804,100.08333333333333,36415.0763888889,1.9066845668710768,48
unmatched,4801,100.02083333333333,15712.770399305557,1.2532448067717918,48
showcases,4800,100.0,5944.041666666667,0.7709761129027712,48
uninterrupted,4795,99.89583333333333,10035.634982638889,1.002824773778226,48
padua,4794,99.875,20996.442708333332,1.4508284667809894,48
patrol,4790,99.79166666666667,57001.2482638889,2.3924777477711543,48
maximise,4787,99.72916666666667,8218.53081597222,0.9090230670155837,48
inseparable,4784,99.66666666666667,31805.805555555547,1.789382831717713,48
yilmaz,4780,99.58333333333333,17066.576388888887,1.3118571456937662,48
bullet,4775,99.47916666666667,11834.62456597222,1.093566264176728,48
mclean,4768,99.33333333333333,40590.26388888889,2.0282240495984603,48
allude,4767,99.3125,27468.21484375,1.6688269448199167,48
faulty,4764,99.25,22865.770833333332,1.523569983482144,48
desai,4764,99.25,19915.770833333332,1.4218966948396479,48
morton,4760,99.16666666666667,23002.888888888887,1.5294154584866282,48
holistically,4758,99.125,36930.067708333336,1.9386832212371718,48
abdul,4758,99.125,13371.984375,1.1665805462136423,48
remaining,4753,99.02083333333333,10932.645399305557,1.055932249714471,48
berkeley,4746,98.875,17756.442708333332,1.3476945922083028,48
wit,4745,98.85416666666667,26772.707899305562,1.6552026404427083,48
homogeneously,4742,98.79166666666667,11267.706597222224,1.074477814187447,48
hesitation,4738,98.70833333333333,47579.2482638889,2.2098101753820125,48
educated,4732,98.58333333333333,54729.24305555556,2.373046357283948,48
sooner,4731,98.5625,18140.37109375,1.3665054649513604,48
anand,4727,98.47916666666667,18719.749565972223,1.3893307635687837,48
majorly,4717,98.27083333333333,15537.114149305557,1.2684125761732856,48
unforeseen,4716,98.25,25263.145833333332,1.617749057562011,48
orientate,4709,98.10416666666667,25175.176649305562,1.6173306250443586,48
sizes,4705,98.02083333333333,6937.062065972222,0.8497073984375172,48
koo,4701,97.9375,22232.43359375,1.5224550815330407,48
garbage,4700,97.91666666666667,36661.45138888889,1.95545671268462,48
cnrs,4699,97.89583333333333,17070.176649305555,1.3346113073759365,48
rosenthal,4699,97.89583333333333,56655.593315972226,2.4314043443428695,48
architectures,4691,97.72916666666667,14742.614149305557,1.2424046094193302,48
modifies,4688,97.66666666666667,15060.930555555557,1.2565493139571846,48
broadening,4683,97.5625,18896.204427083332,1.4089785090614586,48
overshoot,4680,97.5,25018.0,1.6222645514277867,48
lisbon,4680,97.5,20231.833333333332,1.4588579407685363,48
connects,4677,97.4375,9764.49609375,1.014142038241496,48
tractable,4673,97.35416666666667,12535.18706597222,1.1500344922589072,48
sensitively,4671,97.3125,9632.46484375,1.0085561602529896,48
undeniable,4666,97.20833333333333,13030.99826388889,1.17431699564407,48
subfield,4666,97.20833333333333,31641.456597222223,1.8298889592828185,48
criticality,4665,97.1875,25774.65234375,1.6519085360260306,48
supporting,4663,97.14583333333333,10111.624565972223,1.0351094895853792,48
mach,4662,97.125,20916.026041666668,1.4890475114628698,48
valle,4655,96.97916666666667,10680.687065972224,1.0656660922933214,48
khalid,4654,96.95833333333333,12817.831597222224,1.167675422438059,48
embark,4654,96.95833333333333,25888.45659722222,1.659464393192765,48
florence,4647,96.8125,10922.194010416666,1.0795021414726829,48
ciencia,4645,96.77083333333333,16329.59331597222,1.3205145885417762,48
lena,4644,96.75,47797.1875,2.259696940137996,48
incorporating,4644,96.75,10117.520833333334,1.039647419574562,48
purposefully,4641,96.6875,43472.58984375,2.156440232412968,48
keen,4639,96.64583333333333,26121.31206597222,1.6723006504127458,48
overshadow,4639,96.64583333333333,20244.728732638887,1.4722204491298165,48
celebrate,4638,96.625,34556.734375,1.9238749524207803,48
glean,4630,96.45833333333333,13508.164930555555,1.2049205841058674,48
blindly,4626,96.375,14727.401041666666,1.2592114543365436,48
ascending,4625,96.35416666666667,16555.770399305555,1.3353779404998807,48
ansari,4614,96.125,21644.234375,1.530505029906087,48
università,4613,96.10416666666667,12412.71831597222,1.1592877125905163,48
basu,4613,96.10416666666667,15899.676649305557,1.3120546624280383,48
frankfurt,4611,96.0625,21478.766927083332,1.5256355073343855,48
proportionality,4609,96.02083333333333,7823.22873263889,0.9211440333581263,48
bother,4607,95.97916666666667,61939.520399305555,2.593026434913829,48
moser,4606,95.95833333333333,21843.66493055555,1.5402104185369643,48
ignorance,4599,95.8125,72697.31901041667,2.8140837947911823,48
stefan,4597,95.77083333333333,9875.801649305557,1.0376548325461192,48
reacts,4594,95.70833333333333,13660.789930555557,1.2212038168780814,48
pointing,4592,95.66666666666667,70322.51388888889,2.77195740044602,48
equivalently,4591,95.64583333333333,15580.68706597222,1.30505028878402,48
chuang,4590,95.625,19275.942708333332,1.4518988633596863,48
aws,4589,95.60416666666667,37393.114149305555,2.022641889340328,48
aerospace,4587,95.5625,21952.162760416668,1.550426398256395,48
shy,4582,95.45833333333333,66706.99826388889,2.7056514682551995,48
secondarily,4567,95.14583333333333,9961.16623263889,1.0489754389867612,48
markus,4559,94.97916666666667,71789.60373263889,2.82099569387609,48
sapienza,4554,94.875,19684.609375,1.4788073879546293,48
libraries,4553,94.85416666666667,38983.624565972226,2.081539684022699,48
interactions,4552,94.83333333333333,16483.513888888887,1.353829219493681,48
forge,4551,94.8125,21839.65234375,1.5586810745060935,48
characteristically,4548,94.75,14333.895833333334,1.2635804659102594,48
floating,4546,94.70833333333333,25397.206597222223,1.6826925886161113,48
communities,4545,94.6875,40407.548177083336,2.1229442992765124,48
krishnan,4526,94.29166666666667,15519.164930555553,1.321176566498624,48
indifferent,4526,94.29166666666667,44590.789930555555,2.2394907385472917,48
falsely,4524,94.25,17332.395833333332,1.396844108868916,48
blurred,4519,94.14583333333333,14894.166232638889,1.296304397705946,48
grouped,4519,94.14583333333333,9674.374565972223,1.044745105235448,48
implementing,4510,93.95833333333333,27472.03993055555,1.7640469920772193,48
villa,4507,93.89583333333333,10583.50998263889,1.0956416699703404,48
disappointment,4499,93.72916666666667,95078.36414930555,3.289774232997597,48
precedence,4499,93.72916666666667,37269.90581597222,2.059702005400591,48
searching,4495,93.64583333333333,10173.312065972224,1.0770670118847707,48
underlies,4494,93.625,18170.526041666668,1.439766019897246,48
subsidiary,4489,93.52083333333333,28965.24956597222,1.81982769209507,48
converse,4487,93.47916666666667,21855.62456597222,1.581491196558304,48
soares,4475,93.22916666666667,13704.926649305555,1.255701911793975,48
corollary,4472,93.16666666666667,20223.43055555556,1.5263947250813241,48
maxim,4467,93.0625,57491.725260416664,2.5764870008874046,48
nodes,4466,93.04166666666667,11165.873263888889,1.1357137027633672,48
comfortably,4463,92.97916666666667,33910.2287326389,1.9805221785358067,48
backup,4462,92.95833333333333,17078.289930555555,1.4058334173032851,48
plots,4449,92.6875,14240.673177083334,1.2874906724905035,48
prefix,4435,92.39583333333333,19266.572482638887,1.5022763958164844,48
expend,4435,92.39583333333333,27481.155815972223,1.7941762788189157,48
paradigms,4431,92.3125,40130.881510416664,2.1700954535654486,48
nominally,4425,92.1875,10875.27734375,1.1312227560796548,48
argues,4423,92.14583333333333,42328.70789930556,2.2327587696980773,48
realise,4419,92.0625,14277.100260416666,1.2978880700231974,48
insofar,4417,92.02083333333333,74423.35373263889,2.9646160566877637,48
derives,4414,91.95833333333333,13741.33159722222,1.2747450038017076,48
faithfully,4413,91.9375,12200.725260416666,1.2014345965762163,48
unbalance,4411,91.89583333333333,17676.05164930556,1.4467610582111736,48
navy,4409,91.85416666666667,40746.95789930555,2.197600442384205,48
erasmus,4409,91.85416666666667,15855.082899305557,1.37083567184171,48
delegate,4408,91.83333333333333,29772.63888888889,1.8789201178214365,48
arthur,4403,91.72916666666667,14673.28081597222,1.3205540043368538,48
misinterpret,4399,91.64583333333333,20325.187065972223,1.5556237002373006,48
demography,4395,91.5625,16232.87109375,1.3914898023524656,48
wholly,4386,91.375,15534.817708333334,1.3640355548419565,48
chua,4369,91.02083333333333,22935.47873263889,1.6638458869421469,48
distinguishing,4352,90.66666666666667,10116.055555555555,1.1093228367530654,48
unintentionally,4349,90.60416666666667,23397.280815972223,1.6882413121382567,48
transference,4345,90.52083333333333,62242.87456597222,2.7561082896194753,48
bing,4344,90.5,9651.208333333334,1.085531089327732,48
superimposed,4343,90.47916666666667,10868.957899305555,1.1522464036026547,48
programmatic,4336,90.33333333333333,45919.18055555556,2.372187584104271,48
pessimistic,4331,90.22916666666667,64883.34331597222,2.823057108554257,48
folder,4328,90.16666666666667,12096.513888888889,1.219787277991511,48
coefficients,4326,90.125,10173.692708333334,1.119164768896485,48
allied,4316,89.91666666666667,21165.326388888887,1.617976786546606,48
unsolved,4315,89.89583333333333,9014.884982638889,1.05618630609278,48
jennifer,4305,89.6875,14669.881510416666,1.3504589411673291,48
julia,4304,89.66666666666667,14371.76388888889,1.3369772320478708,48
eriksson,4304,89.66666666666667,18975.68055555556,1.5362703722406499,48
unequivocal,4303,89.64583333333333,9589.353732638889,1.0923569115666112,48
norton,4302,89.625,32047.609375,1.9974165800765722,48
gale,4300,89.58333333333333,14311.743055555557,1.3354236004116846,48
spec,4297,89.52083333333333,11783.707899305555,1.2125980567392325,48
méxico,4291,89.39583333333333,8721.69748263889,1.0446798842384268,48
bonus,4289,89.35416666666667,61984.520399305555,2.7862931916976326,48
chose,4282,89.20833333333333,21076.289930555555,1.6273900506129297,48
infra,4276,89.08333333333333,9429.784722222223,1.090070106355501,48
install,4275,89.0625,8383.975260416666,1.0280875794387383,48
pertains,4272,89.0,37168.208333333336,2.1661863095198517,48
uploaded,4271,88.97916666666667,8862.145399305555,1.0579888762140424,48
araujo,4270,88.95833333333333,14841.789930555557,1.3694825490129339,48
francesco,4270,88.95833333333333,9639.37326388889,1.103666247796614,48
proponent,4270,88.95833333333333,42673.3732638889,2.322158447740681,48
implausible,4267,88.89583333333333,42649.593315972226,2.3231435255945785,48
warner,4252,88.58333333333333,13657.95138888889,1.3192914954396635,48
lost,4250,88.54166666666667,7530.123263888888,0.9800615473929178,48
mcmahon,4250,88.54166666666667,17881.456597222223,1.5102670723278664,48
presidential,4249,88.52083333333333,76483.33289930558,3.1241933864453246,48
jorge,4246,88.45833333333333,8731.248263888889,1.0563295185901875,48
impedes,4242,88.375,16017.401041666666,1.4320777524399368,48
counterparts,4239,88.3125,15185.256510416666,1.3953684111228717,48
ghent,4239,88.3125,17818.298177083332,1.5115096769375576,48
assessments,4238,88.29166666666667,9877.70659722222,1.1256628825745398,48
translucent,4236,88.25,14851.395833333334,1.3809212816827445,48
unnoticed,4234,88.20833333333333,15054.706597222219,1.390998083580945,48
montero,4230,88.125,16910.192708333332,1.4756220915196079,48
attainable,4221,87.9375,13330.55859375,1.3129556587112932,48
rashid,4217,87.85416666666667,12433.99956597222,1.2692379831499012,48
charter,4216,87.83333333333333,43565.972222222226,2.3763715277859325,48
predecessor,4216,87.83333333333333,10738.680555555555,1.1798209318523405,48
reassessment,4215,87.8125,12475.069010416666,1.2719356407239226,48
consulting,4214,87.79166666666667,16713.331597222223,1.4725777052631441,48
wikipedia,4214,87.79166666666667,23421.206597222223,1.74321654266759,48
atlanta,4212,87.75,18098.5625,1.5331156460169004,48
convincingly,4209,87.6875,14171.46484375,1.3575932922181946,48
relatedly,4205,87.60416666666667,67183.73914930555,2.958743540456373,48
instantly,4204,87.58333333333333,9943.326388888889,1.1385297352856787,48
destine,4203,87.5625,10952.829427083334,1.1952121779826352,48
incredibly,4200,87.5,8050.583333333333,1.0254290623464706,48
pinheiro,4200,87.5,15372.25,1.4169700355450898,48
encircle,4199,87.47916666666667,7432.249565972222,0.9854974500599482,48
reintroduce,4196,87.41666666666667,8725.03472222222,1.0685364460433524,48
triangulate,4189,87.27083333333333,37277.36414930555,2.212348168273503,48
claude,4187,87.22916666666667,15767.176649305553,1.4395118460886875,48
widening,4179,87.0625,5786.93359375,0.873761924244927,48
individuality,4166,86.79166666666667,60101.789930555555,2.8246567149875146,48
stagnant,4166,86.79166666666667,13497.748263888885,1.3386055887016648,48
saleh,4163,86.72916666666667,8275.53081597222,1.0488967906793958,48
cleaner,4160,86.66666666666667,20258.18055555556,1.6422834847792565,48
taller,4158,86.625,36337.359375,2.2005611146006823,48
manuel,4156,86.58333333333333,8773.326388888889,1.0818021537025797,48
sunset,4145,86.35416666666667,21799.93706597222,1.7097961011030536,48
installed,4143,86.3125,143013.00651041666,4.381411788932024,48
realistically,4142,86.29166666666667,9530.164930555557,1.1313092840299268,48
contention,4140,86.25,21305.895833333332,1.692352377830469,48
sizable,4138,86.20833333333333,8092.206597222223,1.0434802462843356,48
acknowledges,4138,86.20833333333333,6119.6649305555575,0.9074330085492026,48
creates,4138,86.20833333333333,11101.498263888889,1.2221979437527688,48
innermost,4134,86.125,15402.859375,1.4410247509477145,48
oklahoma,4132,86.08333333333333,11869.368055555557,1.2655949203158308,48
notebook,4131,86.0625,14841.516927083334,1.4155499157883409,48
dividing,4128,86.0,7343.25,0.996427501808433,48
attendant,4124,85.91666666666667,20957.95138888889,1.6849887092841083,48
tennessee,4122,85.875,17648.609375,1.5469935227544975,48
wv,4116,85.75,13766.8125,1.3683039164536772,48
interpreting,4110,85.625,60403.651041666664,2.8703245824884105,48
entangle,4107,85.5625,17452.287760416668,1.5439837212951004,48
localise,4106,85.54166666666667,13177.12326388889,1.3419384495974522,48
reusable,4098,85.375,9652.901041666666,1.1507956465669877,48
nur,4097,85.35416666666667,33296.437065972226,2.1378348637778015,48
designing,4094,85.29166666666667,8203.33159722222,1.061912009944598,48
angel,4094,85.29166666666667,11301.331597222224,1.2464022032162083,48
mistakenly,4093,85.27083333333333,12732.114149305555,1.3232739240633753,48
lesser,4088,85.16666666666667,9990.34722222222,1.1736014613519166,48
equalize,4087,85.14583333333333,12278.791232638885,1.3014108026810631,48
bomb,4086,85.125,16090.984375,1.4901643922488963,48
brian,4084,85.08333333333333,8708.32638888889,1.096788411198529,48
inconsistently,4083,85.0625,9410.225260416666,1.1404122330021282,48
hawwuy,4082,85.04166666666667,7769.289930555556,1.0364751670249466,48
allan,4080,85.0,16527.666666666668,1.512470270995733,48
adjusting,4073,84.85416666666667,12029.666232638889,1.2925686437295991,48
nathan,4069,84.77083333333333,9913.38498263889,1.1745311346434641,48
decentralized,4064,84.66666666666667,17182.680555555555,1.5482211507008494,48
streamlined,4064,84.66666666666667,6990.930555555555,0.9875407652211253,48
fostering,4060,84.58333333333333,29393.11805555555,2.0269266521706264,48
rudimentary,4057,84.52083333333333,12313.749565972224,1.31289921318551,48
everybody,4050,84.375,42904.526041666664,2.454922399424689,48
persuade,4045,84.27083333333333,47014.4474826389,2.5729916672701303,48
burdensome,4040,84.16666666666667,17056.01388888889,1.5516674247024258,48
ashraf,4035,84.0625,46828.350260416664,2.5742583336223532,48
testify,4032,84.0,12456.208333333334,1.3286593424005073,48
dire,4032,84.0,19022.208333333332,1.6419169295989684,48
cairo,4028,83.91666666666667,14676.034722222224,1.4436308052779767,48
brevity,4028,83.91666666666667,23891.53472222223,1.8419328768339844,48
commonwealth,4028,83.91666666666667,10939.03472222222,1.2463536099505446,48
interchangeable,4027,83.89583333333333,17345.843315972223,1.5698469636501886,48
detriment,4023,83.8125,13798.860677083334,1.4015636314898996,48
contrastingly,4021,83.77083333333333,11108.718315972224,1.2581694667463723,48
giovanni,4020,83.75,8285.3125,1.0868500533830092,48
erratic,4020,83.75,9613.0625,1.1707012100594127,48
boxed,4015,83.64583333333333,15989.062065972224,1.5117054609345728,48
ubiquity,4015,83.64583333333333,17257.228732638887,1.5705118421683748,48
baumann,4010,83.54166666666667,16493.248263888887,1.5372693306781224,48
tedious,4008,83.5,7556.375,1.0410468532602484,48
merchant,4007,83.47916666666667,30984.624565972223,2.1086039419332185,48
intervening,4005,83.4375,33541.37109375,2.1949726983852367,48
cache,4003,83.39583333333333,26350.822482638887,1.94649250106348,48
concretely,4003,83.39583333333333,26731.23914930556,1.960492534809877,48
useless,4000,83.33333333333333,22687.05555555555,1.8074667355168668,48
accumulative,4000,83.33333333333333,7379.3472222222235,1.030837523570034,48
symposium,3991,83.14583333333333,6884.79123263889,0.9979410726869993,48
lighter,3988,83.08333333333333,6447.1180555555575,0.9664266537290529,48
discussionthe,3986,83.04166666666667,11393.998263888889,1.2854110159444136,48
predate,3972,82.75,10779.5625,1.2546788147841945,48
prioritized,3969,82.6875,10002.131510416666,1.209501520595335,48
nicolas,3966,82.625,12018.067708333334,1.3268011850074215,48
drown,3963,82.5625,37736.954427083336,2.3528843914855373,48
bump,3954,82.375,14484.776041666666,1.461034478183935,48
juxtapose,3944,82.16666666666667,8655.388888888889,1.1322638035385675,48
powered,3944,82.16666666666667,6210.972222222222,0.9591446850613365,48
whitehead,3944,82.16666666666667,24305.222222222223,1.897379173228575,48
emma,3942,82.125,14437.109375,1.4630687720787023,48
unanticipated,3941,82.10416666666667,8250.84331597222,1.1063281742412971,48
shrestha,3941,82.10416666666667,19842.13498263889,1.7156512158558195,48
franz,3941,82.10416666666667,12756.09331597222,1.3756046851875625,48
scholars,3937,82.02083333333333,20445.89539930555,1.7433271344569365,48
emilia,3937,82.02083333333333,10081.020399305557,1.224131488126013,48
satisfactorily,3933,81.9375,10150.266927083334,1.229577826101742,48
comprehensible,3928,81.83333333333333,30380.18055555556,2.1299280527907705,48
sans,3927,81.8125,17090.860677083332,1.5979467509389154,48
undertaking,3923,81.72916666666667,12010.69748263889,1.340932890893478,48
turin,3919,81.64583333333333,11665.978732638889,1.32289862202522,48
deanship,3910,81.45833333333333,9633.456597222224,1.2049126183046444,48
magnified,3908,81.41666666666667,8264.28472222222,1.1165786459139118,48
accelerates,3908,81.41666666666667,10261.53472222222,1.2442075771350019,48
numbered,3907,81.39583333333333,6645.0724826388905,1.0014924679432973,48
hug,3903,81.3125,24510.96484375,1.9254085216356813,48
enlighten,3898,81.20833333333333,16506.956597222223,1.5820962723578251,48
domination,3894,81.125,16079.526041666666,1.5630825397943555,48
formed,3890,81.04166666666667,11107.039930555557,1.3004414469679477,48
mayor,3889,81.02083333333333,17882.812065972223,1.6505215553625117,48
conceptualisation,3888,81.0,21222.791666666668,1.7985239958741734,48
technologically,3886,80.95833333333333,14939.49826388889,1.5097548978214606,48
brighter,3886,80.95833333333333,6355.37326388889,0.984711415084155,48
terry,3884,80.91666666666667,26759.868055555562,2.021640829030307,48
downside,3880,80.83333333333333,9049.180555555555,1.1768311045400823,48
customary,3880,80.83333333333333,21000.097222222223,1.7927517885778383,48
controlling,3875,80.72916666666667,25680.239149305562,1.985039085422644,48
marín,3871,80.64583333333333,13759.145399305557,1.4545002361411608,48
choke,3871,80.64583333333333,36069.85373263889,2.3549964492699664,48
defer,3870,80.625,12169.359375,1.368245821776323,48
marcos,3867,80.5625,8094.12109375,1.1167395932522066,48
onsite,3862,80.45833333333333,15142.373263888889,1.5294171001944477,48
regressive,3862,80.45833333333333,10261.373263888889,1.259017337723715,48
paradigmatic,3853,80.27083333333333,27365.239149305562,2.0608285025939406,48
mercer,3852,80.25,29272.520833333332,2.131989300369973,48
coalesce,3843,80.0625,5942.93359375,0.9628780613447694,48
waiting,3841,80.02083333333333,19542.187065972223,1.746962221348019,48
unfiltered,3841,80.02083333333333,15219.270399305555,1.5416786098715123,48
roger,3840,80.0,9393.583333333334,1.2115062508436898,48
deduction,3835,79.89583333333333,13340.676649305555,1.4456554507672301,48
funded,3834,79.875,16565.026041666668,1.6113325874479079,48
templates,3834,79.875,8265.151041666666,1.1381893722054426,48
cleanliness,3832,79.83333333333333,19256.138888888887,1.7382023863658262,48
cincinnati,3831,79.8125,14850.194010416666,1.5268456958662016,48
inconvenience,3830,79.79166666666667,13312.206597222224,1.445997319521107,48
held,3826,79.70833333333333,11715.206597222224,1.357910816008168,48
expire,3825,79.6875,13761.58984375,1.4721230161057366,48
cristina,3822,79.625,9720.484375,1.2382105724413166,48
evolves,3821,79.60416666666667,7613.280815972222,1.096099864874851,48
outnumber,3821,79.60416666666667,13206.447482638889,1.4436343395577655,48
hungry,3820,79.58333333333333,32437.826388888894,2.263100012388483,48
collecting,3818,79.54166666666667,7629.248263888888,1.0981108611902473,48
alessandro,3818,79.54166666666667,8690.914930555557,1.1720282039928351,48
interchange,3813,79.4375,6415.37109375,1.0082896833595014,48
increasing,3811,79.39583333333333,6102.3641493055575,0.9839008790295087,48
abide,3810,79.375,23242.401041666668,1.920687707935852,48
affluent,3808,79.33333333333333,29445.388888888887,2.1629821971133527,48
wiki,3806,79.29166666666667,10165.164930555555,1.27153895020929,48
hosseini,3805,79.27083333333333,8849.114149305557,1.1866877929039257,48
foresee,3800,79.16666666666667,7547.888888888888,1.0974137312367314,48
reflected,3796,79.08333333333333,15539.15972222222,1.5762634267854387,48
mou,3795,79.0625,12327.93359375,1.404347547972014,48
typify,3786,78.875,8370.859375,1.159967044573172,48
parallelism,3784,78.83333333333333,12423.26388888889,1.4138650687528453,48
sebastian,3781,78.77083333333333,9396.176649305557,1.2305808332263128,48
tighten,3766,78.45833333333333,4718.789930555556,0.875540507240326,48
heteroscedasticity,3766,78.45833333333333,15696.289930555557,1.5968327375192242,48
taxi,3765,78.4375,20863.49609375,1.841491842199046,48
notoriously,3762,78.375,7581.526041666667,1.1109659838729211,48
needs,3759,78.3125,35079.131510416664,2.391626340531615,48
stabilise,3759,78.3125,7220.631510416667,1.0850668682132314,48
aka,3759,78.3125,8931.006510416666,1.2067550214314502,48
prefers,3752,78.16666666666667,11471.84722222222,1.370235089689887,48
indebted,3749,78.10416666666667,8926.551649305555,1.209672082972891,48
enhancing,3749,78.10416666666667,10124.801649305555,1.2883060874277548,48
achieved,3749,78.10416666666667,6789.801649305555,1.0550045694444097,48
xavier,3748,78.08333333333333,9678.076388888889,1.2599002960748416,48
revive,3742,77.95833333333333,12190.623263888889,1.4162841969792486,48
sultan,3742,77.95833333333333,6336.664930555555,1.0210989410303606,48
reversely,3740,77.91666666666667,10357.40972222222,1.3061564923552085,48
dresden,3736,77.83333333333333,11479.88888888889,1.3765855680163903,48
skeptical,3733,77.77083333333333,29960.67664930556,2.225661207155086,48
olsson,3731,77.72916666666667,11242.655815972224,1.3641133085224069,48
introductionthe,3728,77.66666666666667,11848.430555555553,1.4015085366902038,48
acknowledged,3723,77.5625,5451.62109375,0.9519431931296758,48
maintaining,3721,77.52083333333333,10939.457899305555,1.3492097407830228,48
jason,3719,77.47916666666667,17360.999565972223,1.7006009687201282,48
timeframes,3718,77.45833333333333,6300.248263888888,1.0247329088589079,48
sheer,3717,77.4375,10508.49609375,1.3237895847535102,48
supreme,3714,77.375,15466.317708333334,1.6072846665396878,48
eager,3712,77.33333333333333,40868.51388888889,2.614133078978117,48
stronger,3711,77.3125,15682.423177083334,1.6197831147650041,48
basso,3710,77.29166666666667,11351.95659722222,1.3784870443129933,48
saxena,3705,77.1875,14497.485677083334,1.559909378819662,48
adopts,3702,77.125,8118.567708333333,1.1682735155611361,48
nieto,3698,77.04166666666667,11290.623263888889,1.3792191824864999,48
slovak,3695,76.97916666666667,21168.52039930556,1.890044573535246,48
virtuous,3694,76.95833333333333,51438.99826388888,2.9470709905980663,48
selects,3693,76.9375,9628.725260416666,1.2753997491487314,48
yard,3693,76.9375,22149.516927083332,1.9343900924428319,48
uu,3689,76.85416666666667,10632.291232638889,1.3416709427796067,48
hypothetically,3684,76.75,7520.770833333333,1.1299332628940044,48
collide,3675,76.5625,8893.662760416666,1.2317546845631309,48
glimpse,3673,76.52083333333333,11864.24956597222,1.4234441955297723,48
andreas,3673,76.52083333333333,6026.707899305556,1.014519456552933,48
brasil,3673,76.52083333333333,7112.4995659722235,1.1021264761528748,48
clipping,3671,76.47916666666667,36651.874565972226,2.5032541721613173,48
grossly,3670,76.45833333333333,11448.039930555557,1.3993963631624604,48
countless,3667,76.39583333333333,9433.280815972223,1.2713399928421716,48
slower,3665,76.35416666666667,10095.145399305557,1.3159020018608962,48
plateaued,3659,76.22916666666667,7210.551649305555,1.1139432697759168,48
mall,3658,76.20833333333333,31744.706597222223,2.3379391039455673,48
pointer,3651,76.0625,18614.475260416668,1.7937206314317546,48
reopen,3644,75.91666666666667,18468.076388888887,1.7900851928285724,48
depending,3637,75.77083333333333,5615.50998263889,0.9889914524342547,48
inexperienced,3635,75.72916666666667,15672.364149305555,1.653118854327972,48
directionally,3625,75.52083333333333,5639.624565972223,0.9943936064108961,48
collapsed,3620,75.41666666666667,9313.326388888889,1.279631960000193,48
linger,3618,75.375,13864.317708333334,1.5621470959896087,48
linda,3610,75.20833333333333,11643.623263888889,1.4347561930862482,48
tent,3609,75.1875,9547.569010416666,1.2995732350733638,48
proofreading,3605,75.10416666666667,8817.801649305555,1.2503054695514821,48
padilla,3605,75.10416666666667,13326.801649305557,1.5370887192471776,48
encourages,3602,75.04166666666667,29476.206597222215,2.287880437013542,48
verse,3598,74.95833333333333,14944.373263888889,1.630868451440557,48
saeed,3594,74.875,12073.484375,1.4675046187675933,48
culminating,3589,74.77083333333333,9367.551649305555,1.2944367286028153,48
statically,3589,74.77083333333333,19541.134982638887,1.8695740501642832,48
innovación,3586,74.70833333333333,8740.164930555557,1.2513844849673323,48
principles,3579,74.5625,7742.829427083333,1.1801287345000702,48
intertwined,3578,74.54166666666667,12787.831597222224,1.5170481156233926,48
pitt,3576,74.5,15089.458333333334,1.6488477362718565,48
neal,3575,74.47916666666667,16042.457899305557,1.7005940112788864,48
nationale,3575,74.47916666666667,10786.666232638889,1.3944688316387188,48
durham,3567,74.3125,6612.673177083333,1.094275453697189,48
builder,3562,74.20833333333333,13313.789930555557,1.554884636344505,48
impinge,3562,74.20833333333333,6535.289930555556,1.089380888313563,48
veracity,3558,74.125,56487.317708333336,3.2063488375293896,48
popularize,3557,74.10416666666667,12839.96831597222,1.5291121820001643,48
misunderstand,3550,73.95833333333333,37050.956597222226,2.6026309914704293,48
gandhi,3545,73.85416666666667,7414.416232638888,1.1659058444056878,48
impossibility,3544,73.83333333333333,19027.847222222223,1.8682816662893855,48
unfeasible,3539,73.72916666666667,3743.0724826388887,0.8298026038583799,48
universiti,3532,73.58333333333333,10499.40972222222,1.392524947114152,48
ini,3530,73.54166666666667,17513.706597222223,1.799515396909986,48
deconstruct,3527,73.47916666666667,12365.874565972224,1.5133807174349307,48
tremendously,3525,73.4375,5370.454427083333,0.9979014044066954,48
stated,3525,73.4375,10376.537760416666,1.3871018515966598,48
nevada,3524,73.41666666666667,12398.368055555555,1.5166577893568944,48
shifted,3518,73.29166666666667,5753.414930555555,1.0349235040386182,48
affords,3515,73.22916666666667,23532.343315972223,2.094828606450816,48
oblige,3514,73.20833333333333,20257.331597222223,1.944153711778302,48
dirichlet,3508,73.08333333333333,6891.20138888889,1.1358712928564916,48
jeffrey,3507,73.0625,7336.600260416667,1.1723381553940262,48
mitigating,3505,73.02083333333333,8587.85373263889,1.269099095427953,48
downwards,3503,72.97916666666667,6717.395399305555,1.1230563720305093,48
excels,3502,72.95833333333333,6194.081597222223,1.0787319868217806,48
overarching,3500,72.91666666666667,16945.07638888889,1.7852332151999246,48
morita,3492,72.75,14948.104166666666,1.6805833638701604,48
regrettably,3492,72.75,9099.395833333334,1.3112131050907834,48
susan,3488,72.66666666666667,16553.43055555556,1.7705523281369449,48
dijkstra,3487,72.64583333333333,32256.187065972223,2.4722694628141517,48
dubey,3486,72.625,21384.276041666668,2.013544029250247,48
scipy,3485,72.60416666666667,3900.655815972222,0.8602155132507263,48
traceable,3484,72.58333333333333,7982.243055555556,1.2309079166854788,48
easier,3484,72.58333333333333,10108.451388888887,1.3851774234237815,48
preprint,3482,72.54166666666667,6697.623263888888,1.1281655352710656,48
fascinate,3475,72.39583333333333,9839.90581597222,1.3701934882068576,48
giuseppe,3471,72.3125,9541.173177083334,1.3507889926811174,48
adapts,3467,72.22916666666667,6702.926649305555,1.133495053330601,48
aggressively,3465,72.1875,11314.77734375,1.4735368615951598,48
combining,3463,72.14583333333333,7133.332899305556,1.1706713553706216,48
autónoma,3461,72.10416666666667,5778.801649305556,1.0542862248196776,48
castle,3457,72.02083333333333,11078.020399305555,1.461412905124224,48
fabio,3452,71.91666666666667,74460.32638888889,3.7943109409301385,48
jonathan,3447,71.8125,6777.40234375,1.1463878861112073,48
accidentally,3446,71.79166666666667,8465.83159722222,1.2816244289392262,48
ian,3445,71.77083333333333,9911.676649305555,1.3871568597666188,48
sharpen,3441,71.6875,10025.381510416666,1.3967124969692521,48
osman,3440,71.66666666666667,11899.680555555557,1.5221254460277265,48
workflows,3428,71.41666666666667,4907.95138888889,0.9809583096275397,48
abel,3422,71.29166666666667,8049.164930555555,1.2584519711588245,48
revelation,3414,71.125,10814.317708333334,1.4621006923694377,48
energize,3413,71.10416666666667,27300.30164930555,2.323746089634496,48
overcrowd,3413,71.10416666666667,35402.84331597222,2.6462082592088407,48
vest,3412,71.08333333333333,15322.20138888889,1.7413769758239324,48
farooq,3412,71.08333333333333,46386.86805555556,3.0299100825448266,48
cortes,3410,71.04166666666667,8933.873263888889,1.330475102840189,48
facto,3407,70.97916666666667,10162.812065972224,1.420286800977162,48
hagen,3406,70.95833333333333,13835.08159722222,1.657629458542076,48
unimportant,3405,70.9375,11471.350260416666,1.5098416147713922,48
budapest,3405,70.9375,8323.266927083334,1.2860890259604225,48
leslie,3402,70.875,12436.859375,1.5734838508291944,48
bernal,3400,70.83333333333333,7801.9722222222235,1.246994448948889,48
fonds,3397,70.77083333333333,7582.2599826388905,1.2303963278141528,48
wrongly,3392,70.66666666666667,7652.430555555556,1.2378986586864222,48
johannes,3390,70.625,5318.692708333333,1.0326282186394116,48
merged,3386,70.54166666666667,8863.45659722222,1.3346145179229916,48
vibrant,3386,70.54166666666667,9370.623263888889,1.3722666931875451,48
classifies,3386,70.54166666666667,4267.748263888889,0.9260910365550744,48
conforms,3385,70.52083333333333,6857.91623263889,1.1742988954227178,48
insure,3381,70.4375,17810.37109375,1.8946655162167731,48
generalise,3381,70.4375,7468.74609375,1.2269303636179303,48
hussein,3380,70.41666666666667,6214.451388888888,1.119504734764741,48
proportionate,3378,70.375,7013.859375,1.190036054062564,48
fetch,3372,70.25,11784.854166666666,1.545310579054614,48
preventing,3370,70.20833333333333,6424.164930555556,1.1416150293658816,48
julian,3368,70.16666666666667,8498.430555555555,1.3138280190848541,48
talented,3363,70.0625,42615.975260416664,2.946460245820419,48
crowding,3355,69.89583333333333,12558.426649305555,1.6033056740723264,48
resembles,3354,69.875,7531.901041666667,1.2420254124060977,48
researched,3352,69.83333333333333,12769.013888888889,1.6181393048483608,48
novak,3350,69.79166666666667,9332.164930555555,1.384164265931363,48
codify,3348,69.75,8542.395833333334,1.3250907852885903,48
emily,3343,69.64583333333333,11243.895399305555,1.5225208865244262,48
dynamics,3342,69.625,4222.317708333333,0.933276319014161,48
figueiredo,3342,69.625,9728.984375,1.4166695027792087,48
tally,3339,69.5625,8225.079427083334,1.3037516424900404,48
referred,3339,69.5625,6201.579427083333,1.132077016689619,48
foreseeable,3335,69.47916666666667,4525.874565972223,0.9682704002731173,48
asymmetrically,3329,69.35416666666667,8714.145399305555,1.3459838322628424,48
alberto,3328,69.33333333333333,4590.805555555556,0.9772425516767537,48
figueroa,3328,69.33333333333333,12232.472222222219,1.5951996249890132,48
aspx,3327,69.3125,6549.173177083333,1.1675666292651652,48
syed,3325,69.27083333333333,9038.155815972223,1.3724277787196888,48
triggered,3321,69.1875,8879.069010416666,1.3619340487410154,48
png,3319,69.14583333333333,9869.832899305557,1.4367754046132992,48
lenses,3317,69.10416666666667,11200.676649305557,1.5315031548282563,48
untapped,3316,69.08333333333333,8433.784722222224,1.329345810136853,48
nicholas,3313,69.02083333333333,4908.020399305556,1.0150162169816528,48
akhtar,3312,69.0,13565.5,1.6879858904355802,48
kevin,3311,68.97916666666667,5464.853732638888,1.0716953044187132,48
repel,3311,68.97916666666667,12052.020399305557,1.591519578831035,48
reevaluate,3310,68.95833333333333,6194.581597222223,1.14135102347936,48
sizeable,3309,68.9375,5610.18359375,1.0865081969583736,48
capabilities,3307,68.89583333333333,6022.926649305556,1.1264471732380876,48
overstate,3304,68.83333333333333,8160.26388888889,1.312360953455181,48
bode,3301,68.77083333333333,7751.218315972223,1.280208474127111,48
karim,3294,68.625,7596.901041666667,1.2700940373565297,48
invalidate,3293,68.60416666666667,10447.19748263889,1.4898735454114527,48
header,3293,68.60416666666667,7068.905815972222,1.2255346770204705,48
jeddah,3292,68.58333333333333,10808.284722222223,1.5158624646600798,48
reformulate,3290,68.54166666666667,13729.539930555557,1.709516636907391,48
obtainable,3289,68.52083333333333,3799.6245659722226,0.8995963969458703,48
omar,3288,68.5,6167.0,1.1464269919569559,48
angelo,3284,68.41666666666667,8214.326388888889,1.3247199187785383,48
conflate,3278,68.29166666666667,30169.123263888887,2.5433939440008957,48
complimentary,3276,68.25,4790.4375,1.0141096922813169,48
upside,3271,68.14583333333333,8717.957899305557,1.3701498798114853,48
faithful,3270,68.125,8619.026041666666,1.3627700524530404,48
evacuate,3266,68.04166666666667,9925.914930555555,1.464233474952089,48
krishna,3264,68.0,6949.583333333333,1.2259435435971995,48
consumed,3260,67.91666666666667,14812.618055555557,1.7920063722108628,48
alma,3255,67.8125,63959.694010416664,3.7294383566546183,48
concerning,3254,67.79166666666667,5733.039930555555,1.1169048378904047,48
oliva,3251,67.72916666666667,14369.572482638889,1.7698896580824914,48
doubtful,3244,67.58333333333333,6717.95138888889,1.2127710470071333,48
untested,3244,67.58333333333333,8244.82638888889,1.3435416971353797,48
utilised,3241,67.52083333333333,2767.6245659722226,0.779140526985009,48
surmise,3239,67.47916666666667,6762.374565972222,1.218652547360752,48
isaac,3236,67.41666666666667,5048.07638888889,1.0538909703055743,48
informs,3233,67.35416666666667,9468.270399305557,1.4446773333903569,48
generating,3233,67.35416666666667,2972.4787326388887,0.8094591018260306,48
networked,3232,67.33333333333333,7713.722222222223,1.3043732478282568,48
quad,3230,67.29166666666667,7229.831597222223,1.2635801819468822,48
differing,3226,67.20833333333333,6271.956597222223,1.1783610981426538,48
obviate,3224,67.16666666666667,5315.805555555555,1.085502299007436,48
mur,3219,67.0625,14091.641927083334,1.7701132796651549,48
materialize,3215,66.97916666666667,8861.645399305557,1.405456615051187,48
linux,3214,66.95833333333333,8501.664930555557,1.3770425411501062,48
unification,3208,66.83333333333333,13203.51388888889,1.7192999124944148,48
unaddressed,3208,66.83333333333333,8926.38888888889,1.413659381027439,48
presumption,3208,66.83333333333333,8641.305555555555,1.39090208699896,48
bacon,3206,66.79166666666667,12519.87326388889,1.6752425130269333,48
reorient,3204,66.75,10498.479166666666,1.5350125315963807,48
ramsey,3201,66.6875,9379.83984375,1.4522897585909595,48
frequencies,3193,66.52083333333333,6871.4578993055575,1.2461397908341296,48
diminution,3193,66.52083333333333,5984.999565972223,1.1629857154157694,48
append,3193,66.52083333333333,4635.832899305556,1.0235432662064674,48
unfortunate,3191,66.47916666666667,12056.082899305555,1.6516481908144929,48
chris,3184,66.33333333333333,6002.76388888889,1.1680025984336375,48
knowing,3184,66.33333333333333,25169.22222222222,2.391680022487627,48
contractor,3184,66.33333333333333,19394.55555555555,2.099462366590932,48
commonplace,3179,66.22916666666667,8052.301649305556,1.354910871061802,48
partake,3175,66.14583333333333,16133.832899305555,1.9202876331969616,48
enabling,3175,66.14583333333333,10102.957899305557,1.5195737383255519,48
admittedly,3173,66.10416666666667,11634.426649305555,1.6317125664568073,48
plotted,3173,66.10416666666667,3930.3849826388882,0.9483938108830533,48
customizable,3172,66.08333333333333,4245.243055555556,0.9859600969315213,48
roberto,3166,65.95833333333333,4043.0815972222226,0.9640211896563619,48
mustafa,3163,65.89583333333333,6990.3433159722235,1.268794531948759,48
vividly,3161,65.85416666666667,20634.83289930556,2.1813091428605524,48
monolithic,3160,65.83333333333333,8780.097222222224,1.4233241466166213,48
notorious,3156,65.75,10435.020833333334,1.5536418209657306,48
amalgamate,3155,65.72916666666667,3840.697482638889,0.9428593760654082,48
felix,3153,65.6875,9636.048177083334,1.4943996183006676,48
illustrates,3152,65.66666666666667,4769.305555555556,1.0516775476114664,48
blurring,3151,65.64583333333333,7075.22873263889,1.2813361427313825,48
benchmarked,3150,65.625,3698.1927083333335,0.9266707450276491,48
recovers,3147,65.5625,3444.74609375,0.895206243843575,48
complicates,3146,65.54166666666667,4747.456597222223,1.0512669727655515,48
leibniz,3146,65.54166666666667,9741.914930555553,1.505929654813827,48
occurring,3143,65.47916666666667,3907.832899305555,0.9546954412245983,48
distinctively,3139,65.39583333333333,7235.614149305556,1.3007313910139169,48
jacques,3136,65.33333333333333,8327.555555555557,1.3967669577256208,48
purdue,3134,65.29166666666667,5528.164930555555,1.1387614087869942,48
physicist,3131,65.22916666666667,27969.67664930556,2.563904783204916,48
behaves,3125,65.10416666666667,4153.759982638888,0.989946933527247,48
avoidable,3124,65.08333333333333,23036.61805555556,2.3320592115990717,48
indefinite,3121,65.02083333333333,24043.187065972223,2.3847534537282122,48
bergman,3120,65.0,12747.208333333334,1.736977469566902,48
totality,3120,65.0,8750.166666666666,1.4391127005525033,48
haddad,3119,64.97916666666667,8054.937065972222,1.3812011726907456,48
movable,3119,64.97916666666667,16387.02039930556,1.9700436995099784,48
convolute,3117,64.9375,5784.350260416667,1.1712017876136445,48
imperfection,3115,64.89583333333333,7924.88498263889,1.3717648498689579,48
dealt,3113,64.85416666666667,12500.16623263889,1.7239315225823966,48
correia,3113,64.85416666666667,8176.999565972222,1.3943092355794278,48
inputting,3111,64.8125,3312.8606770833335,0.8880610290158591,48
dist,3110,64.79166666666667,4682.581597222223,1.056144946507834,48
changeable,3100,64.58333333333333,14684.201388888889,1.876310502826675,48
inputted,3097,64.52083333333333,3536.916232638889,0.9217484566983682,48
morse,3097,64.52083333333333,8223.082899305557,1.4054563637358164,48
dominates,3096,64.5,5689.0,1.1693869750780201,48
newer,3091,64.39583333333333,5182.94748263889,1.1179712530151857,48
statistics,3087,64.3125,4253.756510416667,1.0141236743729298,48
permanence,3085,64.27083333333333,12005.364149305555,1.704801182163483,48
dependant,3082,64.20833333333333,5668.581597222223,1.1725889689149467,48
oy,3080,64.16666666666667,10288.430555555555,1.5807568998599102,48
practicability,3078,64.125,4721.692708333333,1.0715723073084773,48
expands,3076,64.08333333333333,4832.20138888889,1.0847444060033107,48
mould,3076,64.08333333333333,9984.82638888889,1.5592837941656141,48
discretionary,3073,64.02083333333333,35020.270399305555,2.9230646755819043,48
indiscriminate,3067,63.895833333333336,6201.843315972222,1.2325026348359256,48
happens,3060,63.75,9642.645833333334,1.540344700625429,48
credence,3054,63.625,11466.942708333334,1.6830461549270386,48
halfway,3050,63.541666666666664,6531.539930555556,1.2718889409446432,48
sharon,3049,63.520833333333336,9091.832899305557,1.50109969107658,48
fluctuates,3039,63.3125,5030.298177083333,1.120230523328621,48
nord,3038,63.291666666666664,5192.581597222223,1.1385317147973721,48
commensurate,3034,63.208333333333336,6782.539930555556,1.3029322702051611,48
competes,3032,63.166666666666664,11548.63888888889,1.7012864430469004,48
shortfall,3026,63.041666666666664,8215.248263888889,1.437747628226663,48
luke,3024,63.0,9888.666666666666,1.5784408771273994,48
distinguished,3023,62.979166666666664,5049.562065972223,1.1283139237772408,48
proposes,3021,62.9375,21169.600260416668,2.3117818025945542,48
unparalleled,3021,62.9375,2950.43359375,0.8630449869052403,48
subscription,3019,62.895833333333336,10879.051649305555,1.6583402573390333,48
leong,3019,62.895833333333336,12396.96831597222,1.7702551641415571,48
referenced,3018,62.875,4511.026041666667,1.0682174521967094,48
plaza,3015,62.8125,11172.194010416666,1.6827637787189877,48
ubuntu,3015,62.8125,13343.02734375,1.8389973732521334,48
expandable,3012,62.75,38046.854166666664,3.1084626020022066,48
enlist,3007,62.645833333333336,7460.72873263889,1.3787909814950459,48
synthetically,3004,62.583333333333336,4875.70138888889,1.115731922050934,48
indefinitely,3002,62.541666666666664,3697.164930555556,0.9722209200780496,48
andrews,2993,62.354166666666664,8387.520399305555,1.46876161908829,48
plentiful,2987,62.229166666666664,4782.593315972222,1.1113164451688635,48
hyy,2978,62.041666666666664,3987.0815972222226,1.017757018182601,48
doctorate,2974,61.958333333333336,24105.91493055555,2.505890461370062,48
screenshot,2974,61.958333333333336,8759.039930555555,1.5105271175264656,48
crowded,2973,61.9375,12187.225260416666,1.7823736265881422,48
unchecked,2973,61.9375,9575.475260416666,1.5798887167072737,48
karen,2967,61.8125,5032.235677083333,1.1476360374642416,48
jay,2965,61.770833333333336,5174.926649305556,1.1645781535295534,48
saini,2965,61.770833333333336,12732.509982638889,1.8267265979848202,48
manpower,2963,61.729166666666664,13975.07248263889,1.9150786755672362,48
curse,2960,61.666666666666664,10392.97222222222,1.65317720973242,48
esteban,2956,61.583333333333336,6118.534722222223,1.2701661135943112,48
improving,2951,61.479166666666664,5655.124565972222,1.223187729257598,48
upsurge,2946,61.375,5519.234375,1.2104529502615857,48
persisting,2946,61.375,6474.067708333333,1.3109831610602,48
unfit,2945,61.354166666666664,14791.103732638892,1.9822399729894917,48
loom,2941,61.270833333333336,17171.405815972223,2.1386964026270374,48
failing,2936,61.166666666666664,9924.97222222222,1.628732776235779,48
residing,2936,61.166666666666664,8707.013888888889,1.5255266705234787,48
leite,2932,61.083333333333336,6887.493055555556,1.3586508298759197,48
holy,2928,61.0,9232.875,1.5752106627648723,48
suitably,2925,60.9375,3203.7252604166665,0.9288444698067113,48
ante,2917,60.770833333333336,7752.009982638888,1.4488117847509112,48
bernardo,2916,60.75,12939.229166666666,1.87244004277158,48
dare,2913,60.6875,22514.58984375,2.472479916477367,48
indexing,2904,60.5,4859.708333333333,1.1522579886147768,48
mathew,2902,60.458333333333336,4450.623263888889,1.1034540325417925,48
observing,2901,60.4375,47294.662760416664,3.5983182798143716,48
comprised,2898,60.375,5560.317708333333,1.235073091496438,48
rarer,2898,60.375,5580.651041666667,1.2373292787509023,48
highlighted,2898,60.375,3021.484375,0.9104435690494829,48
interlink,2896,60.333333333333336,3261.347222222222,0.9465448551363103,48
recognized,2895,60.3125,4220.881510416667,1.0771948035087924,48
decades,2894,60.291666666666664,2905.873263888889,0.8940896040101655,48
constrains,2890,60.208333333333336,4991.581597222223,1.1734443063442395,48
sharpness,2886,60.125,5184.276041666667,1.1975370799251612,48
immensely,2885,60.104166666666664,4373.926649305556,1.1003508105701423,48
incredible,2883,60.0625,5071.391927083333,1.1856600380254614,48
ruth,2881,60.020833333333336,6693.270399305556,1.3630668764294636,48
disappears,2865,59.6875,3962.21484375,1.0545947898476586,48
universitat,2855,59.479166666666664,6068.374565972222,1.3096984529633704,48
compliment,2854,59.458333333333336,17947.70659722222,2.2531585293879237,48
periodical,2847,59.3125,2708.96484375,0.8775168301595163,48
rodrigo,2844,59.25,5158.9375,1.2122488437463275,48
troublesome,2834,59.041666666666664,5473.539930555556,1.253070589276878,48
richer,2825,58.854166666666664,6446.082899305556,1.3641770168692249,48
yee,2821,58.770833333333336,8903.59331597222,1.6055388120849299,48
covering,2820,58.75,4451.270833333333,1.1356228925824081,48
infeasible,2817,58.6875,2369.5065104166665,0.8294368831588225,48
fred,2817,58.6875,4864.548177083333,1.1884355782734612,48
misclassifications,2816,58.666666666666664,5815.13888888889,1.2998362152467298,48
detecting,2810,58.541666666666664,2810.123263888889,0.9055190736510115,48
concepts,2809,58.520833333333336,20320.37456597222,2.4358769885155196,48
neatly,2805,58.4375,6295.912760416667,1.357805997267855,48
specifies,2799,58.3125,8781.548177083334,1.6070296255775403,48
differentiating,2797,58.270833333333336,5505.114149305555,1.2733035071364047,48
keith,2792,58.166666666666664,6149.430555555555,1.3481657016201558,48
necessitating,2787,58.0625,4780.68359375,1.190828634939142,48
endeavour,2786,58.041666666666664,4470.748263888889,1.1519940436168854,48
unleash,2775,57.8125,15866.360677083334,2.1787977152108757,48
flattened,2773,57.770833333333336,3118.6349826388887,0.9666597615212303,48
lzhu,2770,57.708333333333336,3326.414930555556,0.9994237806029188,48
categorized,2768,57.666666666666664,5438.180555555555,1.2787980428883097,48
rotated,2768,57.666666666666664,12018.26388888889,1.901060855581609,48
rebecca,2767,57.645833333333336,4378.770399305556,1.1479108610618443,48
intervals,2766,57.625,2989.484375,0.9488273735236881,48
saad,2760,57.5,5004.541666666667,1.2303093089094148,48
vis,2752,57.333333333333336,10252.555555555555,1.7660739045226286,48
locale,2750,57.291666666666664,3751.7065972222226,1.0691114407428597,48
nancy,2744,57.166666666666664,3980.513888888889,1.1036381439208145,48
upscaling,2742,57.125,8355.192708333334,1.6001180434536102,48
habib,2741,57.104166666666664,3607.4683159722226,1.0518007218780243,48
normalised,2737,57.020833333333336,3737.6037326388887,1.0721685586129976,48
chavez,2736,57.0,6035.791666666667,1.362988730123859,48
vantage,2734,56.958333333333336,9592.123263888889,1.7194917746106573,48
takeaway,2731,56.895833333333336,9718.759982638889,1.7327063445635869,48
correspondent,2728,56.833333333333336,3375.722222222222,1.0223043828704979,48
recurrently,2724,56.75,7379.770833333333,1.5137549350034707,48
aiming,2723,56.729166666666664,4603.405815972222,1.1960056383807598,48
oversimplify,2722,56.708333333333336,5588.456597222223,1.3182538782224607,48
productively,2720,56.666666666666664,15972.97222222222,2.2303098454969024,48
translates,2718,56.625,4257.942708333333,1.152369331722329,48
synchronicity,2713,56.520833333333336,11116.74956597222,1.8654360041842128,48
badly,2713,56.520833333333336,12513.166232638889,1.9791333206456456,48
redirection,2712,56.5,5878.916666666667,1.357063607843189,48
reappear,2711,56.479166666666664,5557.041232638888,1.3198772079729386,48
exhaustively,2710,56.458333333333336,4176.12326388889,1.1446128072438104,48
fading,2684,55.916666666666664,6809.034722222223,1.475711631209194,48
hein,2681,55.854166666666664,8359.416232638889,1.6369386329462277,48
ostensibly,2680,55.833333333333336,13642.34722222222,2.0919485193732013,48
boundaries,2674,55.708333333333336,3474.5399305555547,1.058104321175656,48
strengthens,2672,55.666666666666664,10906.847222222224,1.8760931530768503,48
abbasi,2667,55.5625,7170.662760416667,1.5240452813409775,48
superficially,2666,55.541666666666664,6171.956597222223,1.4144660368987778,48
dial,2654,55.291666666666664,3098.2065972222226,1.0066894239510569,48
skillful,2648,55.166666666666664,16081.805555555557,2.2987442715817124,48
reinterpret,2647,55.145833333333336,17837.33289930556,2.4218779595815145,48
blown,2643,55.0625,5882.725260416667,1.3929430387435568,48
incumbent,2642,55.041666666666664,21801.74826388889,2.6825886604490377,48
kerala,2635,54.895833333333336,11497.551649305555,1.953274599092355,48
refocus,2633,54.854166666666664,17123.082899305555,2.3855106396556667,48
flatter,2632,54.833333333333336,3688.4722222222226,1.1075889415982718,48
specialised,2632,54.833333333333336,3098.972222222222,1.0152294190806521,48
normalisation,2627,54.729166666666664,3024.614149305555,1.0048845159567694,48
enquiry,2622,54.625,10913.984375,1.912494583644257,48
enduring,2614,54.458333333333336,15849.664930555555,2.3117757132182897,48
strengthened,2608,54.333333333333336,4928.88888888889,1.2921358151559037,48
fatima,2607,54.3125,4682.756510416667,1.2599432795384107,48
numbering,2607,54.3125,7141.048177083333,1.5558982335436533,48
deceive,2603,54.229166666666664,32322.509982638887,3.315275379411787,48
pertaining,2600,54.166666666666664,5143.263888888889,1.323997890557679,48
plank,2600,54.166666666666664,8789.59722222222,1.7308218795411112,48
uidb,2591,53.979166666666664,4313.353732638889,1.2166939881812164,48
fraught,2588,53.916666666666664,3955.7847222222226,1.16652295626609,48
executor,2587,53.895833333333336,8344.09331597222,1.6948621648134274,48
tomorrow,2586,53.875,18908.651041666668,2.5523662326388585,48
scroll,2583,53.8125,11653.819010416666,2.006092552829415,48
termed,2574,53.625,4406.276041666667,1.237851494520289,48
appreciated,2568,53.5,3429.625,1.094635518965836,48
schröder,2567,53.479166666666664,5657.541232638888,1.4064659826594463,48
predictably,2566,53.458333333333336,3564.3315972222226,1.1167954492851009,48
complies,2556,53.25,2946.4375,1.0193633254099626,48
sent,2551,53.145833333333336,3959.291232638889,1.183966741422327,48
methodical,2549,53.104166666666664,5653.301649305555,1.4158670712369592,48
digitized,2549,53.104166666666664,3767.718315972222,1.1558743198986379,48
alia,2540,52.916666666666664,4621.909722222223,1.284748886420768,48
michelle,2539,52.895833333333336,3808.218315972222,1.166646964105044,48
impacting,2536,52.833333333333336,3273.0138888888887,1.082844044409044,48
alexandra,2533,52.770833333333336,3109.8849826388887,1.0567644893560297,48
lobo,2533,52.770833333333336,5134.509982638889,1.3578617316798187,48
javier,2531,52.729166666666664,4439.239149305556,1.2635818035372337,48
adopted,2526,52.625,4296.526041666667,1.2455656286339647,48
encountered,2526,52.625,4480.484375,1.2719509813356327,48
suited,2526,52.625,3111.1510416666665,1.0599086564786901,48
opportunities,2524,52.583333333333336,7731.909722222223,1.672227164626656,48
lieu,2521,52.520833333333336,2615.5412326388882,0.9737538260883901,48
steve,2520,52.5,6443.75,1.5290089864764116,48
underperform,2518,52.458333333333336,4695.789930555557,1.3062907203364582,48
krieger,2518,52.458333333333336,5140.664930555555,1.3667691271337885,48
confines,2517,52.4375,3709.5794270833335,1.1615030618875428,48
budgetary,2509,52.270833333333336,10811.322482638889,1.9892070371416568,48
enormously,2507,52.229166666666664,2883.926649305556,1.0282033358129061,48
rebalancing,2501,52.104166666666664,4256.593315972222,1.2521565366769312,48
worst,2497,52.020833333333336,2931.687065972222,1.0408340719603844,48
discussionthis,2492,51.916666666666664,4508.034722222223,1.293262919427975,48
incorporates,2489,51.854166666666664,2568.957899305555,0.9774506376584842,48
systematize,2487,51.8125,9889.694010416666,1.9193619431415336,48
universities,2481,51.6875,19062.506510416668,2.671188126565532,48
imposes,2479,51.645833333333336,2770.2287326388887,1.0191134312010481,48
operability,2476,51.583333333333336,4171.07638888889,1.2520298087012112,48
capturing,2475,51.5625,2157.8294270833335,0.9008958572315571,48
agreed,2464,51.333333333333336,5673.555555555556,1.4673313274410098,48
supersede,2463,51.3125,2794.9231770833335,1.0302954053928486,48
celebration,2460,51.25,12365.854166666666,2.1697924340409465,48
successor,2452,51.083333333333336,12518.451388888889,2.1902620339185077,48
mankind,2451,51.0625,7338.516927083333,1.677652762365089,48
sustenance,2450,51.041666666666664,3731.873263888889,1.1968468917530939,48
locked,2449,51.020833333333336,3984.8537326388882,1.2372533679725053,48
oftentimes,2445,50.9375,5902.016927083333,1.5082127201737954,48
perceptible,2434,50.708333333333336,11736.664930555555,2.136451393122549,48
juxtaposition,2424,50.5,6305.125,1.5723726184994207,48
endless,2415,50.3125,8098.381510416667,1.7886411516421874,48
hack,2411,50.229166666666664,7391.63498263889,1.7116473147383195,48
unfolds,2410,50.208333333333336,17869.081597222215,2.6624122987688295,48
downloads,2403,50.0625,2760.7669270833335,1.0495480797611425,48
denis,2400,50.0,3642.9583333333335,1.2071384897075121,48
nicole,2396,49.916666666666664,3406.4097222222226,1.16923784941428,48
theirs,2390,49.791666666666664,7998.706597222223,1.7961939106221085,48
salerno,2387,49.729166666666664,2713.155815972222,1.0474328404383366,48
conceived,2383,49.645833333333336,2840.1037326388887,1.0734561199795525,48
vaz,2383,49.645833333333336,5041.85373263889,1.4302511848355968,48
adrian,2380,49.583333333333336,3443.7013888888887,1.1835238747456986,48
cola,2379,49.5625,5736.079427083333,1.5281091405529534,48
kamal,2373,49.4375,3955.9544270833335,1.2722402728578857,48
landis,2372,49.416666666666664,7440.118055555556,1.7454863867572767,48
degrees,2370,49.375,3335.3177083333335,1.16966500361904,48
reconfirm,2370,49.375,3649.4010416666665,1.2234991929146324,48
trajectories,2365,49.270833333333336,2525.989149305555,1.0200602698417673,48
aslam,2356,49.083333333333336,7059.0347222222235,1.7117431962152174,48
unanimous,2350,48.958333333333336,5375.706597222222,1.4975838697076402,48
reevaluation,2341,48.770833333333336,3981.4683159722226,1.2937830457887556,48
recursively,2338,48.708333333333336,3238.998263888889,1.1684283561606397,48
appealing,2337,48.6875,3944.58984375,1.2899814081602856,48
matplotlib,2337,48.6875,1900.21484375,0.8953315284738935,48
unattainable,2333,48.604166666666664,5875.489149305555,1.5770610758804127,48
truong,2327,48.479166666666664,4101.374565972223,1.3210205421254184,48
checker,2326,48.458333333333336,3858.248263888889,1.2818187254977464,48
claire,2325,48.4375,3609.9544270833335,1.2404210847806905,48
deduct,2325,48.4375,2802.24609375,1.0928773276437918,48
outpace,2324,48.416666666666664,2596.868055555556,1.0525192696670507,48
jst,2323,48.395833333333336,3283.572482638889,1.1840371566039039,48
daunt,2319,48.3125,2577.1315104166665,1.0507726960345203,48
alexandre,2318,48.291666666666664,2839.5815972222226,1.1034559027960134,48
flagship,2317,48.270833333333336,2982.1558159722226,1.1313067262662333,48
albuquerque,2313,48.1875,3596.65234375,1.2445571232404282,48
constraints,2313,48.1875,11091.819010416666,2.1855814290781193,48
anytime,2311,48.145833333333336,10136.957899305555,2.0911977997389637,48
disjoint,2307,48.0625,3081.3919270833335,1.1549604510395084,48
arduous,2306,48.041666666666664,3437.8732638888887,1.2204693172563712,48
allowed,2305,48.020833333333336,2183.562065972222,0.9730901536291149,48
relating,2300,47.916666666666664,9460.70138888889,2.0299019876326754,48
justifiable,2294,47.791666666666664,5531.456597222222,1.5562077662391425,48
joão,2290,47.708333333333336,2080.1232638888887,0.9559832668029291,48
breakout,2287,47.645833333333336,6625.0203993055575,1.7083178653398856,48
speaks,2284,47.583333333333336,12711.40972222222,2.3694197083193216,48
nazionale,2277,47.4375,3877.99609375,1.3127495872281747,48
constituting,2274,47.375,2995.1510416666665,1.1552078758536715,48
backend,2270,47.291666666666664,2413.498263888889,1.038816587181235,48
crowley,2268,47.25,4953.770833333333,1.489587924683362,48
lively,2268,47.25,15220.354166666666,2.611022211416982,48
inaccessibility,2262,47.125,3412.7760416666665,1.2396598382708435,48
transpire,2258,47.041666666666664,8094.623263888888,1.9125624294455923,48
archetypal,2257,47.020833333333336,5932.520399305556,1.6380580879424753,48
unaccounted,2257,47.020833333333336,2447.020399305555,1.052030844783241,48
bespoke,2253,46.9375,2106.3919270833335,0.977799107384095,48
headquarters,2252,46.916666666666664,6996.826388888888,1.7828852834660605,48
uy,2241,46.6875,2124.9231770833335,0.9873496978293788,48
midst,2241,46.6875,9224.423177083334,2.057164352222537,48
deployed,2239,46.645833333333336,4033.145399305555,1.3614731575926708,48
verifiable,2235,46.5625,4780.412760416667,1.484897268669813,48
sought,2235,46.5625,3535.3294270833335,1.2769640004286587,48
nutshell,2234,46.541666666666664,5515.331597222222,1.5956729499164701,48
blurry,2230,46.458333333333336,4205.914930555556,1.3959395646637462,48
rigidly,2222,46.291666666666664,4758.539930555556,1.4901639122899244,48
perpetual,2216,46.166666666666664,3573.972222222222,1.294932311656614,48
panorama,2214,46.125,3645.7760416666665,1.3090571711765884,48
carpet,2211,46.0625,3692.93359375,1.31928384350396,48
preserving,2208,46.0,2437.2916666666665,1.0732377005774483,48
harry,2204,45.916666666666664,4117.868055555556,1.3975451926286706,48
demonstrable,2202,45.875,2373.1927083333335,1.0619166381233784,48
undeniably,2195,45.729166666666664,3237.6558159722226,1.244291264132361,48
improperly,2192,45.666666666666664,2089.8055555555557,1.0010450610418298,48
mauro,2189,45.604166666666664,1936.072482638889,0.9648421816422132,48
allot,2184,45.5,4455.416666666667,1.4670089583855364,48
lazy,2180,45.416666666666664,8571.951388888889,2.038565140650163,48
eduardo,2176,45.333333333333336,2238.847222222222,1.0437454027829054,48
backing,2175,45.3125,3671.8815104166665,1.337292180690469,48
princeton,2172,45.25,2153.3541666666665,1.0255082274307448,48
logistically,2170,45.208333333333336,4233.831597222222,1.4392899516754596,48
skłodowska,2165,45.104166666666664,2493.593315972222,1.1071237039026927,48
agglomerative,2164,45.083333333333336,3264.659722222222,1.2673685958062033,48
coincidental,2163,45.0625,2113.30859375,1.0201550352492197,48
hover,2158,44.958333333333336,2084.456597222222,1.0155147256356032,48
removed,2147,44.729166666666664,2192.6141493055557,1.0468640813726389,48
transparently,2140,44.583333333333336,4027.826388888889,1.4235175818648123,48
boon,2139,44.5625,3662.8294270833335,1.3581220493650075,48
featured,2139,44.5625,2234.37109375,1.0607379452172732,48
sits,2138,44.541666666666664,2170.4565972222226,1.0459455807696385,48
mostafa,2137,44.520833333333336,3222.2912326388887,1.2750262030400838,48
reformulation,2136,44.5,14053.25,2.6639641441833937,48
tricky,2126,44.291666666666664,3574.539930555555,1.3498579032418043,48
introducing,2115,44.0625,2054.30859375,1.0286407075094863,48
nullify,2110,43.958333333333336,2842.664930555555,1.2128905656239561,48
relatable,2109,43.9375,7553.641927083333,1.978075457039193,48
transmits,2103,43.8125,2225.3190104166665,1.0767084061110233,48
tum,2101,43.770833333333336,4049.384982638889,1.453816919727947,48
exaggeration,2096,43.666666666666664,8341.347222222223,2.091549074357794,48
christmas,2095,43.645833333333336,9775.728732638889,2.2653315885159997,48
aaron,2085,43.4375,2895.99609375,1.238894040739525,48
programmer,2078,43.291666666666664,3144.748263888889,1.29535449703495,48
troubleshoot,2078,43.291666666666664,2173.9149305555557,1.0770031333665628,48
evince,2074,43.208333333333336,5754.62326388889,1.7556620994672358,48
outlined,2073,43.1875,2598.6106770833335,1.1803547295736154,48
assigns,2069,43.104166666666664,1809.8016493055554,0.9869524660688088,48
reachable,2067,43.0625,3672.3502604166665,1.4072550279326155,48
regroup,2066,43.041666666666664,2604.373263888889,1.185666458833164,48
concluding,2058,42.875,2057.5677083333335,1.057968981071899,48
elude,2054,42.791666666666664,3273.8732638888887,1.3371241408060652,48
unearth,2047,42.645833333333336,2696.770399305555,1.2177142295543215,48
accompanying,2045,42.604166666666664,2312.4058159722226,1.1287037073521826,48
penny,2038,42.458333333333336,4581.998263888889,1.5942797058885536,48
reformation,2038,42.458333333333336,2000.706597222222,1.053485978790089,48
mysterious,2037,42.4375,5040.829427083333,1.6730202950719382,48
directions,2025,42.1875,2391.1940104166665,1.159107235722775,48
wonderful,2020,42.083333333333336,6359.784722222223,1.8950081210499365,48
falsify,2018,42.041666666666664,9316.289930555557,2.2958397624476232,48
alphabetical,2016,42.0,5403.375,1.7501822062579773,48
unnecessarily,2009,41.854166666666664,2789.4162326388887,1.2618797253050087,48
subtlety,2006,41.791666666666664,5748.706597222223,1.8142426843191923,48
relevancy,2006,41.791666666666664,3148.2482638888887,1.3425942873565941,48
oversimplification,2003,41.729166666666664,2586.739149305556,1.2188116761481145,48
underscored,2003,41.729166666666664,2777.9058159722226,1.2630456475073442,48
narayan,2002,41.708333333333336,2500.164930555555,1.198840741938566,48
klaus,1999,41.645833333333336,2141.562065972222,1.1112039486619762,48
foregoing,1990,41.458333333333336,3997.748263888889,1.5250914370344735,48
minimized,1989,41.4375,1489.49609375,0.9313783501385644,48
avoided,1976,41.166666666666664,2691.055555555556,1.2601308065926378,48
sciences,1961,40.854166666666664,2165.666232638889,1.1390935853900046,48
stagnate,1959,40.8125,1724.65234375,1.0175542741628123,48
awad,1958,40.791666666666664,3881.206597222222,1.5272563178480028,48
supposition,1958,40.791666666666664,7685.9149305555575,2.1491975486773143,48
normalizing,1955,40.729166666666664,1469.447482638889,0.9411774435667161,48
dated,1953,40.6875,5042.631510416667,1.7452900419167368,48
concludes,1951,40.645833333333336,2846.4370659722226,1.3126071361888776,48
adheres,1950,40.625,1629.2760416666667,0.9935825640766252,48
ivan,1949,40.604166666666664,1503.7808159722224,0.9550402348218152,48
carnegie,1949,40.604166666666664,6754.614149305556,2.024089308904719,48
amazing,1949,40.604166666666664,2708.739149305555,1.2817785234115062,48
localised,1943,40.479166666666664,2093.666232638889,1.1303740037924945,48
michele,1930,40.208333333333336,1534.7482638888887,0.9743219883602829,48
corroboration,1918,39.958333333333336,3078.4565972222226,1.3885424199993472,48
forego,1914,39.875,3529.859375,1.489971652944102,48
simplifies,1914,39.875,883.1927083333334,0.7452929985000563,48
agents,1910,39.791666666666664,3275.0815972222226,1.4381988345574392,48
christoph,1909,39.770833333333336,2766.8016493055547,1.3225872202272957,48
bucharest,1905,39.6875,2397.6731770833335,1.233790010959016,48
contracting,1900,39.583333333333336,4419.868055555556,1.6795474921517854,48
disastrous,1897,39.520833333333336,2046.499565972222,1.144668508540339,48
emphasized,1895,39.479166666666664,4647.916232638889,1.7268760616167858,48
interfaces,1882,39.208333333333336,1346.2899305555554,0.9358169714650802,48
favoring,1879,39.145833333333336,2234.707899305555,1.2076048243542636,48
succinctly,1875,39.0625,2757.55859375,1.3443190097592164,48
unconnected,1869,38.9375,3252.2252604166665,1.4646108440517327,48
interlinked,1869,38.9375,1341.43359375,0.9406250169989848,48
torch,1867,38.895833333333336,1604.6349826388887,1.0298762605559733,48
detract,1859,38.729166666666664,5654.114149305555,1.9415301256807724,48
changer,1855,38.645833333333336,2493.187065972222,1.2920364208379074,48
visiting,1851,38.5625,6282.787760416667,2.0554693874758314,48
frames,1834,38.208333333333336,1714.4149305555554,1.0836770503601518,48
climax,1831,38.145833333333336,6813.499565972223,2.163904097959059,48
encompassing,1826,38.041666666666664,2099.206597222222,1.2043925361946517,48
popularly,1823,37.979166666666664,1849.9370659722226,1.1324865317155075,48
amit,1819,37.895833333333336,2715.343315972222,1.375057667658297,48
revival,1818,37.875,2113.234375,1.2137274991352414,48
multipurpose,1814,37.791666666666664,2644.3315972222217,1.3606985182867846,48
practicable,1813,37.770833333333336,1341.843315972222,0.9698271477606167,48
allocated,1811,37.729166666666664,2972.405815972222,1.445029916043691,48
manufactured,1805,37.604166666666664,2597.6141493055557,1.3553496618426835,48
forgo,1803,37.5625,5187.954427083333,1.9175362679326808,48
matthias,1803,37.5625,1990.0377604166667,1.1876163534931388,48
impartial,1799,37.479166666666664,4183.082899305556,1.725672227466851,48
explores,1797,37.4375,3027.9544270833335,1.469832437349579,48
coming,1795,37.395833333333336,1924.5724826388887,1.173124001887985,48
infers,1794,37.375,2552.609375,1.3517954447645928,48
amass,1792,37.333333333333336,1622.5138888888887,1.0789403712056318,48
usefully,1789,37.270833333333336,5906.864149305556,2.0620984137689344,48
insights,1785,37.1875,1541.52734375,1.0557926475117798,48
orlando,1785,37.1875,1280.8606770833333,0.9623963414214074,48
avail,1785,37.1875,3219.3190104166665,1.5257557804879658,48
commences,1777,37.020833333333336,1407.187065972222,1.013280597832339,48
bolded,1761,36.6875,2099.46484375,1.2489244986472363,48
proportionately,1755,36.5625,1474.4127604166667,1.0502039731983248,48
negligence,1739,36.229166666666664,5450.759982638888,2.037840479549012,48
understudy,1733,36.104166666666664,2254.176649305555,1.3150329899038582,48
bavarian,1728,36.0,1957.5833333333333,1.2290162598917027,48
misrepresentation,1725,35.9375,4759.141927083333,1.919625304753254,48
indiscriminately,1721,35.854166666666664,1867.2078993055557,1.2051932900255748,48
intersects,1721,35.854166666666664,1375.7078993055557,1.0344832963025985,48
rerun,1719,35.8125,3548.4856770833335,1.6633624340091129,48
forever,1718,35.791666666666664,4035.831597222222,1.7749437567391475,48
contained,1708,35.583333333333336,2306.826388888889,1.3497732794541069,48
kurt,1708,35.583333333333336,2997.701388888889,1.5386773314375821,48
straightforwardly,1702,35.458333333333336,4244.456597222223,1.8373535385411215,48
murillo,1689,35.1875,2500.2356770833335,1.4210261233475598,48
rampant,1683,35.0625,2096.7669270833335,1.3059669916376802,48
compounded,1682,35.041666666666664,2494.206597222222,1.4252185218481048,48
reshaping,1682,35.041666666666664,1744.0399305555557,1.1917727690254998,48
evaluating,1681,35.020833333333336,3655.020399305556,1.7263085699713168,48
testament,1671,34.8125,1761.9440104166667,1.2057599080069972,48
methodically,1668,34.75,1452.3125,1.0966681451793452,48
lukas,1665,34.6875,1928.83984375,1.2661206260930262,48
regarded,1663,34.645833333333336,2012.187065972222,1.2947417866623856,48
redefinition,1662,34.625,3063.1927083333335,1.5984438230645275,48
unequally,1654,34.458333333333336,3506.8315972222226,1.718554018441389,48
prohibitively,1653,34.4375,652.12109375,0.7415364575868415,48
failures,1653,34.4375,2095.1627604166665,1.3291600119199296,48
prowess,1651,34.395833333333336,2094.405815972222,1.3305297258120878,48
vitally,1646,34.291666666666664,1448.4565972222224,1.1098496504193829,48
ruin,1634,34.041666666666664,4793.789930555556,2.0338957301872163,48
controversially,1631,33.979166666666664,2037.853732638889,1.3285373880338025,48
hasn,1628,33.916666666666664,2177.909722222222,1.3759630565817431,48
macedo,1625,33.854166666666664,1691.541232638889,1.2148682057723175,48
culmination,1623,33.8125,1310.8606770833333,1.0707818111854828,48
ordinarily,1622,33.791666666666664,2534.1649305555557,1.4897308992754525,48
errors,1619,33.729166666666664,2168.905815972222,1.3807489934046144,48
diverges,1608,33.5,1501.7083333333333,1.1567725873057808,48
impending,1606,33.458333333333336,1768.3732638888887,1.2568477341122561,48
atop,1602,33.375,1277.8177083333333,1.0710584622134631,48
generalisation,1594,33.208333333333336,1456.956597222222,1.1494133248090301,48
outgoing,1590,33.125,3160.0260416666665,1.697029703244489,48
concisely,1583,32.979166666666664,1139.0203993055557,1.0233544292177854,48
opposed,1582,32.958333333333336,1923.6232638888894,1.3307447716812717,48
hugely,1582,32.958333333333336,1111.9149305555554,1.0117437707746406,48
aptly,1581,32.9375,2285.55859375,1.4514615887699507,48
auspex,1579,32.895833333333336,1211.7183159722222,1.0581809617679778,48
abound,1577,32.854166666666664,2593.9162326388882,1.550199232478041,48
spectacular,1573,32.770833333333336,1044.1766493055554,0.9860512846248829,48
kurz,1569,32.6875,1855.08984375,1.3176521277538218,48
recalibrated,1561,32.520833333333336,1319.1662326388887,1.1168326382887022,48
emmanuel,1553,32.354166666666664,993.5203993055557,0.974222545824389,48
feasibly,1551,32.3125,981.4231770833334,0.9695218352211002,48
pane,1550,32.291666666666664,1290.8315972222224,1.1126135200298324,48
algorithmically,1539,32.0625,1626.05859375,1.257681616944172,48
captivate,1537,32.020833333333336,3146.5620659722226,1.75180403038639,48
roadblock,1529,31.854166666666668,1202.2495659722222,1.088506599441765,48
succinct,1528,31.833333333333332,1394.0555555555557,1.1728917294058934,48
erik,1527,31.8125,1203.02734375,1.0902847802098785,48
choosing,1522,31.708333333333332,4845.37326388889,2.195281432763188,48
spearhead,1518,31.625,1402.734375,1.184287610006216,48
voluminous,1513,31.520833333333332,2621.957899305556,1.6244829830206935,48
michaud,1500,31.25,1841.2708333333333,1.3731210191870682,48
introductionthis,1499,31.229166666666668,2861.843315972222,1.7130203841390264,48
scoop,1496,31.166666666666668,2888.7222222222226,1.724497364666694,48
neighbouring,1489,31.020833333333332,1170.603732638889,1.1029389955355209,48
cautionary,1482,30.875,1603.1927083333333,1.296838508989393,48
nowhere,1481,30.854166666666668,3259.2912326388887,1.8503239194371564,48
adjusts,1478,30.791666666666668,890.3732638888887,0.9690648890355232,48
harold,1472,30.666666666666668,3322.0138888888882,1.879464596417593,48
penalization,1467,30.5625,1610.5377604166667,1.3130963053711975,48
laboratoire,1464,30.5,1454.4583333333333,1.2504052912784818,48
leveraging,1463,30.479166666666668,1118.8328993055557,1.097436815793166,48
finished,1457,30.354166666666668,3055.895399305555,1.8211718464626323,48
centering,1456,30.333333333333332,2191.513888888889,1.5433057564499522,48
corrects,1452,30.25,745.2291666666666,0.9024425062363427,48
generically,1450,30.208333333333332,1526.2482638888887,1.2932599445531023,48
immutable,1449,30.1875,2277.4440104166665,1.580871996166166,48
arising,1444,30.083333333333332,1657.7013888888887,1.3534031869560001,48
hosting,1443,30.0625,1703.3919270833333,1.372878799721779,48
uploads,1442,30.041666666666668,751.5815972222222,0.9125654995994474,48
adeptly,1435,29.895833333333332,1341.759982638889,1.2252557628891008,48
storing,1430,29.791666666666668,935.4982638888888,1.0266601209558466,48
accelerating,1429,29.770833333333332,1023.2183159722223,1.0744671973782527,48
unusable,1422,29.625,906.484375,1.016299711466483,48
latch,1422,29.625,1235.5260416666667,1.1864995908621296,48
overheat,1422,29.625,2573.4010416666665,1.7123611940695849,48
insurmountable,1410,29.375,1861.1510416666667,1.468631823373072,48
imperceptible,1406,29.291666666666668,1347.498263888889,1.2531989543748066,48
technische,1401,29.1875,1357.0690104166667,1.2621299387885527,48
justifies,1394,29.041666666666668,934.6649305555555,1.05270439852859,48
opposing,1393,29.020833333333332,1695.8953993055554,1.4190237098522263,48
dame,1390,28.958333333333332,1620.456597222222,1.3900971045747093,48
assuming,1390,28.958333333333332,862.3315972222223,1.0140598477787577,48
unavoidably,1378,28.708333333333332,782.7065972222223,0.9745217064074874,48
remoteness,1369,28.520833333333332,2529.624565972222,1.7634608574928816,48
workable,1365,28.4375,1070.2877604166667,1.1504264692119521,48
marcel,1349,28.104166666666668,1746.8849826388887,1.4871728331544325,48
shun,1344,28.0,1258.75,1.2671023910433423,48
dubious,1341,27.9375,1610.3502604166667,1.4363908615689214,48
disturbing,1341,27.9375,3349.2252604166665,2.0714985734699227,48
redrawn,1341,27.9375,1225.2252604166667,1.2529116011822596,48
converging,1337,27.854166666666668,1213.791232638889,1.250782591934213,48
pleased,1329,27.6875,3633.21484375,2.1770168795327858,48
discreet,1328,27.666666666666668,822.9305555555555,1.036871067811391,48
describing,1322,27.541666666666668,2842.7065972222226,1.9358682672206278,48
permitted,1319,27.479166666666668,933.3328993055555,1.1117694324642726,48
summarizing,1316,27.416666666666668,1968.4930555555557,1.6182748757287433,48
wildly,1313,27.354166666666668,672.0620659722222,0.9477225245180264,48
maximilian,1309,27.270833333333332,1296.9474826388887,1.3205741326866405,48
nearer,1289,26.854166666666668,1422.1245659722224,1.4042910866669842,48
extensible,1289,26.854166666666668,586.8745659722222,0.902113047609272,48
extending,1277,26.604166666666668,762.4058159722223,1.0378711512378878,48
created,1275,26.5625,918.7044270833334,1.1410875243282717,48
optimizes,1252,26.083333333333332,837.1180555555557,1.1092521089909273,48
gathered,1251,26.0625,813.6419270833334,1.0944617485083301,48
judiciously,1250,26.041666666666668,670.0815972222222,0.9940198790768723,48
searched,1250,26.041666666666668,742.7899305555555,1.0465602323803442,48
anh,1244,25.916666666666668,764.0763888888888,1.0665697124424987,48
luisa,1241,25.854166666666668,1339.8745659722224,1.415798759597458,48
ensured,1238,25.791666666666668,861.4565972222222,1.137986980298376,48
nasser,1230,25.625,972.9010416666666,1.217223869321826,48
returned,1229,25.604166666666668,1047.2808159722224,1.2639239071145831,48
salim,1219,25.395833333333332,1260.6141493055554,1.3980690464846217,48
unaffordable,1217,25.354166666666668,1999.7703993055554,1.7637650272808183,48
uzwr,1213,25.270833333333332,992.9058159722223,1.2469081506816184,48
outputs,1207,25.145833333333332,522.7495659722222,0.9092447617718675,48
ensuring,1205,25.104166666666668,677.2183159722223,1.0366175046596278,48
diametrically,1204,25.083333333333332,969.0763888888888,1.241062795642422,48
facts,1201,25.020833333333332,1512.7287326388887,1.5544571611232731,48
photographs,1199,24.979166666666668,1739.7287326388894,1.669793716118409,48
distill,1186,24.708333333333332,747.748263888889,1.106711072506132,48
recap,1180,24.583333333333332,1334.201388888889,1.4858327419622452,48
merges,1178,24.541666666666668,549.1649305555555,0.9548768066165725,48
cesar,1174,24.458333333333332,735.9565972222223,1.1091728789192647,48
footing,1162,24.208333333333332,1666.331597222222,1.686226165684261,48
plummet,1161,24.1875,805.2356770833334,1.1731958605539012,48
unchanging,1161,24.1875,2197.6940104166665,1.938173404516715,48
tenuous,1142,23.791666666666668,1029.9565972222224,1.3489150349997403,48
retrievable,1077,22.4375,1001.62109375,1.4105135583279753,48
contributed,1045,21.770833333333332,422.09331597222223,0.9436896337081413,48
investigates,1044,21.75,1294.7708333333333,1.65438731912521,48
vaguely,1044,21.75,1438.1041666666667,1.7435560412561304,48
tapestry,1043,21.729166666666668,942.697482638889,1.4130030608682769,48
fool,1020,21.25,1772.5625,1.9812616999971087,48
opportune,1013,21.104166666666668,523.8849826388888,1.0845504695724613,48
manages,1005,20.9375,714.1002604166666,1.2763058837881895,48
interprets,994,20.708333333333332,1790.248263888889,2.0432028400886955,48
remedied,990,20.625,602.234375,1.1898406804323653,48
gustavo,981,20.4375,448.0377604166667,1.0356894177722618,48
vladimir,970,20.208333333333332,396.8732638888889,0.9858150056792949,48
oversimplified,961,20.020833333333332,528.3120659722223,1.1480561105790545,48
gamut,959,19.979166666666668,880.853732638889,1.4855064085455314,48
undo,896,18.666666666666668,1739.4305555555554,2.2342757666704016,48
classifying,894,18.625,346.9010416666667,1.0000150142259798,48
utilising,889,18.520833333333332,274.0412326388889,0.8938145757192458,48
relying,834,17.375,531.9427083333334,1.3274177382169496,48
recommendable,818,17.041666666666668,463.7065972222222,1.2635998656571936,48
adjustments,804,16.75,331.3541666666667,1.0867543986076145,48
unreachable,790,16.458333333333332,542.9982638888889,1.4158373555606796,48
unveiling,784,16.333333333333332,447.47222222222223,1.2951146471211878,48
gained,780,16.25,327.1041666666667,1.1129859264985458,48
solutions,762,15.875,205.77604166666666,0.9036154969760457,48
upkeep,761,15.854166666666666,393.2078993055555,1.2507418959051944,48
cursory,759,15.8125,550.02734375,1.4831722853805775,48
patterns,749,15.604166666666666,257.0724826388889,1.0275127404370086,48
shorthand,749,15.604166666666666,753.9891493055557,1.7597135074150327,48
flawed,734,15.291666666666666,409.6232638888889,1.3235412593876879,48
replacing,711,14.8125,203.98567708333334,0.9642096503568365,48
minuscule,700,14.583333333333334,185.9513888888889,0.9350673881641703,48
maximizes,642,13.375,193.15104166666666,1.0390937596131875,48
ignores,597,12.4375,305.5794270833333,1.4054938914112387,48
